season,week,game_id,team,opp,player,inj,player_id,position,market,label,proj,line,over_price,under_price,p_over,side,pick,price,edge,tier,hits,book,fair,vs_mkt,cov_edge,ypt_man,ypt_zone,opp_man,cov_mark
2026,4,2026_04_ATL_NO,NO,ATL,Tyler Shough,,00-0040743,QB,pass_yds,Pass Yds,305.77919159308425,256.5,-112.0,-112.0,0.7179000632511069,over,O 256.5,-112.0,0.35888226258245237,PLAY,1/3,DK,,thin,,,,,
2026,4,2026_04_ATL_NO,ATL,NO,Michael Penix Jr.,,00-0039917,QB,pass_yds,Pass Yds,244.3816056472739,226.5,-112.0,-112.0,0.5939278937381405,over,O 226.5,-112.0,0.1242206560043373,PLAY,1/1,DK,,thin,,,,,
2026,4,2026_04_ARI_NYG,NYG,ARI,Jameis Winston,,00-0031503,QB,pass_yds,Pass Yds,167.06716719471413,211.5,-111.0,-113.0,0.25711574952561667,under,U 211.5,-113.0,0.40030394115967827,PLAY,2/2,DK,,thin,,,,,
2026,4,2026_04_ARI_NYG,ARI,NYG,Jacoby Brissett,,00-0033119,QB,pass_yds,Pass Yds,218.7391095645242,232.5,-111.0,-113.0,0.4285262492093611,under,U 232.5,-113.0,0.07720273379120424,LEAN,1/3,DK,,,,,,,
2026,4,2026_04_DAL_HOU,DAL,HOU,Dak Prescott,,00-0033077,QB,pass_yds,Pass Yds,282.2091585262775,266.5,-113.0,-111.0,0.5749525616698292,over,O 266.5,-113.0,0.08376013836879315,PLAY,2/3,DK,0.5,,,,,,
2026,4,2026_04_DEN_SF,SF,DEN,Brock Purdy,,00-0037834,QB,pass_yds,Pass Yds,224.8737806319216,234.5,-111.0,-113.0,0.44781783681214427,under,U 234.5,-113.0,0.04083894477002903,,1/3,DK,,,,,,,
2026,4,2026_04_DEN_SF,DEN,SF,Bo Nix,,00-0039732,QB,pass_yds,Pass Yds,235.28547707203705,224.5,-112.0,-112.0,0.551865907653384,over,O 224.5,-112.0,0.04460332520104826,,1/3,DK,0.49849324975891995,,,,,,
2026,4,2026_04_DET_CAR,CAR,DET,Bryce Young,,00-0039150,QB,pass_yds,Pass Yds,201.2771465393653,249.5,-111.0,-113.0,0.2602783048703352,under,U 249.5,-113.0,0.3943426642709611,PLAY,0/3,DK,,thin,,,,,
2026,4,2026_04_DET_CAR,DET,CAR,Jared Goff,,00-0033106,QB,pass_yds,Pass Yds,278.45880882058236,263.5,-112.0,-112.0,0.5702087286527514,over,O 263.5,-112.0,0.07932366494985077,LEAN,2/3,DK,0.5015476681799422,,,,,,
2026,4,2026_04_GB_TB,TB,GB,Jalon Daniels,,00-0041251,QB,pass_yds,Pass Yds,149.00271084619655,169.5,-112.0,-112.0,0.3763440860215054,under,U 169.5,-112.0,0.1804915514592933,PLAY,1/1,DK,,thin,,,,,
2026,4,2026_04_GB_TB,GB,TB,Jordan Love,,00-0036264,QB,pass_yds,Pass Yds,260.9079325608393,241.5,-112.0,-112.0,0.5977229601518026,over,O 241.5,-112.0,0.13140417457305498,PLAY,2/3,DK,,thin,,,,,
2026,4,2026_04_IND_WAS,WAS,IND,Marcus Mariota,,00-0032268,QB,pass_yds,Pass Yds,269.7411399796459,213.5,-111.0,-113.0,0.7590132827324478,over,O 213.5,-111.0,0.44280903294186036,PLAY,0/2,DK,,thin,,,,,
2026,4,2026_04_IND_WAS,IND,WAS,Daniel Jones,,00-0035710,QB,pass_yds,Pass Yds,278.47792697391685,225.5,-111.0,-113.0,0.7394054395951929,over,O 225.5,-111.0,0.4055364662575289,LEAN,1/3,DK,0.50075337512054,capped,,,,,
2026,4,2026_04_JAX_CIN,CIN,JAX,Joe Burrow,,00-0036442,QB,pass_yds,Pass Yds,293.58297128268117,267.5,-112.0,-112.0,0.6246046805819102,over,O 267.5,-112.0,0.18228743110147283,HAMMER,1/3,DK,0.49726551818430414,,,,,,
2026,4,2026_04_JAX_CIN,JAX,CIN,Trevor Lawrence,,00-0036971,QB,pass_yds,Pass Yds,219.69868605797544,260.5,-113.0,-111.0,0.30234029095509174,under,U 260.5,-111.0,0.32618196944572664,LEAN,3/3,DK,0.4989682212133718,capped,,,,,
2026,4,2026_04_KC_LV,LV,KC,Kirk Cousins,,00-0029604,QB,pass_yds,Pass Yds,269.49496604585875,220.5,-111.0,-113.0,0.7296015180265655,over,O 220.5,-111.0,0.3869001829153633,PLAY,2/3,DK,,thin,,,,,
2026,4,2026_04_KC_LV,KC,LV,Patrick Mahomes,,00-0033873,QB,pass_yds,Pass Yds,253.34044091713113,239.5,-112.0,-112.0,0.568943706514864,over,O 239.5,-112.0,0.07692915876027828,LEAN,2/3,DK,0.5,,,,,,
2026,4,2026_04_LAC_SEA,SEA,LAC,Sam Darnold,,00-0034869,QB,pass_yds,Pass Yds,155.21782570885983,232.5,-111.0,-113.0,0.12460468058191021,under,U 232.5,-113.0,0.6500814427969304,LEAN,1/2,DK,0.5,capped,,,,,
2026,4,2026_04_LAC_SEA,LAC,SEA,Justin Herbert,,00-0036355,QB,pass_yds,Pass Yds,180.21072959912527,196.5,-112.0,-112.0,0.4136622390891841,under,U 196.5,-112.0,0.10985361886690148,PLAY,1/3,DK,0.5,,,,,,
2026,4,2026_04_LA_PHI,PHI,LA,Jalen Hurts,,00-0036389,QB,pass_yds,Pass Yds,188.13817974057508,201.5,-113.0,-111.0,0.42599620493358636,under,U 201.5,-111.0,0.0911243311622818,PLAY,1/3,DK,,,,,,,
2026,4,2026_04_LA_PHI,LA,PHI,Matthew Stafford,,00-0026498,QB,pass_yds,Pass Yds,217.745948502925,251.5,-112.0,-112.0,0.3368121442125237,under,U 251.5,-112.0,0.25531986988343713,PLAY,1/3,DK,,thin,,,,,
2026,4,2026_04_MIA_MIN,MIN,MIA,Kyler Murray,,00-0035228,QB,pass_yds,Pass Yds,248.69536817757896,205.5,-111.0,-113.0,0.7141049968374447,over,O 205.5,-111.0,0.35744283182613357,PLAY,0/2,DK,,thin,,,,,
2026,4,2026_04_MIA_MIN,MIA,MIN,Malik Willis,,00-0038128,QB,pass_yds,Pass Yds,173.35501768019083,170.5,-112.0,-112.0,0.512966476913346,over,O 170.5,-112.0,-0.029027740128309443,,3/3,DK,,,,,,,
2026,4,2026_04_NE_BUF,BUF,NE,Josh Allen,,00-0034857,QB,pass_yds,Pass Yds,238.5748195899132,241.5,-113.0,-111.0,0.4778621125869703,under,U 241.5,-111.0,-0.007467619422078631,,1/3,DK,0.49845233182005777,,,,,,
2026,4,2026_04_NE_BUF,NE,BUF,Drake Maye,,00-0039851,QB,pass_yds,Pass Yds,216.94391023401278,231.5,-111.0,-113.0,0.4244149272612271,under,U 231.5,-113.0,0.08495239374653663,PLAY,3/3,DK,0.5,,,,,,
2026,4,2026_04_NYJ_CHI,NYJ,CHI,Geno Smith,,00-0030565,QB,pass_yds,Pass Yds,229.73108679086562,228.5,-111.0,-113.0,0.5015812776723593,over,O 228.5,-111.0,-0.046543697397587236,,2/3,DK,,,,,,,
2026,4,2026_04_TEN_BAL,BAL,TEN,Lamar Jackson,,00-0034796,QB,pass_yds,Pass Yds,183.60166633516346,217.5,-113.0,-111.0,0.32289690069576216,under,U 217.5,-111.0,0.28710589147021803,PLAY,1/3,DK,,thin,,,,,
2026,4,2026_04_TEN_BAL,TEN,BAL,Cam Ward,,00-0040676,QB,pass_yds,Pass Yds,172.5175984059334,183.5,-111.0,-113.0,0.43232131562302345,under,U 183.5,-113.0,0.07004920152474337,LEAN,3/3,DK,,,,,,,
2026,4,2026_04_PIT_CLE,CLE,PIT,Deshaun Watson,,00-0033537,QB,pass_yds,Pass Yds,154.56570298030368,186.5,-112.0,-112.0,0.31878557874762803,under,U 186.5,-112.0,0.2894415830848469,PLAY,1/3,DK,,thin,,,,,
2026,4,2026_04_PIT_CLE,PIT,CLE,Aaron Rodgers,,00-0023459,QB,pass_yds,Pass Yds,212.0288263908945,216.5,-113.0,-111.0,0.4680581910183428,under,U 216.5,-111.0,0.011168663920087196,,1/3,DK,,,,,,,
2026,4,2026_04_ATL_NO,NO,ATL,Alvin Kamara,,00-0033906,RB,rush_yds,Rush Yds,26.336398188125692,38.5,-108.0,-116.0,0.2520897043832824,under,U 38.5,-116.0,0.3926605504587155,LEAN,2/2,DK,0.5070984972106798,capped,,,,,
2026,4,2026_04_ATL_NO,NO,ATL,Kendre Miller,,00-0038551,RB,rush_yds,Rush Yds,19.969094182704126,24.5,-113.0,-111.0,0.33211009174311923,under,U 24.5,-111.0,0.26959252830812486,LEAN,1/2,DK,0.49845233182005777,capped,,,,,
2026,4,2026_04_ATL_NO,NO,ATL,Tyler Shough,,00-0040743,QB,rush_yds,Rush Yds,20.945363113643058,16.5,-112.0,-112.0,0.4885830784913354,under,U 16.5,-112.0,-0.031960827144313475,,1/3,DK,0.5,,,,,,
2026,4,2026_04_ATL_NO,ATL,NO,Brian Robinson,,00-0037746,RB,rush_yds,Rush Yds,39.9916911642035,30.5,-112.0,-112.0,0.5341488277268094,over,O 30.5,-112.0,0.011067423911460539,,3/3,DK,0.5,,,,,,
2026,4,2026_04_ATL_NO,ATL,NO,Bijan Robinson,,00-0038542,RB,rush_yds,Rush Yds,97.35254653665793,86.5,-112.0,-112.0,0.49918450560652394,under,U 86.5,-112.0,-0.05202781418377744,,2/3,DK,0.5,,,,,,
2026,4,2026_04_ATL_NO,ATL,NO,Michael Penix Jr.,,00-0039917,QB,rush_yds,Rush Yds,4.1701003596370185,5.5,-113.0,-111.0,0.36106014271151887,under,U 5.5,-111.0,0.21456135034116697,HAMMER,1/1,DK,0.4989682212133718,,,,,,
2026,4,2026_04_ARI_NYG,NYG,ARI,Jameis Winston,,00-0031503,QB,rush_yds,Rush Yds,12.108374919333025,6.5,-109.0,-116.0,0.544750254841998,over,O 6.5,-109.0,0.044521130843831136,,1/2,DK,,,,,,,
2026,4,2026_04_ARI_NYG,NYG,ARI,Najee Harris,,00-0036893,RB,rush_yds,Rush Yds,30.922815413055943,24.5,-109.0,-116.0,0.5040774719673802,over,O 24.5,-109.0,-0.033466131732270976,,1/2,DK,0.4974509253299683,,,,,,
2026,4,2026_04_ARI_NYG,NYG,ARI,Cam Skattebo,,00-0040715,RB,rush_yds,Rush Yds,68.75912501978927,63.5,-111.0,-112.0,0.46004077471967375,under,U 63.5,-112.0,0.022065676423474567,,2/3,DK,,,,,,,
2026,4,2026_04_ARI_NYG,ARI,NYG,Jacoby Brissett,,00-0033119,QB,rush_yds,Rush Yds,14.621834628293755,7.5,-112.0,-112.0,0.5686034658511723,over,O 7.5,-112.0,0.07628513178971885,LEAN,1/3,DK,0.5033041984624408,,,,,,
2026,4,2026_04_ARI_NYG,ARI,NYG,Tyler Allgeier,,00-0037263,RB,rush_yds,Rush Yds,35.537000515327506,18.5,-117.0,-107.0,0.6855249745158002,over,O 18.5,-117.0,0.27144375615323635,LEAN,1/3,DK,0.5050937344058698,capped,,,,,
2026,4,2026_04_ARI_NYG,ARI,NYG,Jeremiyah Love,,00-0041027,RB,rush_yds,Rush Yds,64.2569682525001,67.5,-111.0,-113.0,0.37686034658511725,under,U 67.5,-113.0,0.17459067413601792,HAMMER,2/3,DK,0.5,,,,,,
2026,4,2026_04_DAL_HOU,DAL,HOU,Dak Prescott,,00-0033077,QB,rush_yds,Rush Yds,19.849510084949276,11.5,-106.0,-118.0,0.5701325178389398,over,O 11.5,-106.0,0.107993383724732,PLAY,3/3,DK,,,,,,,
2026,4,2026_04_DAL_HOU,DAL,HOU,Javonte Williams,,00-0036997,RB,rush_yds,Rush Yds,55.79105923740485,60.5,-110.0,-114.0,0.36248725790010194,under,U 60.5,-114.0,0.19673444569629983,HAMMER,2/3,DK,0.49797742809756884,,,,,,
2026,4,2026_04_DEN_SF,SF,DEN,Christian McCaffrey,,00-0033280,RB,rush_yds,Rush Yds,63.587627919133666,64.5,-113.0,-111.0,0.3967380224260958,under,U 64.5,-111.0,0.14674123664949357,HAMMER,1/3,DK,0.50150675024108,,,,,,
2026,4,2026_04_DEN_SF,SF,DEN,Brock Purdy,,00-0037834,QB,rush_yds,Rush Yds,26.414918378759005,17.5,-107.0,-117.0,0.556065239551478,over,O 17.5,-107.0,0.07575237931921452,LEAN,3/3,DK,0.49493927125506076,,,,,,
2026,4,2026_04_DEN_SF,SF,DEN,Kaelon Black,,00-0041052,RB,rush_yds,Rush Yds,34.77607644933397,22.5,-113.0,-111.0,0.5922528032619776,over,O 22.5,-113.0,0.1163703282725772,PLAY,2/3,DK,,,,,,,
2026,4,2026_04_DEN_SF,DEN,SF,J.K. Dobbins,,00-0036158,RB,rush_yds,Rush Yds,50.06114531570441,59.5,-113.0,-111.0,0.3112130479102956,under,U 59.5,-111.0,0.3093157377561049,LEAN,3/3,DK,0.5,capped,,,,,
2026,4,2026_04_DEN_SF,DEN,SF,Bo Nix,,00-0039732,QB,rush_yds,Rush Yds,11.792989828302439,17.5,-108.0,-116.0,0.2908256880733945,under,U 17.5,-116.0,0.32053147738057586,LEAN,3/3,DK,0.5044055979499209,capped,,,,,
2026,4,2026_04_DEN_SF,DEN,SF,RJ Harvey,,00-0040730,RB,rush_yds,Rush Yds,26.250272083481352,16.5,-115.0,-109.0,0.572579001019368,over,O 16.5,-115.0,0.0704737845144705,LEAN,1/2,DK,0.5061083009789887,,,,,,
2026,4,2026_04_DET_CAR,CAR,DET,AJ Dillon,,00-0036265,RB,rush_yds,Rush Yds,15.036385326180053,13.5,-110.0,-115.0,0.43934760448521915,under,U 13.5,-115.0,0.048176217701546786,,1/3,DK,0.5034830880520407,,,,,,
2026,4,2026_04_DET_CAR,CAR,DET,Chuba Hubbard,,00-0036555,RB,rush_yds,Rush Yds,57.156180669811604,65.5,-113.0,-111.0,0.32670744138634045,under,U 65.5,-111.0,0.27986243123857824,PLAY,2/3,DK,,thin,,,,,
2026,4,2026_04_DET_CAR,CAR,DET,Bryce Young,,00-0039150,QB,rush_yds,Rush Yds,5.390525932133644,11.5,-116.0,-108.0,0.23792048929663612,under,U 11.5,-108.0,0.4677086872805527,LEAN,3/3,DK,0.4898785425101214,capped,,,,,
2026,4,2026_04_DET_CAR,DET,CAR,Jared Goff,,00-0033106,QB,rush_yds,Rush Yds,13.71242984993934,1.5,-109.0,-115.0,0.7439347604485219,over,O 1.5,-109.0,0.42644371498845035,LEAN,3/3,DK,0.49493927125506076,capped,,,,,
2026,4,2026_04_DET_CAR,DET,CAR,Jahmyr Gibbs,,00-0039139,RB,rush_yds,Rush Yds,106.83563981755374,97.5,-113.0,-111.0,0.4829765545361876,under,U 97.5,-111.0,-0.017189666730951125,,1/3,DK,,,,,,,
2026,4,2026_04_DET_CAR,DET,CAR,Sione Vaki,,00-0039364,RB,rush_yds,Rush Yds,24.87289725822015,9.5,-117.0,-107.0,0.7144750254841998,over,O 9.5,-117.0,0.32513744042796033,LEAN,1/3,DK,0.5038203008044023,capped,,,,,
2026,4,2026_04_GB_TB,TB,GB,Kenny Gainwell,,00-0036919,RB,rush_yds,Rush Yds,16.90081378180583,16.5,-109.0,-115.0,0.4137614678899083,under,U 16.5,-115.0,0.09601116872756266,PLAY,3/3,DK,0.5066083969248815,,,,,,
2026,4,2026_04_GB_TB,TB,GB,Bucky Irving,,00-0039361,RB,rush_yds,Rush Yds,62.136036356266324,55.5,-110.0,-114.0,0.47716615698267073,under,U 55.5,-114.0,-0.018539978897294196,,2/3,DK,0.5,,,,,,
2026,4,2026_04_GB_TB,TB,GB,Jalon Daniels,,00-0041251,QB,rush_yds,Rush Yds,11.493863834786387,38.5,-108.0,-116.0,0.06839959225280323,under,U 38.5,-116.0,0.7347042075292629,PLAY,1/1,DK,,thin,,,,,
2026,4,2026_04_GB_TB,GB,TB,Jordan Love,,00-0036264,QB,rush_yds,Rush Yds,2.320814647560143,4.5,-115.0,-109.0,0.3050968399592253,under,U 4.5,-109.0,0.3324289949405681,LEAN,3/3,DK,0.49389169902101127,capped,,,,,
2026,4,2026_04_GB_TB,GB,TB,MarShawn Lloyd,,00-0039811,RB,rush_yds,Rush Yds,25.678147281047906,23.5,-109.0,-115.0,0.4415902140672783,under,U 23.5,-115.0,0.043983512830740645,,2/3,DK,0.5024313939329921,,,,,,
2026,4,2026_04_GB_TB,GB,TB,Kaleb Johnson,,00-0040142,RB,rush_yds,Rush Yds,16.093701507201356,30.5,-112.0,-112.0,0.19378185524974512,under,U 30.5,-112.0,0.5260557739915539,LEAN,2/3,DK,0.5,capped,,,,,
2026,4,2026_04_IND_WAS,WAS,IND,Marcus Mariota,,00-0032268,QB,rush_yds,Rush Yds,11.343537373094218,26.5,-108.0,-117.0,0.15637104994903162,under,U 26.5,-117.0,0.5646793347099157,LEAN,2/2,DK,0.5023420403766647,capped,,,,,
2026,4,2026_04_IND_WAS,WAS,IND,Jacory Croskey-Merritt,,00-0040242,RB,rush_yds,Rush Yds,55.52852004201997,62.5,-114.0,-110.0,0.33781855249745163,under,U 62.5,-110.0,0.2641645815957743,PLAY,2/3,DK,,thin,,,,,
2026,4,2026_04_IND_WAS,IND,WAS,Daniel Jones,,00-0035710,QB,rush_yds,Rush Yds,11.785798825407147,11.5,-116.0,-108.0,0.41223241590214066,under,U 11.5,-108.0,0.1319968286329143,HAMMER,3/3,DK,0.4943908178935401,,,,,,
2026,4,2026_04_IND_WAS,IND,WAS,Jonathan Taylor,,00-0036223,RB,rush_yds,Rush Yds,98.85092385177659,88.5,-113.0,-111.0,0.4945973496432212,under,U 88.5,-111.0,-0.03927964661909611,,1/3,DK,,,,,,,
2026,4,2026_04_IND_WAS,IND,WAS,Seth McGowan,,00-0041125,RB,rush_yds,Rush Yds,10.139026019085518,6.5,-103.0,-122.0,0.5031600407747197,over,O 6.5,-103.0,-0.008335065269241881,,1/3,DK,0.485089651359737,,,,,,
2026,4,2026_04_JAX_CIN,CIN,JAX,Samaje Perine,,00-0033526,RB,rush_yds,Rush Yds,21.94205858912469,13.5,-114.0,-110.0,0.5626911314984709,over,O 13.5,-114.0,0.05627984333923486,LEAN,1/3,DK,0.5007738340899711,,,,,,
2026,4,2026_04_JAX_CIN,CIN,JAX,Joe Burrow,,00-0036442,QB,rush_yds,Rush Yds,13.01767484230679,8.5,-113.0,-111.0,0.5131498470948013,over,O 8.5,-113.0,-0.03273524397174621,,2/3,DK,0.5020296611274249,,,,,,
2026,4,2026_04_JAX_CIN,CIN,JAX,Chase Brown,,00-0038597,RB,rush_yds,Rush Yds,80.937255033525,64.5,-112.0,-112.0,0.5645259938837921,over,O 64.5,-112.0,0.06856705985146361,LEAN,1/3,DK,,,,,,,
2026,4,2026_04_JAX_CIN,JAX,CIN,Trevor Lawrence,,00-0036971,QB,rush_yds,Rush Yds,13.034177053422075,13.5,-119.0,-106.0,0.39561671763506623,under,U 13.5,-106.0,0.1745561902563808,HAMMER,2/3,DK,0.4898785425101214,,,,,,
2026,4,2026_04_JAX_CIN,JAX,CIN,Chris Rodriguez Jr.,,00-0038611,RB,rush_yds,Rush Yds,31.314213962711268,19.5,-117.0,-108.0,0.5946992864424057,over,O 19.5,-117.0,0.10298927485471832,PLAY,2/3,DK,0.5112183642129196,,,,,,
2026,4,2026_04_JAX_CIN,JAX,CIN,Bhayshul Tuten,,00-0040719,RB,rush_yds,Rush Yds,52.81111083820474,53.5,-113.0,-111.0,0.3983690112130479,under,U 53.5,-111.0,0.1436408885950171,HAMMER,0/3,DK,0.4979491386382281,,,,,,
2026,4,2026_04_KC_LV,LV,KC,Kirk Cousins,,00-0029604,QB,rush_yds,Rush Yds,8.122443013401522,0.5,-101.0,-125.0,0.663098878695209,over,O 0.5,-101.0,0.3196324219577922,LEAN,2/3,DK,0.47661266116689255,capped,,,,,
2026,4,2026_04_KC_LV,LV,KC,Ashton Jeanty,,00-0040122,RB,rush_yds,Rush Yds,57.27268844543226,58.5,-111.0,-113.0,0.3930682976554536,under,U 58.5,-113.0,0.14403940353441058,HAMMER,2/3,DK,0.5,,,,,,
2026,4,2026_04_KC_LV,LV,KC,Mike Washington Jr.,,00-0040878,RB,rush_yds,Rush Yds,21.569923107899292,16.5,-106.0,-118.0,0.4990825688073395,over,O 16.5,-106.0,-0.030084819110264838,,2/3,DK,0.49453165033362884,,,,,,
2026,4,2026_04_KC_LV,KC,LV,Patrick Mahomes,,00-0033873,QB,rush_yds,Rush Yds,11.015071301630375,15.5,-115.0,-109.0,0.3104994903160041,under,U 15.5,-109.0,0.3220697846234417,LEAN,1/3,DK,0.49675394113361526,capped,,,,,
2026,4,2026_04_KC_LV,KC,LV,Kenneth Walker III,,00-0038134,RB,rush_yds,Rush Yds,86.40379997007501,85.5,-110.0,-114.0,0.4137614678899083,under,U 85.5,-114.0,0.10048285852245287,PLAY,1/3,DK,,,,,,,
2026,4,2026_04_KC_LV,KC,LV,Emmett Johnson,,00-0041013,RB,rush_yds,Rush Yds,21.66742887934018,16.5,-108.0,-116.0,0.5002038735983689,over,O 16.5,-108.0,-0.03664439158832644,,2/3,DK,,,,,,,
2026,4,2026_04_LAC_SEA,SEA,LAC,Sam Darnold,,00-0034869,QB,rush_yds,Rush Yds,6.602280052387611,4.5,-112.0,-112.0,0.47441386340468905,under,U 4.5,-112.0,-0.005140527158875696,,1/2,DK,0.5040474603306571,,,,,,
2026,4,2026_04_LAC_SEA,SEA,LAC,Emanuel Wilson,,00-0038797,RB,rush_yds,Rush Yds,37.25217690682873,39.5,-109.0,-115.0,0.37951070336391435,under,U 39.5,-115.0,0.1600452067544209,HAMMER,2/3,DK,0.4999846009030833,,,,,,
2026,4,2026_04_LAC_SEA,SEA,LAC,Jadarian Price,,00-0041512,RB,rush_yds,Rush Yds,32.23384968427256,41.5,-110.0,-114.0,0.29194699286442405,under,U 41.5,-114.0,0.3291521362018708,PLAY,1/3,DK,,thin,,,,,
2026,4,2026_04_LAC_SEA,LAC,SEA,Justin Herbert,,00-0036355,QB,rush_yds,Rush Yds,14.555994406626406,21.5,-114.0,-110.0,0.27991845056065234,under,U 21.5,-110.0,0.37470113983875475,LEAN,2/3,DK,0.5010387901361717,capped,,,,,
2026,4,2026_04_LAC_SEA,LAC,SEA,Keaton Mitchell,,00-0038454,RB,rush_yds,Rush Yds,28.820211972975276,16.5,-112.0,-112.0,0.6159021406727829,over,O 16.5,-112.0,0.1658147662734819,PLAY,2/3,DK,,thin,,,,,
2026,4,2026_04_LAC_SEA,LAC,SEA,Omarion Hampton,,00-0040666,RB,rush_yds,Rush Yds,65.56276203415719,46.5,-111.0,-113.0,0.6226299694189603,over,O 46.5,-111.0,0.1835578697964022,PLAY,2/3,DK,,thin,,,,,
2026,4,2026_04_LA_PHI,PHI,LA,Saquon Barkley,,00-0034844,RB,rush_yds,Rush Yds,55.538889823300515,73.5,-114.0,-110.0,0.24984709480122325,under,U 73.5,-110.0,0.4321100917431193,LEAN,1/3,DK,0.5,capped,,,,,
2026,4,2026_04_LA_PHI,PHI,LA,Jalen Hurts,,00-0036389,QB,rush_yds,Rush Yds,23.96430525495555,25.5,-111.0,-113.0,0.3829765545361876,under,U 25.5,-113.0,0.16306189277692074,PLAY,2/3,DK,,thin,,,,,
2026,4,2026_04_LA_PHI,PHI,LA,Tank Bigsby,,00-0038555,RB,rush_yds,Rush Yds,14.026915150769932,10.5,-112.0,-112.0,0.4863404689092763,under,U 10.5,-112.0,-0.027715887578273035,,2/3,DK,0.4964606791843652,,,,,,
2026,4,2026_04_LA_PHI,LA,PHI,Matthew Stafford,,00-0026498,QB,rush_yds,Rush Yds,7.819555819997174,0.5,-122.0,-103.0,0.6551478083588176,over,O 0.5,-122.0,0.19215420865293042,PLAY,1/3,DK,,thin,,,,,
2026,4,2026_04_LA_PHI,LA,PHI,Kyren Williams,,00-0037840,RB,rush_yds,Rush Yds,67.27652629351915,58.5,-114.0,-110.0,0.4973496432212029,under,U 58.5,-110.0,-0.04039477342229636,,1/3,DK,0.5,,,,,,
2026,4,2026_04_LA_PHI,LA,PHI,Blake Corum,,00-0039738,RB,rush_yds,Rush Yds,44.5918347909389,41.5,-110.0,-114.0,0.44464831804281346,under,U 41.5,-114.0,0.04250228016524504,,1/3,DK,0.49845233182005777,,,,,,
2026,4,2026_04_MIA_MIN,MIN,MIA,Aaron Jones,,00-0033293,RB,rush_yds,Rush Yds,74.26012220395357,66.5,-111.0,-113.0,0.48277268093781855,under,U 66.5,-113.0,-0.02504938973234827,,2/3,DK,0.49845233182005777,,,,,,
2026,4,2026_04_MIA_MIN,MIN,MIA,Kyler Murray,,00-0035228,QB,rush_yds,Rush Yds,18.196578168997135,21.5,-112.0,-112.0,0.35107033639143725,under,U 21.5,-112.0,0.22833114897335083,PLAY,2/2,DK,,thin,,,,,
2026,4,2026_04_MIA_MIN,MIA,MIN,Jaylen Wright,,00-0039874,RB,rush_yds,Rush Yds,11.589382701247331,23.5,-110.0,-114.0,0.1972477064220184,under,U 23.5,-114.0,0.5069209721551584,LEAN,2/2,DK,0.5,capped,,,,,
2026,4,2026_04_MIA_MIN,MIA,MIN,Malik Willis,,00-0038128,QB,rush_yds,Rush Yds,25.871069944188196,29.5,-112.0,-111.0,0.355861365953109,under,U 29.5,-111.0,0.22444370976481087,HAMMER,1/3,DK,0.49845233182005777,,,,,,
2026,4,2026_04_MIA_MIN,MIA,MIN,Malik Washington,,00-0039880,WR,rush_yds,Rush Yds,3.32444166816825,5.5,-103.0,-122.0,0.3194699286442406,under,U 5.5,-122.0,0.2383416052539229,LEAN,3/3,DK,0.5194058314570501,capped,,,,,
2026,4,2026_04_MIA_MIN,MIA,MIN,Ollie Gordon II,,00-0040198,RB,rush_yds,Rush Yds,40.8730476475029,30.5,-109.0,-115.0,0.545769622833843,over,O 30.5,-109.0,0.04647569882819447,,1/2,DK,0.49493927125506076,,,,,,
2026,4,2026_04_NE_BUF,BUF,NE,Josh Allen,,00-0034857,QB,rush_yds,Rush Yds,47.96957765928473,31.5,-110.0,-114.0,0.6254841997961265,over,O 31.5,-110.0,0.1941061996107869,HAMMER,1/3,DK,0.5010317787866282,,,,,,
2026,4,2026_04_NE_BUF,BUF,NE,James Cook,,00-0037248,RB,rush_yds,Rush Yds,104.81215350419122,88.5,-111.0,-113.0,0.5429153924566769,over,O 88.5,-111.0,0.03202835863386322,,2/3,DK,0.5,,,,,,
2026,4,2026_04_NE_BUF,NE,BUF,Rhamondre Stevenson,,00-0036875,RB,rush_yds,Rush Yds,45.1031276622607,30.5,-114.0,-111.0,0.6021406727828746,over,O 30.5,-114.0,0.1303342453994314,HAMMER,2/3,DK,0.5045235223160434,,,,,,
2026,4,2026_04_NE_BUF,NE,BUF,Drake Maye,,00-0039851,QB,rush_yds,Rush Yds,22.583757120275756,27.5,-111.0,-113.0,0.33109072375127424,under,U 27.5,-113.0,0.26086438797326195,LEAN,2/3,DK,0.5050937344058697,capped,,,,,
2026,4,2026_04_NE_BUF,NE,BUF,TreVeyon Henderson,,00-0040734,RB,rush_yds,Rush Yds,45.746441474136034,41.5,-110.0,-114.0,0.4595310907237513,under,U 41.5,-114.0,0.014564443729098375,,1/2,DK,,,,,,,
2026,4,2026_04_NYJ_CHI,CHI,NYJ,Tyson Bagent,,00-0038416,QB,rush_yds,Rush Yds,3.3435473575312504,14.5,-107.0,-117.0,0.10652395514780832,under,U 14.5,-117.0,0.6571307840420992,LEAN,1/1,DK,0.5090543389685813,capped,,,,,
2026,4,2026_04_NYJ_CHI,NYJ,CHI,Geno Smith,,00-0030565,QB,rush_yds,Rush Yds,9.358777297478534,12.5,-109.0,-115.0,0.3316004077471968,under,U 12.5,-115.0,0.2496166289943711,PLAY,2/3,DK,,thin,,,,,
2026,4,2026_04_NYJ_CHI,NYJ,CHI,Braelon Allen,,00-0039794,RB,rush_yds,Rush Yds,25.89128050628857,54.5,-112.0,-112.0,0.12069317023445458,under,U 54.5,-112.0,0.6644022134847822,PLAY,3/3,DK,,thin,,,,,
2026,4,2026_04_NYJ_CHI,NYJ,CHI,Isaiah Davis,,00-0039798,RB,rush_yds,Rush Yds,3.4126931434159844,21.5,-112.0,-112.0,0.04566768603465854,under,U 21.5,-112.0,0.8064147371486821,LEAN,2/2,DK,0.5010112859512156,capped,,,,,
2026,4,2026_04_TEN_BAL,BAL,TEN,Derrick Henry,,00-0032764,RB,rush_yds,Rush Yds,69.72914072105011,98.5,-113.0,-111.0,0.19969418960244645,under,U 98.5,-111.0,0.5213020359809353,PLAY,2/3,DK,,thin,,,,,
2026,4,2026_04_TEN_BAL,BAL,TEN,Lamar Jackson,,00-0034796,QB,rush_yds,Rush Yds,35.15031051652523,31.5,-112.0,-112.0,0.4588175331294597,under,U 31.5,-112.0,0.02438109800495125,,0/3,DK,0.5,,,,,,
2026,4,2026_04_TEN_BAL,TEN,BAL,Tony Pollard,,00-0035261,RB,rush_yds,Rush Yds,64.51790828426671,46.5,-112.0,-112.0,0.6100917431192661,over,O 46.5,-112.0,0.15481651376146788,HAMMER,2/3,DK,0.5012558270374537,,,,,,
2026,4,2026_04_TEN_BAL,TEN,BAL,Tyjae Spears,,00-0039032,RB,rush_yds,Rush Yds,26.2707443808018,15.5,-112.0,-112.0,0.5940876656472986,over,O 15.5,-112.0,0.12452308140381518,HAMMER,1/3,DK,0.5013806101394281,,,,,,
2026,4,2026_04_TEN_BAL,TEN,BAL,Cam Ward,,00-0040676,QB,rush_yds,Rush Yds,17.881392626352586,10.5,-113.0,-111.0,0.5573904179408766,over,O 10.5,-113.0,0.0506562745257233,LEAN,1/3,DK,0.5015476681799422,,,,,,
2026,4,2026_04_PIT_CLE,CLE,PIT,Deshaun Watson,,00-0033537,QB,rush_yds,Rush Yds,43.23803242250017,29.5,-109.0,-115.0,0.5931702344546381,over,O 29.5,-109.0,0.13736311010109525,PLAY,2/3,DK,,thin,,,,,
2026,4,2026_04_PIT_CLE,CLE,PIT,Raheim Sanders,,00-0040466,RB,rush_yds,Rush Yds,16.478690225319205,5.5,-113.0,-111.0,0.6661569826707441,over,O 5.5,-113.0,0.25567643636166815,LEAN,1/3,DK,0.49841604444496657,capped,,,,,
2026,4,2026_04_PIT_CLE,CLE,PIT,Quinshon Judkins,,00-0040784,RB,rush_yds,Rush Yds,56.360230182171804,55.5,-110.0,-114.0,0.41529051987767585,under,U 55.5,-114.0,0.09761253286120497,PLAY,2/3,DK,0.4958982772764562,,,,,,
2026,4,2026_04_PIT_CLE,CLE,PIT,KC Concepcion,,00-0041547,WR,rush_yds,Rush Yds,1.8260035705878541,0.5,-112.0,-112.0,0.4896024464831804,under,U 0.5,-112.0,-0.03389034512887723,,2/3,DK,0.49271440466278105,,,,,,
2026,4,2026_04_PIT_CLE,PIT,CLE,Aaron Rodgers,,00-0023459,QB,rush_yds,Rush Yds,9.344579498141355,1.5,-115.0,-109.0,0.6494393476044853,over,O 1.5,-115.0,0.21416921508664633,PLAY,2/3,DK,,thin,,,,,
2026,4,2026_04_PIT_CLE,PIT,CLE,Travis Homer,,00-0035594,RB,rush_yds,Rush Yds,13.885484321142282,6.5,-116.0,-108.0,0.5804281345565749,over,O 6.5,-116.0,0.08079721607086365,PLAY,1/2,DK,0.5045812257342416,,,,,,
2026,4,2026_04_PIT_CLE,PIT,CLE,Jaylen Warren,,00-0037228,RB,rush_yds,Rush Yds,62.640323078921476,76.5,-111.0,-113.0,0.28419979612640167,under,U 76.5,-113.0,0.3492517117263403,PLAY,2/3,DK,,thin,,,,,
2026,4,2026_04_ATL_NO,NO,ATL,Alvin Kamara,,00-0033906,RB,rec_yds,Rec Yds,16.25964005534398,16.5,-116.0,-108.0,0.40048288893554485,under,U 16.5,-108.0,0.15462554723524713,HAMMER,2/2,DK,0.49493927125506065,,0.003807468446246798,6.921588746133714,5.634135442884983,0.326984126984127,
2026,4,2026_04_ATL_NO,NO,ATL,Noah Fant,,00-0035644,TE,rec_yds,Rec Yds,27.420676378615187,18.5,-110.0,-114.0,0.5551648120932186,over,O 18.5,-110.0,0.059860095814326275,LEAN,2/3,DK,0.49748834592509245,,-0.00395649709015633,6.381328387886204,8.052710676220284,0.326984126984127,
2026,4,2026_04_ATL_NO,NO,ATL,Juwan Johnson,,00-0036040,TE,rec_yds,Rec Yds,44.043853755293306,39.5,-114.0,-110.0,0.4604765903842116,under,U 39.5,-110.0,0.02999923653923231,,0/3,DK,,,-0.004091132894692984,7.016123687162231,8.928076154013295,0.326984126984127,
2026,4,2026_04_ATL_NO,NO,ATL,Chris Olave,,00-0037239,WR,rec_yds,Rec Yds,83.42803610488505,85.5,-110.0,-114.0,0.38730841906361535,under,U 85.5,-114.0,0.15014033614373967,HAMMER,0/3,DK,0.5,,-0.0012813852609084853,7.3494570204955645,7.904929861119326,0.326984126984127,
2026,4,2026_04_ATL_NO,NO,ATL,Devaughn Vele,,00-0039424,WR,rec_yds,Rec Yds,58.7976247584292,45.5,-114.0,-110.0,0.5583140877598152,over,O 45.5,-114.0,0.0480632875491267,,2/3,DK,,,-0.006098453804362469,6.237020140893151,9.028440473664208,0.326984126984127,
2026,4,2026_04_ATL_NO,ATL,NO,Austin Hooper,,00-0032392,TE,rec_yds,Rec Yds,23.140223473930316,11.5,-107.0,-118.0,0.6238190216250262,over,O 11.5,-107.0,0.2068274530502845,HAMMER,1/2,DK,0.4909456610314186,,0.021417033977156663,6.78923982869379,8.731090826491458,0.2194690265486725,
2026,4,2026_04_ATL_NO,ATL,NO,Olamide Zaccheaus,,00-0035208,WR,rec_yds,Rec Yds,16.041910719387417,7.5,-113.0,-111.0,0.5964728112534117,over,O 7.5,-113.0,0.12432485661041315,HAMMER,1/3,DK,0.5061576354679803,,0.007222833988027588,6.111361782400326,6.632597810322596,0.2194690265486725,
2026,4,2026_04_ATL_NO,ATL,NO,Kyle Pitts,,00-0036970,TE,rec_yds,Rec Yds,18.409116544969653,27.5,-115.0,-109.0,0.26679613688851567,under,U 27.5,-109.0,0.4058679577091764,LEAN,3/3,DK,0.49797069882917844,capped,0.008214376683320257,7.377317067895226,8.098738589901446,0.2194690265486725,
2026,4,2026_04_ATL_NO,ATL,NO,Drake London,,00-0037238,WR,rec_yds,Rec Yds,61.8456916682099,79.5,-111.0,-113.0,0.2607075372664287,under,U 79.5,-113.0,0.39353358019690887,PLAY,2/3,DK,,thin,0.0193783273217214,6.982002651167533,8.755533468261762,0.2194690265486725,
2026,4,2026_04_ATL_NO,ATL,NO,Jahan Dotson,,00-0037741,WR,rec_yds,Rec Yds,25.206748165867005,17.5,-115.0,-109.0,0.5377913079991602,over,O 17.5,-115.0,0.005435923650603858,,1/3,DK,0.504405597949921,,0.005996664163283816,6.943037339400428,7.429809130259151,0.2194690265486725,
2026,4,2026_04_ATL_NO,ATL,NO,Bijan Robinson,,00-0038542,RB,rec_yds,Rec Yds,29.986965829991828,40.5,-111.0,-113.0,0.27792357757715724,under,U 40.5,-113.0,0.3610821059828806,PLAY,2/3,DK,,thin,-0.018092672376705865,8.21749075335799,6.762379603432756,0.2194690265486725,
2026,4,2026_04_ARI_NYG,NYG,ARI,Darnell Mooney,,00-0036309,WR,rec_yds,Rec Yds,28.278671012756742,20.5,-114.0,-110.0,0.5311253411715305,over,O 20.5,-114.0,-0.002975236748179455,,2/3,DK,0.49836937197086667,,-0.000709587229758446,8.003508809125023,7.820616983825261,0.2785829307568438,
2026,4,2026_04_ARI_NYG,NYG,ARI,Isaiah Likely,,00-0037838,TE,rec_yds,Rec Yds,49.646512446426364,40.5,-114.0,-110.0,0.5150640352718875,over,O 40.5,-114.0,-0.03312540747207082,,1/3,DK,0.5015476681799422,,-0.0002888922553924145,8.333647607785483,8.25538341317021,0.2785829307568438,
2026,4,2026_04_ARI_NYG,NYG,ARI,Malik Nabers,,00-0039337,WR,rec_yds,Rec Yds,45.67635681629074,53.5,-112.0,-112.0,0.3221709006928406,under,U 53.5,-112.0,0.28303365225998034,PLAY,2/3,DK,,thin,0.005375158459788976,6.518393669700214,7.823398115858978,0.2785829307568438,
2026,4,2026_04_ARI_NYG,NYG,ARI,Cam Skattebo,,00-0040715,RB,rec_yds,Rec Yds,18.316080764498963,17.5,-110.0,-114.0,0.4184337602351459,under,U 17.5,-114.0,0.09171206411998933,PLAY,1/3,DK,0.5,,-0.0016519331272392135,7.210125420617926,6.834433126506557,0.2785829307568438,
2026,4,2026_04_ARI_NYG,NYG,ARI,Malachi Fields,,00-0041042,WR,rec_yds,Rec Yds,30.23852216078794,23.5,-110.0,-114.0,0.508240604660928,over,O 23.5,-110.0,-0.02972248201095551,,2/3,DK,0.5,,,,,,
2026,4,2026_04_ARI_NYG,ARI,NYG,Kendrick Bourne,,00-0033307,WR,rec_yds,Rec Yds,34.784682919394974,21.5,-112.0,-112.0,0.608859962208692,over,O 21.5,-112.0,0.15248492846645267,HAMMER,2/3,DK,0.5010317787866282,,-0.0281332861757414,6.95662933969881,9.734370206656198,0.3990384615384615,
2026,4,2026_04_ARI_NYG,ARI,NYG,Trey McBride,,00-0037744,TE,rec_yds,Rec Yds,58.446564735934174,66.5,-112.0,-112.0,0.3285744278815872,under,U 66.5,-112.0,0.27091269008128127,PLAY,1/3,DK,,thin,-0.02138237293703349,6.367550289938886,8.179992825090865,0.3990384615384615,
2026,4,2026_04_ARI_NYG,ARI,NYG,Michael Wilson,,00-0038559,WR,rec_yds,Rec Yds,58.5728956318144,58.5,-109.0,-115.0,0.4056267058576527,under,U 58.5,-115.0,0.11121963687482306,PLAY,2/3,DK,0.5050937344058697,,0.0007577939453551341,7.781059164089142,7.715845406755773,0.3990384615384615,
2026,4,2026_04_ARI_NYG,ARI,NYG,Marvin Harrison Jr.,,00-0039849,WR,rec_yds,Rec Yds,26.243721710311757,33.5,-111.0,-113.0,0.30663447407096367,under,U 33.5,-113.0,0.3069633364857056,LEAN,2/3,DK,0.5010317787866281,capped,-0.03473313646075871,6.278381021430137,9.587552765277552,0.3990384615384615,✓
2026,4,2026_04_ARI_NYG,ARI,NYG,Jeremiyah Love,,00-0041027,RB,rec_yds,Rec Yds,19.13640398966856,16.5,-109.0,-115.0,0.4526558891454965,under,U 16.5,-115.0,0.023295511597549945,,2/3,DK,0.5051038008182687,,,,,,
2026,4,2026_04_DAL_HOU,HOU,DAL,Nico Collins,,00-0036554,WR,rec_yds,Rec Yds,64.29957881649081,75.5,-112.0,-112.0,0.30757925677094267,under,U 75.5,-112.0,0.3106535496835727,LEAN,1/1,DK,0.5,capped,-9.019148423106138e-06,9.268987013884091,9.267564242282887,0.2503937007874016,
2026,4,2026_04_DAL_HOU,HOU,DAL,Dalton Schultz,,00-0034383,TE,rec_yds,Rec Yds,57.027394869982245,43.5,-111.0,-113.0,0.5631429771152635,over,O 43.5,-111.0,0.0704789925344198,LEAN,1/3,DK,,,0.011063456065729449,6.264108226266952,7.620114730911301,0.2503937007874016,
2026,4,2026_04_DAL_HOU,HOU,DAL,Kayshon Boutte,,00-0038608,WR,rec_yds,Rec Yds,24.298222332747436,24.5,-112.0,-112.0,0.40158513541885366,under,U 24.5,-112.0,0.13271385081431264,HAMMER,2/3,DK,0.49797742809756884,,0.016672788255720716,7.651754428654857,10.352766566451631,0.2503937007874016,
2026,4,2026_04_DAL_HOU,HOU,DAL,Xavier Hutchinson,,00-0038618,WR,rec_yds,Rec Yds,47.642042770083336,28.5,-114.0,-110.0,0.6569913919798447,over,O 28.5,-114.0,0.23329963055865588,PLAY,3/3,DK,,thin,-0.0006118065260191097,6.8047251962883655,6.734370206656197,0.2503937007874016,
2026,4,2026_04_DAL_HOU,HOU,DAL,Jaylin Noel,,00-0040138,WR,rec_yds,Rec Yds,23.362205071515653,11.5,-116.0,-108.0,0.6269682972916228,over,O 11.5,-116.0,0.16745820874991835,PLAY,3/3,DK,,thin,0.01887837083238253,6.117686208692632,8.644367138916163,0.2503937007874016,
2026,4,2026_04_DAL_HOU,DAL,HOU,CeeDee Lamb,,00-0036358,WR,rec_yds,Rec Yds,82.03625360490625,76.5,-111.0,-113.0,0.4531807684232626,under,U 76.5,-113.0,0.030730055980929816,,1/3,DK,0.5,,-0.0006472689492305062,9.358464935760171,7.094523956185144,0.3069164265129683,
2026,4,2026_04_DAL_HOU,DAL,HOU,Javonte Williams,,00-0036997,RB,rec_yds,Rec Yds,19.66096024267117,13.5,-115.0,-109.0,0.5235670795716985,over,O 13.5,-115.0,-0.02115719906160729,,2/3,DK,0.5015190784212541,,-3.2814603849518065e-05,5.040592926234956,4.9671161473548535,0.3069164265129683,
2026,4,2026_04_DAL_HOU,DAL,HOU,George Pickens,,00-0037247,WR,rec_yds,Rec Yds,58.66689936826052,67.5,-111.0,-113.0,0.32248582825950034,under,U 67.5,-113.0,0.27708423522766745,LEAN,2/3,DK,0.49874417296254625,capped,-3.363441064974104e-05,9.464995848446444,9.323613133864484,0.3069164265129683,
2026,4,2026_04_DAL_HOU,DAL,HOU,Jake Ferguson,,00-0038041,TE,rec_yds,Rec Yds,26.910059880769676,24.5,-114.0,-110.0,0.44089859332353554,under,U 24.5,-110.0,0.06737541274597758,LEAN,2/3,DK,0.5009424915731846,,0.0005657962815195372,5.145156410017689,6.729376577862641,0.3069164265129683,
2026,4,2026_04_DAL_HOU,DAL,HOU,Ryan Flournoy,,00-0039410,WR,rec_yds,Rec Yds,38.72786862362127,32.5,-112.0,-112.0,0.48897753516691156,under,U 32.5,-112.0,-0.032707477280225494,,3/3,DK,,,8.322605288313412e-05,7.707971749502235,8.003465983266796,0.3069164265129683,
2026,4,2026_04_DEN_SF,SF,DEN,Kyle Juszczyk,,00-0029892,RB,rec_yds,Rec Yds,16.60926249060683,8.5,-109.0,-115.0,0.5821960948981735,over,O 8.5,-109.0,0.11632095260291986,PLAY,1/2,DK,0.5,,-0.026990137647813883,6.454348717481434,8.00325905889266,0.4402597402597402,
2026,4,2026_04_DEN_SF,SF,DEN,Christian McCaffrey,,00-0033280,RB,rec_yds,Rec Yds,28.4543796666786,40.5,-115.0,-110.0,0.26007768213310933,under,U 40.5,-110.0,0.41257897047315506,PLAY,1/3,DK,,thin,0.0024576812343026777,7.271162339400428,7.136610519904109,0.4402597402597402,
2026,4,2026_04_DEN_SF,SF,DEN,George Kittle,,00-0033288,TE,rec_yds,Rec Yds,49.12736932759703,63.5,-113.0,-111.0,0.2704702918328784,under,U 63.5,-111.0,0.38676367948885293,PLAY,1/3,DK,,thin,-0.020513506714750163,8.829939018713342,10.378838991359084,0.4402597402597402,
2026,4,2026_04_DEN_SF,DEN,SF,Evan Engram,,00-0033881,TE,rec_yds,Rec Yds,20.40132248804541,17.5,-108.0,-116.0,0.45664497165651896,under,U 17.5,-116.0,0.0117645355361371,,2/3,DK,0.4986289161102231,,0.002942338473889361,5.890776996023249,6.217064284198525,0.2539912917271408,
2026,4,2026_04_DEN_SF,DEN,SF,Courtland Sutton,,00-0034348,WR,rec_yds,Rec Yds,38.68817628464039,38.5,-109.0,-115.0,0.4069913919798447,under,U 38.5,-115.0,0.10866826716811628,PLAY,2/3,DK,0.49899549983927993,,-0.0022624015634589156,8.01538816811521,7.695657538587823,0.2539912917271408,
2026,4,2026_04_DEN_SF,DEN,SF,Jaylen Waddle,,00-0036613,WR,rec_yds,Rec Yds,53.23991351077757,57.5,-110.0,-114.0,0.36122191895863953,under,U 57.5,-114.0,0.19910973107764152,PLAY,2/3,DK,,thin,0.012618264050406225,7.359926180547728,9.359863880162315,0.2539912917271408,
2026,4,2026_04_DEN_SF,DEN,SF,Pat Bryant,,00-0040134,WR,rec_yds,Rec Yds,26.7742955671044,23.5,-114.0,-110.0,0.4555952131009867,under,U 23.5,-110.0,0.039318229534480054,,1/3,DK,,,0.006911252895186015,6.956694466358615,7.911051645320126,0.2539912917271408,
2026,4,2026_04_DEN_SF,DEN,SF,RJ Harvey,,00-0040730,RB,rec_yds,Rec Yds,26.1680269903281,22.5,-112.0,-112.0,0.4635733781230317,under,U 22.5,-112.0,0.015378962838547228,,0/2,DK,0.5026624068157615,,0.0005029451548927977,6.547548454400703,6.607634036368002,0.2539912917271408,
2026,4,2026_04_DET_CAR,CAR,DET,Darren Waller,,00-0031610,TE,rec_yds,Rec Yds,38.843890153134616,27.5,-115.0,-109.0,0.5662397648540836,over,O 27.5,-115.0,0.05862216907502571,LEAN,3/3,DK,0.5037270938915603,,-0.010673063412212636,7.131951203685679,7.965737633573235,0.4078125,
2026,4,2026_04_DET_CAR,CAR,DET,Chuba Hubbard,,00-0036555,RB,rec_yds,Rec Yds,20.071648290914716,18.5,-116.0,-108.0,0.4317656938904052,under,U 18.5,-108.0,0.09437718213699742,PLAY,1/3,DK,0.49389169902101127,,-0.008060045973554475,5.005906495360457,5.439291459147221,0.4078125,
2026,4,2026_04_DET_CAR,CAR,DET,Tommy Tremble,,00-0037005,TE,rec_yds,Rec Yds,26.57062889629865,12.5,-115.0,-109.0,0.6533697249632584,over,O 12.5,-115.0,0.22151731188783086,HAMMER,2/3,DK,0.5071115901067113,,-0.03826337465784435,5.487584417723604,8.394468941243597,0.4078125,✗
2026,4,2026_04_DET_CAR,CAR,DET,Jalen Coker,,00-0039491,WR,rec_yds,Rec Yds,59.40163240302067,47.5,-115.0,-110.0,0.5387360906991392,over,O 47.5,-115.0,0.0072022565244775905,,2/3,DK,,,0.019334509863007554,9.8580585296217,8.156645601869336,0.4078125,
2026,4,2026_04_DET_CAR,CAR,DET,Tetairoa McMillan,,00-0040124,WR,rec_yds,Rec Yds,58.852809303495974,69.5,-111.0,-113.0,0.3080516481209322,under,U 69.5,-113.0,0.3042920261083313,LEAN,1/3,DK,0.5,capped,0.003678789501586177,8.303796861516826,8.001967179691965,0.4078125,
2026,4,2026_04_DET_CAR,DET,CAR,Amon-Ra St. Brown,,00-0036963,WR,rec_yds,Rec Yds,71.92908905229406,76.5,-115.0,-110.0,0.36442368255301283,under,U 76.5,-110.0,0.21337296967152097,PLAY,2/3,DK,,thin,0.015287252889774283,7.912183261955745,9.302263567448945,0.2115702479338843,
2026,4,2026_04_DET_CAR,DET,CAR,Jameson Williams,,00-0037240,WR,rec_yds,Rec Yds,40.696582910716785,51.5,-110.0,-114.0,0.29167541465462943,under,U 51.5,-114.0,0.32966194091148515,LEAN,3/3,DK,0.5,capped,-0.020168848862894717,11.104589795167952,9.096069979363568,0.2115702479338843,
2026,4,2026_04_DET_CAR,DET,CAR,Sam LaPorta,,00-0039065,TE,rec_yds,Rec Yds,46.16808590409603,47.5,-115.0,-109.0,0.39009027923577577,under,U 47.5,-109.0,0.16945992330020987,PLAY,1/3,DK,,thin,0.013867944230038454,7.864146334107428,9.103545397845831,0.2115702479338843,
2026,4,2026_04_DET_CAR,DET,CAR,Jahmyr Gibbs,,00-0039139,RB,rec_yds,Rec Yds,43.19069811629698,35.5,-109.0,-115.0,0.503779130799916,over,O 35.5,-109.0,-0.03403818039282158,,2/3,DK,0.49592522036823616,,-0.002411478917875076,7.111391862955032,6.938589908711945,0.2115702479338843,
2026,4,2026_04_DET_CAR,DET,CAR,Isaac TeSlaa,,00-0040669,WR,rec_yds,Rec Yds,25.56889449792336,17.5,-113.0,-111.0,0.5440898593323535,over,O 17.5,-113.0,0.025585310068949596,,2/3,DK,0.50075337512054,,0.0019820017289011727,7.775129109459629,7.935310626646702,0.2115702479338843,
2026,4,2026_04_GB_TB,TB,GB,Chris Godwin Jr.,,00-0033921,WR,rec_yds,Rec Yds,31.496688994369844,24.5,-114.0,-110.0,0.509867730422003,over,O 24.5,-114.0,-0.04287987447097685,,3/3,DK,,,0.022530800150075025,7.118409996476296,8.837863022891861,0.2003034901365705,
2026,4,2026_04_GB_TB,TB,GB,Kenny Gainwell,,00-0036919,RB,rec_yds,Rec Yds,17.467559064835328,9.5,-119.0,-106.0,0.5744803695150116,over,O 9.5,-119.0,0.05723698255283649,LEAN,1/3,DK,,,-0.0024462834522018806,6.235317864288974,6.097317685198173,0.2003034901365705,
2026,4,2026_04_GB_TB,TB,GB,Cade Otton,,00-0038129,TE,rec_yds,Rec Yds,38.921544952220856,24.5,-114.0,-110.0,0.6137938274196935,over,O 24.5,-114.0,0.15220946550714398,PLAY,3/3,DK,,thin,0.02410562743844258,6.14039079229122,7.746002683803069,0.2003034901365705,
2026,4,2026_04_GB_TB,TB,GB,Bucky Irving,,00-0039361,RB,rec_yds,Rec Yds,23.800651317906873,13.5,-109.0,-115.0,0.5943208062145706,over,O 13.5,-109.0,0.1395692522829841,HAMMER,1/3,DK,0.49235939839119547,,0.03430361946359106,5.882383119200571,8.252373445063132,0.2003034901365705,✓
2026,4,2026_04_GB_TB,TB,GB,Emeka Egbuka,,00-0040129,WR,rec_yds,Rec Yds,50.30407127130912,37.5,-111.0,-113.0,0.5647176149485618,over,O 37.5,-111.0,0.0734722230103293,LEAN,2/3,DK,,,0.018054158032096534,6.572453577934738,7.803768981493767,0.2003034901365705,
2026,4,2026_04_GB_TB,GB,TB,Jonnu Smith,,00-0033858,TE,rec_yds,Rec Yds,25.259226841209536,7.5,-110.0,-114.0,0.7344635733781231,over,O 7.5,-110.0,0.4021577309945987,PLAY,2/2,DK,,thin,0.001823317538013125,6.211638899044236,7.023491656538746,0.2939346811819596,
2026,4,2026_04_GB_TB,GB,TB,Skyy Moore,,00-0038090,WR,rec_yds,Rec Yds,23.105594368368095,18.5,-116.0,-108.0,0.48488347680033594,under,U 18.5,-108.0,-0.007923733096943275,,2/3,DK,0.4898102244371214,,,,,,
2026,4,2026_04_GB_TB,GB,TB,Christian Watson,,00-0038124,WR,rec_yds,Rec Yds,70.7278893654687,64.5,-113.0,-111.0,0.4652529918118833,under,U 64.5,-111.0,0.01650106961885256,,1/3,DK,0.49849324975891995,,0.001014567913220743,9.543307749681206,10.210628012283223,0.2939346811819596,
2026,4,2026_04_GB_TB,GB,TB,Tucker Kraft,,00-0038996,TE,rec_yds,Rec Yds,37.28192113763573,40.5,-114.0,-110.0,0.3650535376863322,under,U 40.5,-110.0,0.21217051896245676,PLAY,2/3,DK,,thin,-0.003373540887227855,10.325912525535948,8.339980204166364,0.2939346811819596,
2026,4,2026_04_GB_TB,GB,TB,MarShawn Lloyd,,00-0039811,RB,rec_yds,Rec Yds,14.83273658949306,6.5,-114.0,-110.0,0.5996220869200084,over,O 6.5,-114.0,0.12560637369194572,PLAY,1/3,DK,,thin,,,,,
2026,4,2026_04_GB_TB,GB,TB,Matthew Golden,,00-0040667,WR,rec_yds,Rec Yds,67.19732211061563,57.5,-110.0,-114.0,0.5048813772832248,over,O 57.5,-110.0,-0.036135552459298115,,3/3,DK,0.5,,-0.0006233002239433016,8.404062887411248,8.069153392554233,0.2939346811819596,
2026,4,2026_04_IND_WAS,WAS,IND,Stefon Diggs,,00-0031588,WR,rec_yds,Rec Yds,58.470982766898345,43.5,-114.0,-110.0,0.5785744278815872,over,O 43.5,-114.0,0.0860958558478917,PLAY,2/3,DK,0.5,,-0.007890761459092399,7.687940944438183,8.90225785067949,0.3645533141210375,
2026,4,2026_04_IND_WAS,WAS,IND,Terry McLaurin,,00-0035659,WR,rec_yds,Rec Yds,55.73983612075175,51.5,-113.0,-111.0,0.4499790048288893,under,U 51.5,-111.0,0.04553540523517441,,2/3,DK,0.49845233182005777,,-0.02101202092796528,7.136286581013562,10.80319356447182,0.3645533141210375,
2026,4,2026_04_IND_WAS,WAS,IND,Antonio Williams,,00-0041040,WR,rec_yds,Rec Yds,36.66906761033227,17.5,-109.0,-115.0,0.697459584295612,over,O 17.5,-109.0,0.33733076254846694,LEAN,2/3,DK,0.4949062655941303,capped,,,,,
2026,4,2026_04_IND_WAS,IND,WAS,Keenan Allen,,00-0030279,WR,rec_yds,Rec Yds,42.6770390913107,34.5,-115.0,-109.0,0.5102351459164391,over,O 34.5,-115.0,-0.04608211850404864,,1/3,DK,0.5091624514684832,,-0.0005633861932434758,5.030450277773618,7.50451796821263,0.3106796116504854,
2026,4,2026_04_IND_WAS,IND,WAS,Laquon Treadwell,,00-0032951,WR,rec_yds,Rec Yds,22.735423740187095,13.5,-117.0,-107.0,0.5764749107705227,over,O 13.5,-117.0,0.06918850971968737,LEAN,2/3,DK,0.5050937344058698,,,,,,
2026,4,2026_04_IND_WAS,IND,WAS,Jonathan Taylor,,00-0036223,RB,rec_yds,Rec Yds,18.72997882903099,19.5,-111.0,-113.0,0.39129750157463783,under,U 19.5,-113.0,0.14737727579293924,HAMMER,1/3,DK,0.4973566412300474,,-1.0253916449598499e-05,6.399008472209292,6.4419599664374525,0.3106796116504854,
2026,4,2026_04_IND_WAS,IND,WAS,Josh Downs,,00-0038997,WR,rec_yds,Rec Yds,60.439183750366574,61.5,-114.0,-110.0,0.39350199454125556,under,U 61.5,-110.0,0.1578598286030577,PLAY,1/3,DK,,thin,0.00020097460289814073,7.521403542923886,6.618183134930889,0.3106796116504854,
2026,4,2026_04_IND_WAS,IND,WAS,Tyler Warren,,00-0040128,TE,rec_yds,Rec Yds,42.04331020900438,48.5,-112.0,-112.0,0.33182867940373717,under,U 48.5,-112.0,0.26475285684292604,LEAN,2/3,DK,0.5,capped,-0.0001654537034602166,6.702756959314775,7.483503305053779,0.3106796116504854,
2026,4,2026_04_JAX_CIN,CIN,JAX,Samaje Perine,,00-0033526,RB,rec_yds,Rec Yds,15.06886304700718,8.5,-120.0,-105.0,0.554167541465463,over,O 8.5,-120.0,0.015973826020015514,,2/3,DK,,,-0.007512413244007532,7.464225863513639,6.733624713425527,0.2375838926174496,
2026,4,2026_04_JAX_CIN,CIN,JAX,Mike Gesicki,,00-0034829,TE,rec_yds,Rec Yds,37.64791288134037,27.5,-115.0,-109.0,0.550388410665547,over,O 27.5,-115.0,0.028987028635587775,,2/2,DK,0.5101897755628786,,0.016684350556386063,6.724240749694919,8.592992252359135,0.2375838926174496,
2026,4,2026_04_JAX_CIN,CIN,JAX,Drew Sample,,00-0035631,TE,rec_yds,Rec Yds,17.718552944605438,6.5,-119.0,-106.0,0.6472811253411715,over,O 6.5,-119.0,0.19121484411526546,HAMMER,1/2,DK,0.5136230625349305,,-0.013503156511813885,7.108206120052497,5.921612408947675,0.2375838926174496,
2026,4,2026_04_JAX_CIN,CIN,JAX,Tee Higgins,,00-0036410,WR,rec_yds,Rec Yds,66.8928761371856,59.5,-111.0,-113.0,0.4802645391559941,under,U 59.5,-113.0,-0.020321653453334032,,1/3,DK,0.5,,0.01188107340252409,7.607122311355428,9.033746855566465,0.2375838926174496,
2026,4,2026_04_JAX_CIN,CIN,JAX,Ja'Marr Chase,,00-0036900,WR,rec_yds,Rec Yds,65.19900525491911,79.5,-114.0,-110.0,0.28621667016586183,under,U 79.5,-110.0,0.362677266046991,LEAN,2/3,DK,0.5005089576547231,capped,0.015450704720261665,7.488766438333127,9.38912491756077,0.2375838926174496,
2026,4,2026_04_JAX_CIN,CIN,JAX,Chase Brown,,00-0038597,RB,rec_yds,Rec Yds,20.755768895778594,18.5,-108.0,-117.0,0.4436279655679194,under,U 18.5,-117.0,0.03190368779283337,,2/3,DK,,,-0.022267213143468245,6.733634138880391,5.009092216013494,0.2375838926174496,
2026,4,2026_04_JAX_CIN,CIN,JAX,Dohnte Meyers,,00-0040785,WR,rec_yds,Rec Yds,19.71386980568515,20.5,-109.0,-116.0,0.3914024774301911,under,U 20.5,-116.0,0.13325055926792007,HAMMER,2/3,DK,0.5075723828198468,,,,,,
2026,4,2026_04_JAX_CIN,JAX,CIN,Jakobi Meyers,,00-0034960,WR,rec_yds,Rec Yds,41.16593718088881,39.5,-113.0,-111.0,0.42394499265169017,under,U 39.5,-111.0,0.09502348243687742,PLAY,1/3,DK,0.5,,-0.0009817063286203798,7.5493121562707,7.698182948037472,0.3596059113300492,
2026,4,2026_04_JAX_CIN,JAX,CIN,Parker Washington,,00-0038606,WR,rec_yds,Rec Yds,62.919153946451665,73.5,-112.0,-112.0,0.31083350829309264,under,U 73.5,-112.0,0.3044937164452175,LEAN,1/3,DK,0.5010317787866281,capped,-0.016124914429290205,6.51539079229122,9.1872448140791,0.3596059113300492,
2026,4,2026_04_JAX_CIN,JAX,CIN,Brenton Strange,,00-0038935,TE,rec_yds,Rec Yds,32.23137541032997,34.5,-113.0,-111.0,0.3746063405416754,under,U 34.5,-111.0,0.18881137068204046,HAMMER,3/3,DK,0.49797742809756884,,-0.006228095113295917,7.303796861516827,8.289290662829783,0.3596059113300492,
2026,4,2026_04_JAX_CIN,JAX,CIN,Brian Thomas Jr.,,00-0039893,WR,rec_yds,Rec Yds,31.526209823764166,29.5,-112.0,-112.0,0.4325005248792778,under,U 29.5,-112.0,0.07419543504993831,LEAN,1/3,DK,0.5,,-0.0022533893999520105,8.341986353573114,8.726364730911301,0.3596059113300492,
2026,4,2026_04_JAX_CIN,JAX,CIN,Bhayshul Tuten,,00-0040719,RB,rec_yds,Rec Yds,14.554909216550806,10.5,-115.0,-109.0,0.49406886416124296,under,U 10.5,-109.0,-0.029911858804585134,,1/3,DK,0.49547283051570923,,,,,,
2026,4,2026_04_JAX_CIN,JAX,CIN,Josh Cameron,,00-0041100,WR,rec_yds,Rec Yds,19.400147136695622,9.5,-106.0,-118.0,0.6082825950031493,over,O 9.5,-106.0,0.18213409972310157,PLAY,2/3,DK,,thin,,,,,
2026,4,2026_04_KC_LV,LV,KC,Jalen Nailor,,00-0037291,WR,rec_yds,Rec Yds,25.63862485316836,19.5,-116.0,-108.0,0.5074007978165023,under,U 19.5,-108.0,-0.051290425424374675,,2/3,DK,0.49694375935647817,,-0.0011714398853210906,8.241033190578158,8.433143758807699,0.3602058319039451,
2026,4,2026_04_KC_LV,LV,KC,Tre Tucker,,00-0038563,WR,rec_yds,Rec Yds,51.85881299045405,37.5,-115.0,-109.0,0.5824060466092799,over,O 37.5,-115.0,0.08884608713908837,PLAY,2/3,DK,,,0.0037976525137746187,7.473543897216274,6.944864690616327,0.3602058319039451,
2026,4,2026_04_KC_LV,LV,KC,Michael Mayer,,00-0039066,TE,rec_yds,Rec Yds,35.61083362954213,21.5,-116.0,-108.0,0.6189376443418013,over,O 21.5,-116.0,0.1525045791192161,HAMMER,3/3,DK,0.504405597949921,,0.0025685675423721133,6.667180237112864,6.343058867536354,0.3602058319039451,
2026,4,2026_04_KC_LV,LV,KC,Brock Bowers,,00-0039338,TE,rec_yds,Rec Yds,76.28070650385612,73.5,-111.0,-113.0,0.42866890615158515,under,U 73.5,-113.0,0.07693383176736601,LEAN,0/1,DK,,,0.0025809745884419755,7.926581998080188,7.53943694445385,0.3602058319039451,
2026,4,2026_04_KC_LV,LV,KC,Ashton Jeanty,,00-0040122,RB,rec_yds,Rec Yds,28.223306121808847,21.5,-114.0,-110.0,0.5119147596052908,over,O 21.5,-114.0,-0.039037205653226104,,2/3,DK,,,0.014743682824203352,6.868706737712265,5.215229461822602,0.3602058319039451,
2026,4,2026_04_KC_LV,KC,LV,Travis Kelce,,00-0030506,TE,rec_yds,Rec Yds,49.535107265588074,47.5,-110.0,-114.0,0.42625446147386103,under,U 47.5,-114.0,0.07703109863678725,LEAN,0/3,DK,0.4989682212133718,,-0.012722681118378376,7.7136726423274995,6.854546371444022,0.2037037037037037,
2026,4,2026_04_KC_LV,KC,LV,Noah Gray,,00-0036637,TE,rec_yds,Rec Yds,17.79840253440788,8.5,-112.0,-112.0,0.6035061935754776,over,O 8.5,-112.0,0.14235100926786837,HAMMER,1/3,DK,0.5,,0.020974212709403472,6.314035142965109,7.770114478709701,0.2037037037037037,
2026,4,2026_04_KC_LV,KC,LV,Tyquan Thornton,,00-0038104,WR,rec_yds,Rec Yds,27.30101159961615,20.5,-112.0,-112.0,0.5152739869829939,over,O 20.5,-112.0,-0.024659953210761643,,2/3,DK,,,0.033433106683616876,7.385653104925053,10.384367138916163,0.2037037037037037,✓
2026,4,2026_04_KC_LV,KC,LV,Kenneth Walker III,,00-0038134,RB,rec_yds,Rec Yds,25.460608405326937,21.5,-108.0,-116.0,0.46866470711736297,under,U 21.5,-116.0,-0.010617040839227654,,2/3,DK,0.502480855881074,,-0.01969303087256169,7.869693916110341,6.5678621913718,0.2037037037037037,
2026,4,2026_04_KC_LV,KC,LV,Rashee Rice,,00-0039067,WR,rec_yds,Rec Yds,51.49124682920834,54.5,-115.0,-110.0,0.37360906991391984,under,U 54.5,-110.0,0.19583723016433496,HAMMER,1/3,DK,0.49543997450010546,,0.04867469545915282,5.536787339400428,9.289556988785192,0.2037037037037037,✗
2026,4,2026_04_KC_LV,KC,LV,Xavier Worthy,,00-0039894,WR,rec_yds,Rec Yds,37.91947269233978,33.5,-113.0,-111.0,0.4635733781230317,under,U 33.5,-111.0,0.019693848793156166,,3/3,DK,0.4992261659100289,,0.004401357068443579,7.347167128865799,7.662961627651307,0.2037037037037037,
2026,4,2026_04_KC_LV,KC,LV,Emmett Johnson,,00-0041013,RB,rec_yds,Rec Yds,13.946513387692729,8.5,-114.0,-110.0,0.5307054377493177,over,O 8.5,-114.0,-0.003763476505666774,,2/3,DK,0.5010317787866282,,,,,,
2026,4,2026_04_LAC_SEA,SEA,LAC,Cooper Kupp,,00-0033908,WR,rec_yds,Rec Yds,32.354922282386426,24.5,-114.0,-110.0,0.5227797606550493,over,O 24.5,-114.0,-0.018641501928240767,,2/3,DK,0.5000272786259081,,0.005504330760981446,7.29861323544407,7.838220115277607,0.2308917197452229,
2026,4,2026_04_LAC_SEA,SEA,LAC,Rashid Shaheed,,00-0037545,WR,rec_yds,Rec Yds,30.029721255333065,21.5,-110.0,-114.0,0.5401532647491076,over,O 21.5,-110.0,0.031201687248296528,,1/3,DK,0.5,,0.027248485414526735,6.004854653720924,8.75813745332612,0.2308917197452229,
2026,4,2026_04_LAC_SEA,SEA,LAC,Jaxon Smith-Njigba,,00-0038543,WR,rec_yds,Rec Yds,76.66131104557628,91.5,-110.0,-114.0,0.29167541465462943,under,U 91.5,-114.0,0.32966194091148515,LEAN,0/3,DK,0.5,capped,0.0006374672785121049,9.33094953985975,9.40739169490166,0.2308917197452229,
2026,4,2026_04_LAC_SEA,SEA,LAC,George Holani,,00-0039299,RB,rec_yds,Rec Yds,16.683376656879172,7.5,-117.0,-108.0,0.6083875708587025,over,O 7.5,-117.0,0.12837694766101237,HAMMER,1/3,DK,0.5025798728638653,,,,,,
2026,4,2026_04_LAC_SEA,SEA,LAC,AJ Barner,,00-0039793,TE,rec_yds,Rec Yds,28.512613686580224,30.5,-115.0,-109.0,0.37675834558051646,under,U 30.5,-109.0,0.19502298874928492,HAMMER,2/3,DK,0.49389169902101127,,-0.01926073394642369,8.524185530743347,6.731012681736525,0.2308917197452229,
2026,4,2026_04_LAC_SEA,SEA,LAC,Tory Horton,,00-0040648,WR,rec_yds,Rec Yds,31.30124475163849,11.5,-115.0,-109.0,0.7351984043669956,over,O 11.5,-115.0,0.37450136468612216,LEAN,1/1,DK,0.5025798728638653,capped,-0.01360063545493928,7.981011462400806,6.742588340679163,0.2308917197452229,
2026,4,2026_04_LAC_SEA,SEA,LAC,Jadarian Price,,00-0041512,RB,rec_yds,Rec Yds,16.132335787298683,10.5,-113.0,-111.0,0.5246168381272307,over,O 10.5,-113.0,-0.011120473264600528,,0/3,DK,,,,,,,
2026,4,2026_04_LA_PHI,PHI,LA,Zach Ertz,,00-0030061,TE,rec_yds,Rec Yds,14.784993959897783,10.5,-114.0,-110.0,0.49900272937224444,under,U 10.5,-110.0,-0.0435506651651939,,1/1,DK,0.5,,0.011847738410784903,6.108371839663398,7.789120920833136,0.2579013906447535,
2026,4,2026_04_LA_PHI,PHI,LA,Johnny Mundt,,00-0033246,TE,rec_yds,Rec Yds,13.810886234024538,6.5,-119.0,-105.0,0.5796241864371194,over,O 6.5,-119.0,0.06670333470360634,LEAN,1/2,DK,,,-0.002412522639017256,6.727035633887882,6.420305949096803,0.2579013906447535,
2026,4,2026_04_LA_PHI,PHI,LA,Saquon Barkley,,00-0034844,RB,rec_yds,Rec Yds,14.544811554692853,11.5,-117.0,-107.0,0.469871929456225,under,U 11.5,-107.0,0.025574865444499384,,3/3,DK,0.4961796991955977,,-0.026300813311842863,8.005452149563498,4.972183569458082,0.2579013906447535,
2026,4,2026_04_LA_PHI,PHI,LA,DeVonta Smith,,00-0036912,WR,rec_yds,Rec Yds,62.217121642207275,65.5,-110.0,-114.0,0.3738190216250262,under,U 65.5,-114.0,0.17546253835302106,HAMMER,2/3,DK,0.5,,0.015440007839597314,7.293689475534533,10.069042952336542,0.2579013906447535,
2026,4,2026_04_LA_PHI,PHI,LA,Dontayvion Wicks,,00-0038393,WR,rec_yds,Rec Yds,49.81582294431313,40.5,-114.0,-110.0,0.5170585765273987,over,O 40.5,-114.0,-0.02938126862400592,,2/3,DK,0.5000272786259081,,0.01899362463580423,5.183757187883454,7.76649839264953,0.2579013906447535,
2026,4,2026_04_LA_PHI,PHI,LA,Makai Lemon,,00-0040867,WR,rec_yds,Rec Yds,27.437493498509536,29.5,-111.0,-113.0,0.37507873189166496,under,U 29.5,-113.0,0.177948939000667,HAMMER,3/3,DK,0.5,,,,,,
2026,4,2026_04_LA_PHI,LA,PHI,Puka Nacua,,00-0039075,WR,rec_yds,Rec Yds,60.13115696519656,76.5,-113.0,-111.0,0.2672685282385051,under,U 76.5,-111.0,0.39284991478986875,PLAY,1/1,DK,,thin,-0.012111410466498107,8.614714935760171,9.50095770590267,0.4352409638554217,
2026,4,2026_04_LA_PHI,LA,PHI,Davante Adams,,00-0031381,WR,rec_yds,Rec Yds,64.09707768140717,67.5,-114.0,-110.0,0.3729792147806005,under,U 67.5,-110.0,0.19703968087339918,HAMMER,1/3,DK,0.4996606948968513,,-0.02393633219533864,6.561633272152544,7.995204643839314,0.4352409638554217,
2026,4,2026_04_LA_PHI,LA,PHI,Kyren Williams,,00-0037840,RB,rec_yds,Rec Yds,25.141214999252895,14.5,-107.0,-117.0,0.5953180768423263,over,O 14.5,-107.0,0.1516901112744069,HAMMER,2/3,DK,0.4933348429230991,,0.015617636986191341,6.413970180030137,5.682183569458082,0.4352409638554217,
2026,4,2026_04_MIA_MIN,MIN,MIA,Aaron Jones,,00-0033293,RB,rec_yds,Rec Yds,16.77862750650536,18.5,-115.0,-109.0,0.37355658198614317,under,U 18.5,-109.0,0.2011621501366614,HAMMER,2/3,DK,0.4898102244371214,,-0.0016916162222255782,6.380537339400428,6.075982704692717,0.2748735244519393,
2026,4,2026_04_MIA_MIN,MIA,MIN,Jaylen Wright,,00-0039874,RB,rec_yds,Rec Yds,12.678424557777863,5.5,-112.0,-112.0,0.5845580516481209,over,O 5.5,-112.0,0.10648488347680019,PLAY,0/2,DK,0.5063668193329364,,,,,,
2026,4,2026_04_MIA_MIN,MIA,MIN,Greg Dulcich,,00-0037252,TE,rec_yds,Rec Yds,31.501734225650857,29.5,-112.0,-112.0,0.4321855973126181,under,U 29.5,-112.0,0.07479154794397291,LEAN,2/3,DK,0.5,,0.002384227271650996,7.451599697694924,7.593743556488659,0.182509505703422,
2026,4,2026_04_MIA_MIN,MIA,MIN,Malik Washington,,00-0039880,WR,rec_yds,Rec Yds,54.58451340095501,37.5,-115.0,-109.0,0.61384631534747,over,O 37.5,-115.0,0.14762571999744378,HAMMER,3/3,DK,0.504405597949921,,-0.0049968376922412405,6.21131407595158,5.972728989664786,0.182509505703422,
2026,4,2026_04_MIA_MIN,MIA,MIN,Chris Bell,,00-0041525,WR,rec_yds,Rec Yds,29.681038494715494,32.5,-110.0,-114.0,0.3657883686752047,under,U 32.5,-114.0,0.19053762371496674,HAMMER,2/3,DK,0.5,,,,,,
2026,4,2026_04_NE_BUF,BUF,NE,DJ Moore,,00-0034827,WR,rec_yds,Rec Yds,54.582596530727116,49.5,-110.0,-114.0,0.4608964938064245,under,U 49.5,-114.0,0.012001318644080383,,1/3,DK,0.5,,-0.000758763235363169,6.432680906790309,7.8316862979287025,0.3131578947368421,
2026,4,2026_04_NE_BUF,BUF,NE,Ty Johnson,,00-0035537,RB,rec_yds,Rec Yds,27.490023816812563,12.5,-110.0,-114.0,0.666124291412975,over,O 12.5,-110.0,0.2716918290611341,LEAN,1/1,DK,0.5,capped,0.001386144312607751,9.667087794432549,6.971263821706583,0.3131578947368421,
2026,4,2026_04_NE_BUF,BUF,NE,James Cook,,00-0037248,RB,rec_yds,Rec Yds,15.486884867335824,7.5,-115.0,-109.0,0.5860802015536426,over,O 7.5,-115.0,0.09571515942637521,PLAY,1/3,DK,0.5065740793381652,,0.0013753108796263902,8.62025245125662,6.231546469226605,0.3131578947368421,
2026,4,2026_04_NE_BUF,BUF,NE,Khalil Shakir,,00-0037261,WR,rec_yds,Rec Yds,39.31949641156133,38.5,-113.0,-111.0,0.4144971656519001,under,U 38.5,-111.0,0.11298286529233414,PLAY,2/3,DK,0.4989682212133718,,-0.0007616927854188216,6.919351437285056,8.43088690349877,0.3131578947368421,
2026,4,2026_04_NE_BUF,BUF,NE,Dalton Kincaid,,00-0038933,TE,rec_yds,Rec Yds,53.047079815879485,53.5,-110.0,-114.0,0.40027293722443835,under,U 53.5,-114.0,0.1258034336313174,PLAY,1/3,DK,,thin,-0.0012318745534348752,6.666895540452472,9.264255892677747,0.3131578947368421,
2026,4,2026_04_NE_BUF,BUF,NE,Keon Coleman,,00-0039901,WR,rec_yds,Rec Yds,28.699913789829242,12.5,-116.0,-108.0,0.6828679403737141,over,O 12.5,-116.0,0.271547199316571,LEAN,2/3,DK,0.504405597949921,capped,-0.0011633382879632226,6.7042466329124055,9.134452065076424,0.3131578947368421,
2026,4,2026_04_NE_BUF,NE,BUF,Hunter Henry,,00-0033090,TE,rec_yds,Rec Yds,25.90720067076899,30.5,-110.0,-114.0,0.33807474280915395,under,U 30.5,-114.0,0.24256144770913202,PLAY,2/3,DK,,thin,0.0009008231011078394,6.430186181081125,9.0611725164899,0.3063209076175041,
2026,4,2026_04_NE_BUF,NE,BUF,Mack Hollins,,00-0033555,WR,rec_yds,Rec Yds,44.247590815345795,44.5,-113.0,-111.0,0.4018475750577367,under,U 44.5,-111.0,0.13702848344880691,PLAY,1/3,DK,,thin,0.0008394252792416346,6.9189559722149685,9.507112445008,0.3063209076175041,
2026,4,2026_04_NE_BUF,NE,BUF,Rhamondre Stevenson,,00-0036875,RB,rec_yds,Rec Yds,19.665810467635914,17.5,-116.0,-108.0,0.4430505983623767,under,U 17.5,-108.0,0.07264329204283015,LEAN,2/3,DK,,,0.0003440652812773948,6.481815709867101,7.344126304217173,0.3063209076175041,
2026,4,2026_04_NE_BUF,NE,BUF,Romeo Doubs,,00-0037816,WR,rec_yds,Rec Yds,34.73547376566172,41.5,-111.0,-113.0,0.32264329204283015,under,U 41.5,-113.0,0.2767874229635148,PLAY,1/3,DK,,thin,-4.225785774181201e-05,8.31809620112618,8.194897867945686,0.3063209076175041,
2026,4,2026_04_NE_BUF,NE,BUF,DeMario Douglas,,00-0038621,WR,rec_yds,Rec Yds,34.607370983946275,26.5,-111.0,-113.0,0.5226222968717196,over,O 26.5,-111.0,-0.006546805045650084,,1/3,DK,,,-0.0005035740885782625,8.498434298082016,7.14919957790008,0.3063209076175041,
2026,4,2026_04_NE_BUF,NE,BUF,TreVeyon Henderson,,00-0040734,RB,rec_yds,Rec Yds,13.213351051376735,7.5,-115.0,-109.0,0.5418328784379592,over,O 7.5,-115.0,0.012991903166619467,,0/2,DK,0.504405597949921,,4.513060571165184e-05,6.267268277760783,6.368545348346162,0.3063209076175041,
2026,4,2026_04_NYJ_CHI,CHI,NYJ,Kalif Raymond,,00-0032464,WR,rec_yds,Rec Yds,53.95251917768094,31.5,-110.0,-114.0,0.6864371194625236,over,O 31.5,-110.0,0.3104708644284542,LEAN,3/3,DK,0.5035175881954754,capped,0.016926412774178168,9.553508857309714,7.987186179439479,0.4006908462867012,
2026,4,2026_04_NYJ_CHI,CHI,NYJ,Cole Kmet,,00-0036290,TE,rec_yds,Rec Yds,17.883833145325365,9.5,-117.0,-107.0,0.581303800125971,over,O 9.5,-117.0,0.0781446549344933,LEAN,1/3,DK,0.4993573427366898,,-0.023594560094305383,6.36220556745182,8.357186633825894,0.4006908462867012,
2026,4,2026_04_NYJ_CHI,CHI,NYJ,Rome Odunze,,00-0039919,WR,rec_yds,Rec Yds,40.060845456591665,31.5,-115.0,-109.0,0.5201553642662188,over,O 31.5,-115.0,-0.02753562332837367,,3/3,DK,0.5051290468179394,,-0.003074455939719667,7.185039906560249,7.432071923234779,0.4006908462867012,
2026,4,2026_04_NYJ_CHI,CHI,NYJ,Colston Loveland,,00-0040126,TE,rec_yds,Rec Yds,20.766235358230468,33.5,-115.0,-109.0,0.2319441528448457,under,U 33.5,-109.0,0.472694239040617,LEAN,3/3,DK,0.495594402050079,capped,-0.016708230106005417,7.029443254817987,8.497507583591222,0.4006908462867012,
2026,4,2026_04_NYJ_CHI,CHI,NYJ,Luther Burden III,,00-0040735,WR,rec_yds,Rec Yds,56.97621428696858,46.5,-110.0,-114.0,0.5235145916439219,over,O 46.5,-110.0,-0.0005630523161490597,,2/3,DK,0.5,,-0.01170156234177877,8.009086915939164,9.131980669950684,0.4006908462867012,
2026,4,2026_04_NYJ_CHI,NYJ,CHI,Garrett Wilson,,00-0037740,WR,rec_yds,Rec Yds,63.299565782433014,75.5,-113.0,-111.0,0.2992861641822381,under,U 75.5,-111.0,0.3319875617797097,LEAN,1/3,DK,0.5006027000964319,capped,0.005234079621546872,7.172995479419463,6.870910438044678,0.4298118668596237,
2026,4,2026_04_NYJ_CHI,NYJ,CHI,Isaiah Williams,,00-0039451,WR,rec_yds,Rec Yds,24.083293249023573,22.5,-116.0,-108.0,0.4289313457904682,under,U 22.5,-108.0,0.0998359266257649,PLAY,2/3,DK,0.4958982772764562,,0.0059868082477512186,6.559819023278303,6.245144085272555,0.4298118668596237,
2026,4,2026_04_NYJ_CHI,NYJ,CHI,Braelon Allen,,00-0039794,RB,rec_yds,Rec Yds,13.58956814931528,11.5,-110.0,-114.0,0.4498215410455595,under,U 11.5,-114.0,0.032791142247809324,,3/3,DK,,,-0.00012984123029380346,6.640904992674405,6.648056117757338,0.4298118668596237,
2026,4,2026_04_NYJ_CHI,NYJ,CHI,Isaiah Davis,,00-0039798,RB,rec_yds,Rec Yds,12.678424557777863,9.5,-116.0,-108.0,0.47921478060046185,under,U 9.5,-108.0,0.0029937558805921416,,2/2,DK,0.4949062655941302,,-0.010572331696223403,6.561957624253353,7.173931263128456,0.4298118668596237,
2026,4,2026_04_NYJ_CHI,NYJ,CHI,Kenyon Sadiq,,00-0041032,TE,rec_yds,Rec Yds,39.390181223869426,41.5,-113.0,-111.0,0.3789103506193575,under,U 41.5,-111.0,0.180629874047888,HAMMER,2/3,DK,0.49845233182005777,,,,,,
2026,4,2026_04_TEN_BAL,BAL,TEN,Derrick Henry,,00-0032764,RB,rec_yds,Rec Yds,13.898410077396798,8.5,-115.0,-109.0,0.5294982154104556,over,O 8.5,-115.0,-0.010068553797843882,,2/3,DK,,,-0.001185834056654067,7.579866421943509,7.381478432939777,0.2646566164154104,
2026,4,2026_04_TEN_BAL,BAL,TEN,Mark Andrews,,00-0034753,TE,rec_yds,Rec Yds,44.0210361499277,36.5,-114.0,-110.0,0.5004723913499896,under,U 36.5,-110.0,-0.04635638348634363,,1/3,DK,,,-0.004667379255402393,8.142122670511162,7.345639969149578,0.2646566164154104,
2026,4,2026_04_TEN_BAL,BAL,TEN,Rashod Bateman,,00-0036550,WR,rec_yds,Rec Yds,45.75386174707706,32.5,-112.0,-112.0,0.5787318916649171,over,O 32.5,-112.0,0.09545679493716452,PLAY,2/3,DK,0.5,,0.004772147898738144,8.067777085083891,9.002453448829305,0.2646566164154104,
2026,4,2026_04_TEN_BAL,BAL,TEN,Zay Flowers,,00-0039064,WR,rec_yds,Rec Yds,59.6564476819933,66.5,-110.0,-114.0,0.3391245013646861,under,U 66.5,-114.0,0.240590848315414,PLAY,0/2,DK,,thin,-7.029341778619358e-05,9.226525296430054,9.211962874643476,0.2646566164154104,
2026,4,2026_04_TEN_BAL,TEN,BAL,Calvin Ridley,,00-0034837,WR,rec_yds,Rec Yds,16.778469533193565,6.5,-116.0,-108.0,0.6327944572748267,over,O 6.5,-116.0,0.17830692044278074,HAMMER,1/2,DK,0.5050937344058698,,-6.737501303066828e-05,8.127184664015498,8.170478781641664,0.3218390804597701,
2026,4,2026_04_TEN_BAL,TEN,BAL,Tony Pollard,,00-0035261,RB,rec_yds,Rec Yds,15.803433338699914,8.5,-109.0,-115.0,0.5682867940373715,over,O 8.5,-109.0,0.08965082526431778,PLAY,1/3,DK,0.5014790330065096,,0.0022393487034244597,6.135199781311221,5.170478781641665,0.3218390804597701,
2026,4,2026_04_TEN_BAL,TEN,BAL,Wan'Dale Robinson,,00-0038117,WR,rec_yds,Rec Yds,43.742486638160365,37.5,-111.0,-113.0,0.4836762544614739,under,U 37.5,-113.0,-0.026752585843309196,,1/3,DK,0.5010317787866281,,-0.0024021996284776526,5.57503180957701,6.78869614997828,0.3218390804597701,
2026,4,2026_04_TEN_BAL,TEN,BAL,Elic Ayomanor,,00-0040170,WR,rec_yds,Rec Yds,29.710697253938104,19.5,-116.0,-108.0,0.5713835817761914,over,O 19.5,-116.0,0.0639556350315289,LEAN,1/3,DK,,,-8.867595175710008e-05,6.314507494646681,6.358831689032278,0.3218390804597701,
2026,4,2026_04_TEN_BAL,TEN,BAL,Gunnar Helm,,00-0040584,TE,rec_yds,Rec Yds,26.787344694083224,18.5,-107.0,-117.0,0.5447722023934496,over,O 18.5,-107.0,0.05390510182658015,LEAN,1/3,DK,0.49617969919559773,,-0.0011112402825493861,6.520838773698229,7.128411827278253,0.3218390804597701,
2026,4,2026_04_TEN_BAL,TEN,BAL,Carnell Tate,,00-0041438,WR,rec_yds,Rec Yds,46.233879462475144,43.5,-109.0,-115.0,0.43543984883476805,under,U 43.5,-115.0,0.05548202174369443,LEAN,2/3,DK,0.5091624514684832,,,,,,
2026,4,2026_04_PIT_CLE,CLE,PIT,Jerry Jeudy,,00-0036407,WR,rec_yds,Rec Yds,21.007865265678017,15.5,-107.0,-117.0,0.5062985513331933,over,O 15.5,-107.0,-0.02052523246756044,,1/2,DK,,,0.0009763821929404948,7.326135218541378,7.1739187913440965,0.355463347164592,
2026,4,2026_04_PIT_CLE,CLE,PIT,Blake Whiteheart,,00-0038710,TE,rec_yds,Rec Yds,15.961268422159874,0.5,-101.0,-124.0,0.7704178039051018,over,O 0.5,-101.0,0.5332077087616383,PLAY,2/2,DK,,thin,,,,,
2026,4,2026_04_PIT_CLE,CLE,PIT,Raheim Sanders,,00-0040466,RB,rec_yds,Rec Yds,18.748035456986,11.5,-116.0,-108.0,0.5526978794877178,over,O 11.5,-116.0,0.029161568701267626,,2/3,DK,0.49949257426351423,,,,,,
2026,4,2026_04_PIT_CLE,CLE,PIT,Harold Fannin Jr.,,00-0040663,TE,rec_yds,Rec Yds,41.52908590828368,40.5,-113.0,-111.0,0.41643921897963465,under,U 40.5,-111.0,0.10929121437204592,PLAY,1/3,DK,0.4966056487074848,,0.0004852028155222232,6.989912339400428,6.917216563253279,0.355463347164592,
2026,4,2026_04_PIT_CLE,CLE,PIT,Quinshon Judkins,,00-0040784,RB,rec_yds,Rec Yds,16.719749367119224,11.5,-111.0,-113.0,0.5131219819441528,over,O 11.5,-111.0,-0.024605962250304092,,2/3,DK,0.4941556955403461,,-0.007181322573223015,5.667268277760783,6.651340332270749,0.355463347164592,
2026,4,2026_04_PIT_CLE,CLE,PIT,Denzel Boston,,00-0041037,WR,rec_yds,Rec Yds,50.90020604692437,38.5,-111.0,-114.0,0.5585765273986982,over,O 38.5,-111.0,0.06179862415428228,LEAN,3/3,DK,,,,,,,
2026,4,2026_04_PIT_CLE,CLE,PIT,KC Concepcion,,00-0041547,WR,rec_yds,Rec Yds,41.16065163772368,35.5,-114.0,-110.0,0.4780075582615998,under,U 35.5,-110.0,-0.003468974863054086,,2/3,DK,0.4974201271361347,,,,,,
2026,4,2026_04_PIT_CLE,PIT,CLE,DK Metcalf,,00-0035640,WR,rec_yds,Rec Yds,43.84957674702717,46.5,-113.0,-111.0,0.37455385261389884,under,U 46.5,-111.0,0.18891114503123752,PLAY,3/3,DK,,thin,-0.01683999994704455,7.6762092497348355,9.161656134268002,0.4078014184397163,
2026,4,2026_04_PIT_CLE,PIT,CLE,Michael Pittman,,00-0036252,WR,rec_yds,Rec Yds,33.200815293201316,33.5,-115.0,-110.0,0.4007978165022045,under,U 33.5,-110.0,0.14393144122306434,HAMMER,1/2,DK,0.4958982772764562,,-0.02138431894914128,6.224375130279888,7.811155564084713,0.4078014184397163,
2026,4,2026_04_PIT_CLE,PIT,CLE,Pat Freiermuth,,00-0036894,TE,rec_yds,Rec Yds,34.28610807531742,25.5,-116.0,-108.0,0.534169640982574,over,O 25.5,-116.0,-0.005339289204862152,,3/3,DK,,,-0.003875628986927393,7.96733814471145,8.289058860609336,0.4078014184397163,
2026,4,2026_04_PIT_CLE,PIT,CLE,Jaylen Warren,,00-0037228,RB,rec_yds,Rec Yds,23.328289010362052,26.5,-112.0,-112.0,0.3555007348309889,under,U 26.5,-112.0,0.21994503764134254,HAMMER,0/3,DK,0.5,,0.0036155520379430595,7.14420372003191,6.888849040678435,0.4078014184397163,
2026,4,2026_04_PIT_CLE,PIT,CLE,Darnell Washington,,00-0038558,TE,rec_yds,Rec Yds,23.110976104156027,15.5,-113.0,-111.0,0.5427776611379382,over,O 15.5,-113.0,0.023111874534343713,,2/3,DK,0.5,,-0.021846029520710353,6.723667730596743,8.481425462982727,0.4078014184397163,
2026,4,2026_04_PIT_CLE,PIT,CLE,Roman Wilson,,00-0039739,WR,rec_yds,Rec Yds,40.97571114250454,20.5,-112.0,-112.0,0.7008712996010917,over,O 20.5,-112.0,0.32664924567349507,LEAN,3/3,DK,0.5071884000886242,capped,0.009291053515493308,7.863364403577276,7.168063701238059,0.4078014184397163,
2026,4,2026_04_PIT_CLE,PIT,CLE,Germie Bernard,,00-0041489,WR,rec_yds,Rec Yds,26.945112414534673,9.5,-109.0,-115.0,0.7168801175729582,over,O 9.5,-109.0,0.37456829883255294,LEAN,2/2,DK,0.4934325210139807,capped,,,,,
2026,4,2026_04_ATL_NO,NO,ATL,Alvin Kamara,,00-0033906,RB,receptions,Receptions,2.1456175776281654,3.5,114.0,-145.0,0.19646231366785638,under,U 3.5,-145.0,0.35770160794051864,LEAN,1/2,DK,0.5743566158916897,capped,0.003807468446246798,6.921588746133714,5.634135442884983,0.326984126984127,
2026,4,2026_04_ATL_NO,NO,ATL,Noah Fant,,00-0035644,TE,receptions,Receptions,2.63994339285128,1.5,-183.0,142.0,0.6901112744068865,over,O 1.5,-183.0,0.06722126042157872,LEAN,2/3,DK,0.6090534979423868,,-0.00395649709015633,6.381328387886204,8.052710676220284,0.326984126984127,
2026,4,2026_04_ATL_NO,NO,ATL,Juwan Johnson,,00-0036040,TE,receptions,Receptions,3.8695951111402085,3.5,-108.0,-118.0,0.501889565399958,over,O 3.5,-108.0,-0.03339787404452532,,2/3,DK,0.48776671989900533,,-0.004091132894692984,7.016123687162231,8.928076154013295,0.326984126984127,
2026,4,2026_04_ATL_NO,NO,ATL,Chris Olave,,00-0037239,WR,receptions,Receptions,6.506134869762671,6.5,-142.0,111.0,0.4406361536846525,under,U 6.5,111.0,0.18025771572538352,HAMMER,0/3,DK,0.45063392112546685,,-0.0012813852609084853,7.3494570204955645,7.904929861119326,0.326984126984127,
2026,4,2026_04_ATL_NO,NO,ATL,Devaughn Vele,,00-0039424,WR,receptions,Receptions,4.596544939379157,4.5,120.0,-154.0,0.45501784589544403,over,O 4.5,120.0,0.001039260969976974,,2/3,DK,,,-0.006098453804362469,6.237020140893151,9.028440473664208,0.326984126984127,
2026,4,2026_04_ATL_NO,ATL,NO,Austin Hooper,,00-0032392,TE,receptions,Receptions,2.4748627430704766,1.5,137.0,-176.0,0.6558366575687592,over,O 1.5,137.0,0.5543328784379593,LEAN,2/2,DK,0.39845207830750523,capped,0.021417033977156663,6.78923982869379,8.731090826491458,0.2194690265486725,
2026,4,2026_04_ATL_NO,ATL,NO,Olamide Zaccheaus,,00-0035208,WR,receptions,Receptions,1.5747655070095188,1.5,159.0,-204.0,0.45911190426201975,over,O 1.5,159.0,0.189099832038631,HAMMER,1/3,DK,0.3707684091988642,,0.007222833988027588,6.111361782400326,6.632597810322596,0.2194690265486725,
2026,4,2026_04_ATL_NO,ATL,NO,Kyle Pitts,,00-0036970,TE,receptions,Receptions,1.806099009858228,2.5,-144.0,113.0,0.2853243753936595,under,U 2.5,113.0,0.5222590804115053,LEAN,3/3,DK,0.45813786894924835,capped,0.008214376683320257,7.377317067895226,8.098738589901446,0.2194690265486725,
2026,4,2026_04_ATL_NO,ATL,NO,Drake London,,00-0037238,WR,receptions,Receptions,4.889735390124107,5.5,-148.0,116.0,0.3514591643921898,under,U 5.5,116.0,0.4008482049128701,LEAN,2/3,DK,0.4533476305311708,capped,0.0193783273217214,6.982002651167533,8.755533468261762,0.2194690265486725,
2026,4,2026_04_ATL_NO,ATL,NO,Jahan Dotson,,00-0037741,WR,receptions,Receptions,1.969969458248786,1.5,-132.0,103.0,0.5504408985933236,over,O 1.5,-132.0,-0.03255842065415859,,1/3,DK,0.5323331427460825,,0.005996664163283816,6.943037339400428,7.429809130259151,0.2194690265486725,
2026,4,2026_04_ATL_NO,ATL,NO,Bijan Robinson,,00-0038542,RB,receptions,Receptions,4.213582940709261,4.5,-111.0,-114.0,0.39392189796346844,under,U 4.5,-114.0,0.1377255599633136,HAMMER,2/3,DK,0.5058499762219508,,-0.018092672376705865,8.21749075335799,6.762379603432756,0.2194690265486725,
2026,4,2026_04_ARI_NYG,NYG,ARI,Darnell Mooney,,00-0036309,WR,receptions,Receptions,2.3420887746173014,1.5,-158.0,123.0,0.6257085870249843,over,O 1.5,-158.0,0.021726680078771876,,3/3,DK,0.5847429339401858,,-0.000709587229758446,8.003508809125023,7.820616983825261,0.2785829307568438,
2026,4,2026_04_ARI_NYG,NYG,ARI,Isaiah Likely,,00-0037838,TE,receptions,Receptions,4.592629377979843,4.5,126.0,-162.0,0.4545454545454546,over,O 4.5,126.0,0.027272727272727337,,2/3,DK,,,-0.0002888922553924145,8.333647607785483,8.25538341317021,0.2785829307568438,
2026,4,2026_04_ARI_NYG,NYG,ARI,Malik Nabers,,00-0039337,WR,receptions,Receptions,3.9285541744822274,4.5,-146.0,114.0,0.34762754566449716,under,U 4.5,114.0,0.39607705227797596,LEAN,1/3,DK,0.46301574406821433,capped,0.005375158459788976,6.518393669700214,7.823398115858978,0.2785829307568438,
2026,4,2026_04_ARI_NYG,NYG,ARI,Cam Skattebo,,00-0040715,RB,receptions,Receptions,2.362202404559484,2.5,-116.0,-110.0,0.41098047449086705,under,U 2.5,-110.0,0.12449182142652648,HAMMER,1/3,DK,0.5002067483417566,,-0.0016519331272392135,7.210125420617926,6.834433126506557,0.2785829307568438,
2026,4,2026_04_ARI_NYG,NYG,ARI,Malachi Fields,,00-0041042,WR,receptions,Receptions,2.3033706306724175,1.5,-180.0,140.0,0.6170480789418433,over,O 1.5,-180.0,-0.04014743275713262,,3/3,DK,0.5992535078585716,,,,,,
2026,4,2026_04_ARI_NYG,ARI,NYG,Kendrick Bourne,,00-0033307,WR,receptions,Receptions,3.327999223333102,2.5,145.0,-186.0,0.5892294772202393,over,O 2.5,145.0,0.4436122191895864,LEAN,1/3,DK,0.398479150115594,capped,-0.0281332861757414,6.95662933969881,9.734370206656198,0.3990384615384615,
2026,4,2026_04_ARI_NYG,ARI,NYG,Trey McBride,,00-0037744,TE,receptions,Receptions,5.605041463718676,6.5,-147.0,115.0,0.3216460214150745,under,U 6.5,115.0,0.45846105395758974,LEAN,0/3,DK,0.43583707091250323,capped,-0.02138237293703349,6.367550289938886,8.179992825090865,0.3990384615384615,
2026,4,2026_04_ARI_NYG,ARI,NYG,Michael Wilson,,00-0038559,WR,receptions,Receptions,4.937682523488535,5.5,125.0,-160.0,0.3586500104975856,under,U 5.5,-160.0,0.04219373294142348,,2/3,DK,0.5703254771064667,,0.0007577939453551341,7.781059164089142,7.715845406755773,0.3990384615384615,
2026,4,2026_04_ARI_NYG,ARI,NYG,Marvin Harrison Jr.,,00-0039849,WR,receptions,Receptions,1.8564726912182308,2.5,-116.0,-110.0,0.29655679193785434,under,U 2.5,-110.0,0.34293703357318717,LEAN,2/3,DK,0.4916196594055795,capped,-0.03473313646075871,6.278381021430137,9.587552765277552,0.3990384615384615,✓
2026,4,2026_04_ARI_NYG,ARI,NYG,Jeremiyah Love,,00-0041027,RB,receptions,Receptions,2.8571172400646714,3.5,132.0,-170.0,0.320911190426202,under,U 3.5,-170.0,0.078552815205444,LEAN,2/3,DK,0.6026193700593452,,,,,,
2026,4,2026_04_DAL_HOU,HOU,DAL,Nico Collins,,00-0036554,WR,receptions,Receptions,4.9655884565838315,5.5,103.0,-131.0,0.36347889985303383,under,U 5.5,-131.0,0.12241506972480298,HAMMER,0/1,DK,0.5392245559830146,,-9.019148423106138e-06,9.268987013884091,9.267564242282887,0.2503937007874016,
2026,4,2026_04_DAL_HOU,HOU,DAL,Dalton Schultz,,00-0034383,TE,receptions,Receptions,4.356774319713529,4.5,-121.0,-105.0,0.41759395339072014,under,U 4.5,-105.0,0.13707847195145106,HAMMER,2/3,DK,0.5051072834649797,,0.011063456065729449,6.264108226266952,7.620114730911301,0.2503937007874016,
2026,4,2026_04_DAL_HOU,HOU,DAL,Kayshon Boutte,,00-0038608,WR,receptions,Receptions,1.9530311440773322,1.5,-185.0,144.0,0.5473441108545034,under,U 1.5,144.0,0.1044803695150116,PLAY,1/3,DK,,,0.016672788255720716,7.651754428654857,10.352766566451631,0.2503937007874016,
2026,4,2026_04_DAL_HOU,HOU,DAL,Xavier Hutchinson,,00-0038618,WR,receptions,Receptions,3.3913067436467057,2.5,-125.0,-102.0,0.5995695989922318,over,O 2.5,-125.0,0.07922527818601743,LEAN,3/3,DK,0.5227125020985435,,-0.0006118065260191097,6.8047251962883655,6.734370206656197,0.2503937007874016,
2026,4,2026_04_DAL_HOU,HOU,DAL,Jaylin Noel,,00-0040138,WR,receptions,Receptions,1.90060647947597,1.5,151.0,-194.0,0.5363216460214151,over,O 1.5,151.0,0.3461673315137517,LEAN,2/3,DK,0.3735756453544923,capped,0.01887837083238253,6.117686208692632,8.644367138916163,0.2503937007874016,
2026,4,2026_04_DAL_HOU,DAL,HOU,CeeDee Lamb,,00-0036358,WR,receptions,Receptions,6.368484328493293,5.5,-139.0,109.0,0.5535376863321436,over,O 5.5,-139.0,-0.048233762349767506,,2/3,DK,0.5503854860409507,,-0.0006472689492305062,9.358464935760171,7.094523956185144,0.3069164265129683,
2026,4,2026_04_DAL_HOU,DAL,HOU,Javonte Williams,,00-0036997,RB,receptions,Receptions,2.9643897899164537,2.5,-131.0,103.0,0.5302330463993281,under,U 2.5,103.0,-0.046373084190635905,,1/3,DK,0.46816906454111673,,-3.2814603849518065e-05,5.040592926234956,4.9671161473548535,0.3069164265129683,
2026,4,2026_04_DAL_HOU,DAL,HOU,George Pickens,,00-0037247,WR,receptions,Receptions,4.606952832538675,4.5,-129.0,102.0,0.4565399958009658,under,U 4.5,102.0,0.09778920848204908,PLAY,1/3,DK,0.45606677972290044,,-3.363441064974104e-05,9.464995848446444,9.323613133864484,0.3069164265129683,
2026,4,2026_04_DAL_HOU,DAL,HOU,Jake Ferguson,,00-0038041,TE,receptions,Receptions,2.814345243840057,3.5,100.0,-127.0,0.31267058576527396,under,U 3.5,-127.0,0.22853367741167574,HAMMER,2/3,DK,0.5410289061056794,,0.0005657962815195372,5.145156410017689,6.729376577862641,0.3069164265129683,
2026,4,2026_04_DAL_HOU,DAL,HOU,Ryan Flournoy,,00-0039410,WR,receptions,Receptions,3.541703081856286,3.5,102.0,-130.0,0.4477220239344951,under,U 3.5,-130.0,-0.02289281157641443,,2/3,DK,0.5341679751610744,,8.322605288313412e-05,7.707971749502235,8.003465983266796,0.3069164265129683,
2026,4,2026_04_DEN_SF,SF,DEN,Kyle Juszczyk,,00-0029892,RB,receptions,Receptions,1.5937348503856108,1.5,155.0,-199.0,0.46383581776191474,over,O 1.5,155.0,0.18278133529288243,HAMMER,1/2,DK,0.3750093752343808,,-0.026990137647813883,6.454348717481434,8.00325905889266,0.4402597402597402,
2026,4,2026_04_DEN_SF,SF,DEN,Christian McCaffrey,,00-0033280,RB,receptions,Receptions,3.814396643174667,4.5,-138.0,108.0,0.3290993071593533,under,U 4.5,108.0,0.3954734411085452,LEAN,2/3,DK,0.46209792356027846,capped,0.0024576812343026777,7.271162339400428,7.136610519904109,0.4402597402597402,
2026,4,2026_04_DEN_SF,SF,DEN,George Kittle,,00-0033288,TE,receptions,Receptions,3.8208794654671348,4.5,-136.0,107.0,0.33020155364266224,under,U 4.5,107.0,0.3864827839596894,LEAN,2/3,DK,0.45033913235491163,capped,-0.020513506714750163,8.829939018713342,10.378838991359084,0.4402597402597402,
2026,4,2026_04_DEN_SF,DEN,SF,Evan Engram,,00-0033881,TE,receptions,Receptions,1.9864860887421858,2.5,104.0,-132.0,0.32568759185387364,under,U 2.5,-132.0,0.18515514159016155,HAMMER,2/3,DK,0.5556562578376776,,0.002942338473889361,5.890776996023249,6.217064284198525,0.2539912917271408,
2026,4,2026_04_DEN_SF,DEN,SF,Courtland Sutton,,00-0034348,WR,receptions,Receptions,3.3422854949667844,3.5,111.0,-141.0,0.4120302330463993,under,U 3.5,-141.0,0.004969601672466517,,3/3,DK,0.558101681520053,,-0.0022624015634589156,8.01538816811521,7.695657538587823,0.2539912917271408,
2026,4,2026_04_DEN_SF,DEN,SF,Jaylen Waddle,,00-0036613,WR,receptions,Receptions,3.6902879117009526,4.5,-106.0,-120.0,0.30952131009867734,under,U 4.5,-120.0,0.26587759815242507,LEAN,2/3,DK,0.5295921296526052,capped,0.012618264050406225,7.359926180547728,9.359863880162315,0.2539912917271408,
2026,4,2026_04_DEN_SF,DEN,SF,Pat Bryant,,00-0040134,WR,receptions,Receptions,2.457738614543137,2.5,107.0,-136.0,0.430978374973756,under,U 2.5,-136.0,-0.012580121277988354,,2/3,DK,0.5672003784824999,,0.006911252895186015,6.956694466358615,7.911051645320126,0.2539912917271408,
2026,4,2026_04_DEN_SF,DEN,SF,RJ Harvey,,00-0040730,RB,receptions,Receptions,3.714578295574797,3.5,-106.0,-121.0,0.47638043250052486,under,U 3.5,-121.0,-0.043636988286082645,,0/2,DK,0.5317589119085206,,0.0005029451548927977,6.547548454400703,6.607634036368002,0.2539912917271408,
2026,4,2026_04_DET_CAR,CAR,DET,Darren Waller,,00-0031610,TE,receptions,Receptions,3.174934962928629,2.5,-134.0,105.0,0.5643501994541256,over,O 2.5,-134.0,-0.014492935281601671,,2/3,DK,0.5482472857257387,,-0.010673063412212636,7.131951203685679,7.965737633573235,0.4078125,
2026,4,2026_04_DET_CAR,CAR,DET,Chuba Hubbard,,00-0036555,RB,receptions,Receptions,2.4088794369243747,2.5,-142.0,112.0,0.42058576527398694,under,U 2.5,112.0,0.22835817761914767,HAMMER,1/3,DK,0.4482577945420486,,-0.008060045973554475,5.005906495360457,5.439291459147221,0.4078125,
2026,4,2026_04_DET_CAR,CAR,DET,Tommy Tremble,,00-0037005,TE,receptions,Receptions,2.3541952016672525,1.5,-151.0,118.0,0.6280705437749318,over,O 1.5,-151.0,0.04401130124177399,,2/3,DK,0.5611696616113544,,-0.03826337465784435,5.487584417723604,8.394468941243597,0.4078125,✗
2026,4,2026_04_DET_CAR,CAR,DET,Jalen Coker,,00-0039491,WR,receptions,Receptions,4.334041820799054,4.5,-105.0,-121.0,0.4142872139407936,under,U 4.5,-121.0,0.06977293982714561,LEAN,1/3,DK,0.532463898869475,,0.019334509863007554,9.8580585296217,8.156645601869336,0.4078125,
2026,4,2026_04_DET_CAR,CAR,DET,Tetairoa McMillan,,00-0040124,WR,receptions,Receptions,3.6172816956648255,4.5,-148.0,116.0,0.2982888935544825,under,U 4.5,116.0,0.5156959899223179,LEAN,1/3,DK,0.43724521987477905,capped,0.003678789501586177,8.303796861516826,8.001967179691965,0.4078125,
2026,4,2026_04_DET_CAR,DET,CAR,Amon-Ra St. Brown,,00-0036963,WR,receptions,Receptions,5.163532040877657,7.5,117.0,-149.0,0.1781965148015956,under,U 7.5,-149.0,0.37334944841881,PLAY,1/3,DK,,thin,0.015287252889774283,7.912183261955745,9.302263567448945,0.2115702479338843,
2026,4,2026_04_DET_CAR,DET,CAR,Jameson Williams,,00-0037240,WR,receptions,Receptions,2.9771369395760474,3.5,-107.0,-119.0,0.3426411925257191,under,U 3.5,-119.0,0.2097611666963657,HAMMER,1/3,DK,0.5182394658201346,,-0.020168848862894717,11.104589795167952,9.096069979363568,0.2115702479338843,
2026,4,2026_04_DET_CAR,DET,CAR,Sam LaPorta,,00-0039065,TE,receptions,Receptions,3.9514507738434985,4.5,-113.0,-113.0,0.3515116523199664,under,U 4.5,-113.0,0.22237184120218734,HAMMER,1/3,DK,0.5111866211253229,,0.013867944230038454,7.864146334107428,9.103545397845831,0.2115702479338843,
2026,4,2026_04_DET_CAR,DET,CAR,Jahmyr Gibbs,,00-0039139,RB,receptions,Receptions,3.791939650043866,4.5,-126.0,-101.0,0.3257925677094269,under,U 4.5,-101.0,0.3417395434693584,LEAN,0/3,DK,0.47187317214349533,capped,-0.002411478917875076,7.111391862955032,6.938589908711945,0.2115702479338843,
2026,4,2026_04_DET_CAR,DET,CAR,Isaac TeSlaa,,00-0040669,WR,receptions,Receptions,1.9382819260082962,1.5,-106.0,-120.0,0.5442473231156835,over,O 1.5,-106.0,0.05768819397953573,LEAN,2/3,DK,0.48372582953021115,,0.0019820017289011727,7.775129109459629,7.935310626646702,0.2115702479338843,
2026,4,2026_04_GB_TB,TB,GB,Chris Godwin Jr.,,00-0033921,WR,receptions,Receptions,2.8800158433328447,2.5,-131.0,103.0,0.5142767163552383,under,U 2.5,103.0,-0.013981734201133689,,0/3,DK,0.45969857831247785,,0.022530800150075025,7.118409996476296,8.837863022891861,0.2003034901365705,
2026,4,2026_04_GB_TB,TB,GB,Kenny Gainwell,,00-0036919,RB,receptions,Receptions,2.2462810540809888,2.5,128.0,-163.0,0.3849989502414445,under,U 2.5,-163.0,-0.007697692720858296,,2/3,DK,0.5976717887531722,,-0.0024462834522018806,6.235317864288974,6.097317685198173,0.2003034901365705,
2026,4,2026_04_GB_TB,TB,GB,Cade Otton,,00-0038129,TE,receptions,Receptions,3.95671388315569,2.5,-166.0,130.0,0.703128280495486,over,O 2.5,-166.0,0.12669953380601973,HAMMER,3/3,DK,0.5894925035723534,,0.02410562743844258,6.14039079229122,7.746002683803069,0.2003034901365705,
2026,4,2026_04_GB_TB,TB,GB,Bucky Irving,,00-0039361,RB,receptions,Receptions,3.144654061542587,2.5,-128.0,100.0,0.5594163342431241,over,O 2.5,-128.0,-0.003539654629435174,,2/3,DK,0.5156838339478486,,0.03430361946359106,5.882383119200571,8.252373445063132,0.2003034901365705,✓
2026,4,2026_04_GB_TB,TB,GB,Emeka Egbuka,,00-0040129,WR,receptions,Receptions,4.2261465904672395,3.5,110.0,-141.0,0.5567919378542936,over,O 3.5,110.0,0.1692630694940167,HAMMER,2/3,DK,0.4606244785820087,,0.018054158032096534,6.572453577934738,7.803768981493767,0.2003034901365705,
2026,4,2026_04_GB_TB,GB,TB,Jonnu Smith,,00-0033858,TE,receptions,Receptions,2.4876488494448497,1.5,157.0,-202.0,0.6585135418853664,over,O 1.5,157.0,0.6923798026453918,LEAN,2/2,DK,0.36589444278981503,capped,0.001823317538013125,6.211638899044236,7.023491656538746,0.2939346811819596,
2026,4,2026_04_GB_TB,GB,TB,Skyy Moore,,00-0038090,WR,receptions,Receptions,2.5070494947674193,2.5,151.0,-194.0,0.44163342431240815,over,O 2.5,151.0,0.10849989502414448,PLAY,1/3,DK,,,,,,,
2026,4,2026_04_GB_TB,GB,TB,Christian Watson,,00-0038124,WR,receptions,Receptions,5.203675001406449,4.5,-153.0,119.0,0.5425152214990552,under,U 4.5,119.0,0.001891664917069047,,1/3,DK,0.4296340763165223,,0.001014567913220743,9.543307749681206,10.210628012283223,0.2939346811819596,
2026,4,2026_04_GB_TB,GB,TB,Tucker Kraft,,00-0038996,TE,receptions,Receptions,3.7204661296248305,4.5,128.0,-163.0,0.3140877598152425,under,U 4.5,-163.0,0.10671729551282949,PLAY,3/3,DK,,,-0.003373540887227855,10.325912525535948,8.339980204166364,0.2939346811819596,
2026,4,2026_04_GB_TB,GB,TB,MarShawn Lloyd,,00-0039811,RB,receptions,Receptions,2.12136343911963,1.5,145.0,-186.0,0.5792042830149066,over,O 1.5,145.0,0.4190504933865211,LEAN,2/3,DK,0.3867666469284743,capped,,,,,
2026,4,2026_04_GB_TB,GB,TB,Matthew Golden,,00-0040667,WR,receptions,Receptions,4.8391807205577315,4.5,-129.0,101.0,0.4910245643501995,under,U 4.5,101.0,0.02304062565609888,,1/3,DK,0.47866733941040907,,-0.0006233002239433016,8.404062887411248,8.069153392554233,0.2939346811819596,
2026,4,2026_04_IND_WAS,WAS,IND,Stefon Diggs,,00-0031588,WR,receptions,Receptions,4.092324604082039,4.5,120.0,-153.0,0.3747638043250052,under,U 4.5,-153.0,0.03388730395930506,,2/3,DK,0.56236009392325,,-0.007890761459092399,7.687940944438183,8.90225785067949,0.3645533141210375,
2026,4,2026_04_IND_WAS,WAS,IND,Terry McLaurin,,00-0035659,WR,receptions,Receptions,3.6082900657802113,4.5,116.0,-148.0,0.29729162292672684,under,U 4.5,-148.0,0.1775113345552144,HAMMER,2/3,DK,0.5630337298344983,,-0.02101202092796528,7.136286581013562,10.80319356447182,0.3645533141210375,
2026,4,2026_04_IND_WAS,WAS,IND,Antonio Williams,,00-0041040,WR,receptions,Receptions,2.7606786345454393,1.5,-162.0,127.0,0.7144131849674575,over,O 1.5,-162.0,0.1554089781572463,HAMMER,3/3,DK,0.5814760342113175,,,,,,
2026,4,2026_04_IND_WAS,IND,WAS,Keenan Allen,,00-0030279,WR,receptions,Receptions,4.5051434646216,3.5,-131.0,103.0,0.5961053957589755,over,O 3.5,-131.0,0.051147682597888044,LEAN,2/3,DK,0.5467043791139866,,-0.0005633861932434758,5.030450277773618,7.50451796821263,0.3106796116504854,
2026,4,2026_04_IND_WAS,IND,WAS,Jonathan Taylor,,00-0036223,RB,receptions,Receptions,2.8003033019880954,2.5,-134.0,105.0,0.49879277766113794,under,U 2.5,105.0,0.027474805794667212,,1/3,DK,0.4487051413392079,,-1.0253916449598499e-05,6.399008472209292,6.4419599664374525,0.3106796116504854,
2026,4,2026_04_IND_WAS,IND,WAS,Josh Downs,,00-0038997,WR,receptions,Receptions,4.316018356298609,5.5,111.0,-141.0,0.27319966407726226,under,U 5.5,-141.0,0.24226156707361568,LEAN,2/3,DK,0.5547887252080894,capped,0.00020097460289814073,7.521403542923886,6.618183134930889,0.3106796116504854,
2026,4,2026_04_IND_WAS,IND,WAS,Tyler Warren,,00-0040128,TE,receptions,Receptions,4.320793539728093,5.5,107.0,-137.0,0.27398698299391144,under,U 5.5,-137.0,0.2559495257696569,LEAN,1/3,DK,0.5354967375314751,capped,-0.0001654537034602166,6.702756959314775,7.483503305053779,0.3106796116504854,
2026,4,2026_04_JAX_CIN,CIN,JAX,Samaje Perine,,00-0033526,RB,receptions,Receptions,1.8834189829928274,1.5,-119.0,-107.0,0.5328574427881587,over,O 1.5,-119.0,-0.019363193524312927,,1/3,DK,0.5108362417581535,,-0.007512413244007532,7.464225863513639,6.733624713425527,0.2375838926174496,
2026,4,2026_04_JAX_CIN,CIN,JAX,Mike Gesicki,,00-0034829,TE,receptions,Receptions,3.5449116508123657,2.5,-118.0,-108.0,0.6275456644971656,over,O 2.5,-118.0,0.15936402424052631,HAMMER,2/2,DK,0.5263348113974359,,0.016684350556386063,6.724240749694919,8.592992252359135,0.2375838926174496,
2026,4,2026_04_JAX_CIN,CIN,JAX,Drew Sample,,00-0035631,TE,receptions,Receptions,1.8778994690125368,1.5,120.0,-154.0,0.5316502204492967,over,O 1.5,120.0,0.16963048498845268,HAMMER,1/2,DK,0.4340848029643798,,-0.013503156511813885,7.108206120052497,5.921612408947675,0.2375838926174496,
2026,4,2026_04_JAX_CIN,CIN,JAX,Tee Higgins,,00-0036410,WR,receptions,Receptions,4.292338410311986,4.5,102.0,-131.0,0.40798866260760025,under,U 4.5,-131.0,0.04392838883697969,,1/3,DK,0.5318466808789697,,0.01188107340252409,7.607122311355428,9.033746855566465,0.2375838926174496,
2026,4,2026_04_JAX_CIN,CIN,JAX,Ja'Marr Chase,,00-0036900,WR,receptions,Receptions,5.262674508438987,6.5,-143.0,112.0,0.2796556791937854,under,U 6.5,112.0,0.527129960109175,LEAN,1/3,DK,0.4545448789487274,capped,0.015450704720261665,7.488766438333127,9.38912491756077,0.2375838926174496,
2026,4,2026_04_JAX_CIN,CIN,JAX,Chase Brown,,00-0038597,RB,receptions,Receptions,3.016318842023058,3.5,111.0,-142.0,0.3505668696199874,under,U 3.5,-142.0,0.10678040529551436,PLAY,2/3,DK,0.5546372058135818,,-0.022267213143468245,6.733634138880391,5.009092216013494,0.2375838926174496,
2026,4,2026_04_JAX_CIN,CIN,JAX,Dohnte Meyers,,00-0040785,WR,receptions,Receptions,1.9561116467354471,2.5,141.0,-181.0,0.3186017216040311,under,U 2.5,-181.0,0.057861415631310864,LEAN,2/3,DK,0.6164437968910608,,,,,,
2026,4,2026_04_JAX_CIN,JAX,CIN,Jakobi Meyers,,00-0034960,WR,receptions,Receptions,3.4616731942051246,3.5,-131.0,103.0,0.4329204283014907,under,U 3.5,103.0,0.15117153054797394,HAMMER,2/3,DK,0.4757622634809541,,-0.0009817063286203798,7.5493121562707,7.698182948037472,0.3596059113300492,
2026,4,2026_04_JAX_CIN,JAX,CIN,Parker Washington,,00-0038606,WR,receptions,Receptions,4.453155543646756,5.5,114.0,-146.0,0.29010077682133106,under,U 5.5,-146.0,0.1961315678215929,LEAN,2/3,DK,0.5540921544474662,capped,-0.016124914429290205,6.51539079229122,9.1872448140791,0.3596059113300492,
2026,4,2026_04_JAX_CIN,JAX,CIN,Brenton Strange,,00-0038935,TE,receptions,Receptions,3.0093683680101657,3.5,-105.0,-121.0,0.3494646231366786,under,U 3.5,-121.0,0.18816791972557056,HAMMER,3/3,DK,0.5356713896643863,,-0.006228095113295917,7.303796861516827,8.289290662829783,0.3596059113300492,
2026,4,2026_04_JAX_CIN,JAX,CIN,Brian Thomas Jr.,,00-0039893,WR,receptions,Receptions,2.5321109656410843,2.5,104.0,-132.0,0.44688221709006926,under,U 2.5,-132.0,-0.02785359367345508,,1/3,DK,0.559034024344811,,-0.0022533893999520105,8.341986353573114,8.726364730911301,0.3596059113300492,
2026,4,2026_04_JAX_CIN,JAX,CIN,Bhayshul Tuten,,00-0040719,RB,receptions,Receptions,1.988398832476456,1.5,-155.0,121.0,0.5543774931765694,under,U 1.5,121.0,-0.01517425992021837,,1/3,DK,0.44953600149381145,,,,,,
2026,4,2026_04_JAX_CIN,JAX,CIN,Josh Cameron,,00-0041100,WR,receptions,Receptions,1.676165306215784,1.5,161.0,-207.0,0.48525089229477225,over,O 1.5,161.0,0.26650482888935567,PLAY,1/3,DK,,thin,,,,,
2026,4,2026_04_KC_LV,LV,KC,Jalen Nailor,,00-0037291,WR,receptions,Receptions,2.31428515594883,1.5,-157.0,123.0,0.6190951081251312,over,O 1.5,-157.0,0.013423202472348406,,1/3,DK,0.5818829520547312,,-0.0011714398853210906,8.241033190578158,8.433143758807699,0.3602058319039451,
2026,4,2026_04_KC_LV,LV,KC,Tre Tucker,,00-0038563,WR,receptions,Receptions,4.029629097096424,3.5,128.0,-163.0,0.5279235775771572,over,O 3.5,128.0,0.2036657568759186,HAMMER,2/3,DK,0.43272055326481684,,0.0037976525137746187,7.473543897216274,6.944864690616327,0.3602058319039451,
2026,4,2026_04_KC_LV,LV,KC,Michael Mayer,,00-0039066,TE,receptions,Receptions,3.856474975676193,2.5,-124.0,-103.0,0.6849674574847785,over,O 2.5,-124.0,0.23736056835959984,HAMMER,3/3,DK,0.5362908253218457,,0.0025685675423721133,6.667180237112864,6.343058867536354,0.3602058319039451,
2026,4,2026_04_KC_LV,LV,KC,Brock Bowers,,00-0039338,TE,receptions,Receptions,6.549502776565715,7.5,114.0,-145.0,0.32379802645391564,under,U 7.5,-145.0,0.14254816219855626,PLAY,0/1,DK,,thin,0.0025809745884419755,7.926581998080188,7.53943694445385,0.3602058319039451,
2026,4,2026_04_KC_LV,LV,KC,Ashton Jeanty,,00-0040122,RB,receptions,Receptions,4.044109546197802,3.5,120.0,-153.0,0.5304429981104346,over,O 3.5,120.0,0.16697459584295626,HAMMER,2/3,DK,0.4410355421544241,,0.014743682824203352,6.868706737712265,5.215229461822602,0.3602058319039451,
2026,4,2026_04_KC_LV,KC,LV,Travis Kelce,,00-0030506,TE,receptions,Receptions,4.3387680931712165,4.5,123.0,-157.0,0.4148645811463364,under,U 4.5,-157.0,-0.04216686213126408,,2/3,DK,0.5462031732449889,,-0.012722681118378376,7.7136726423274995,6.854546371444022,0.2037037037037037,
2026,4,2026_04_KC_LV,KC,LV,Noah Gray,,00-0036637,TE,receptions,Receptions,1.5972172802077427,1.5,166.0,-214.0,0.4643082091119043,over,O 1.5,166.0,0.23505983623766546,HAMMER,1/3,DK,0.3633083838260648,,0.020974212709403472,6.314035142965109,7.770114478709701,0.2037037037037037,
2026,4,2026_04_KC_LV,KC,LV,Tyquan Thornton,,00-0038104,WR,receptions,Receptions,1.8841160801114374,1.5,105.0,-134.0,0.532962418643712,over,O 1.5,105.0,0.09257295821960954,PLAY,2/3,DK,0.4694725887976403,,0.033433106683616876,7.385653104925053,10.384367138916163,0.2037037037037037,✓
2026,4,2026_04_KC_LV,KC,LV,Kenneth Walker III,,00-0038134,RB,receptions,Receptions,3.4381243627061546,2.5,-162.0,127.0,0.6085975225698089,over,O 2.5,-162.0,-0.015724994362407707,,2/3,DK,0.5744288372857392,,-0.01969303087256169,7.869693916110341,6.5678621913718,0.2037037037037037,
2026,4,2026_04_KC_LV,KC,LV,Rashee Rice,,00-0039067,WR,receptions,Receptions,4.291391610442134,4.5,-128.0,100.0,0.407883686752047,under,U 4.5,100.0,0.184232626495906,HAMMER,2/3,DK,0.4617575837550796,,0.04867469545915282,5.536787339400428,9.289556988785192,0.2037037037037037,✗
2026,4,2026_04_KC_LV,KC,LV,Xavier Worthy,,00-0039894,WR,receptions,Receptions,3.2481990970189734,3.5,134.0,-172.0,0.39392189796346844,under,U 3.5,-172.0,-0.04155090840734532,,2/3,DK,0.5925921546121642,,0.004401357068443579,7.347167128865799,7.662961627651307,0.2037037037037037,
2026,4,2026_04_KC_LV,KC,LV,Emmett Johnson,,00-0041013,RB,receptions,Receptions,1.354618090738593,1.5,165.0,-213.0,0.3988557631744699,over,O 1.5,165.0,0.056967772412345186,LEAN,2/3,DK,0.3702134709004297,,,,,,
2026,4,2026_04_LAC_SEA,SEA,LAC,Cooper Kupp,,00-0033908,WR,receptions,Receptions,2.810349651874534,2.5,108.0,-138.0,0.5008398068444258,over,O 2.5,108.0,0.0417467982364057,,1/3,DK,0.44120779095308227,,0.005504330760981446,7.29861323544407,7.838220115277607,0.2308917197452229,
2026,4,2026_04_LAC_SEA,SEA,LAC,Rashid Shaheed,,00-0037545,WR,receptions,Receptions,2.5636471104102543,1.5,-187.0,146.0,0.6744698719294562,over,O 1.5,-187.0,0.03514894782756106,,2/3,DK,,,0.027248485414526735,6.004854653720924,8.75813745332612,0.2308917197452229,
2026,4,2026_04_LAC_SEA,SEA,LAC,Jaxon Smith-Njigba,,00-0038543,WR,receptions,Receptions,6.040019404436542,6.5,-147.0,115.0,0.3797501574637834,under,U 6.5,115.0,0.3335371614528657,LEAN,0/3,DK,0.4461352463846081,capped,0.0006374672785121049,9.33094953985975,9.40739169490166,0.2308917197452229,
2026,4,2026_04_LAC_SEA,SEA,LAC,George Holani,,00-0039299,RB,receptions,Receptions,2.136646293022009,1.5,118.0,-151.0,0.5825635103926097,over,O 1.5,118.0,0.2699884526558889,PLAY,1/3,DK,,thin,,,,,
2026,4,2026_04_LAC_SEA,SEA,LAC,AJ Barner,,00-0039793,TE,receptions,Receptions,3.380746527550924,2.5,-177.0,138.0,0.5978374973756035,under,U 2.5,138.0,-0.04285324375393651,,2/3,DK,,,-0.01926073394642369,8.524185530743347,6.731012681736525,0.2308917197452229,
2026,4,2026_04_LAC_SEA,SEA,LAC,Tory Horton,,00-0040648,WR,receptions,Receptions,2.2467568718898407,1.5,134.0,-172.0,0.6053957589754356,over,O 1.5,134.0,0.41662607600251933,PLAY,1/1,DK,,thin,-0.01360063545493928,7.981011462400806,6.742588340679163,0.2308917197452229,
2026,4,2026_04_LAC_SEA,SEA,LAC,Jadarian Price,,00-0041512,RB,receptions,Receptions,1.7953263131785153,1.5,-117.0,-108.0,0.5130694940163762,over,O 1.5,-117.0,-0.04840957092689191,,1/3,DK,0.49871006356806735,,,,,,
2026,4,2026_04_LA_PHI,PHI,LA,Zach Ertz,,00-0030061,TE,receptions,Receptions,1.372354892949972,1.5,-123.0,-104.0,0.40520680243543983,under,U 1.5,-104.0,0.16670973368432973,HAMMER,1/1,DK,0.48162808726324746,,0.011847738410784903,6.108371839663398,7.789120920833136,0.2579013906447535,
2026,4,2026_04_LA_PHI,PHI,LA,Johnny Mundt,,00-0033246,TE,receptions,Receptions,1.241755506572911,1.5,156.0,-200.0,0.3654209531807684,under,U 1.5,-200.0,-0.04813142977115259,,1/2,DK,0.625695646898859,,-0.002412522639017256,6.727035633887882,6.420305949096803,0.2579013906447535,
2026,4,2026_04_LA_PHI,PHI,LA,Saquon Barkley,,00-0034844,RB,receptions,Receptions,1.6977121806098605,1.5,-151.0,118.0,0.4900272937224438,under,U 1.5,118.0,0.11174049968507238,PLAY,3/3,DK,0.4376924249637705,,-0.026300813311842863,8.005452149563498,4.972183569458082,0.2579013906447535,
2026,4,2026_04_LA_PHI,PHI,LA,DeVonta Smith,,00-0036912,WR,receptions,Receptions,5.2910499644733315,5.5,-126.0,-101.0,0.4105605710686542,under,U 5.5,-101.0,0.1730428239128763,HAMMER,1/3,DK,0.45815683928168893,,0.015440007839597314,7.293689475534533,10.069042952336542,0.2579013906447535,
2026,4,2026_04_LA_PHI,PHI,LA,Dontayvion Wicks,,00-0038393,WR,receptions,Receptions,3.3269189442213634,3.5,131.0,-167.0,0.4094058366575688,over,O 3.5,131.0,-0.05427251732101601,,1/3,DK,0.4275236867390732,,0.01899362463580423,5.183757187883454,7.76649839264953,0.2579013906447535,
2026,4,2026_04_LA_PHI,PHI,LA,Makai Lemon,,00-0040867,WR,receptions,Receptions,2.520860838331426,2.5,-136.0,106.0,0.4445727482678984,under,U 2.5,106.0,0.1441801385681294,HAMMER,1/3,DK,0.4298203945636119,,,,,,
2026,4,2026_04_LA_PHI,LA,PHI,Puka Nacua,,00-0039075,WR,receptions,Receptions,4.058321864807596,6.5,116.0,-148.0,0.147753516691161,under,U 6.5,-148.0,0.4280887017607573,LEAN,1/1,DK,0.5636894791659091,capped,-0.012111410466498107,8.614714935760171,9.50095770590267,0.4352409638554217,
2026,4,2026_04_LA_PHI,LA,PHI,Davante Adams,,00-0031381,WR,receptions,Receptions,4.406675184892058,4.5,-146.0,114.0,0.425047239134999,under,U 4.5,114.0,0.23039890825110199,HAMMER,1/3,DK,0.44520639064681,,-0.02393633219533864,6.561633272152544,7.995204643839314,0.4352409638554217,
2026,4,2026_04_LA_PHI,LA,PHI,Kyren Williams,,00-0037840,RB,receptions,Receptions,2.9469959031654556,2.5,128.0,-164.0,0.526611379382742,over,O 2.5,128.0,0.200673944992652,HAMMER,2/3,DK,0.4224152677002891,,0.015617636986191341,6.413970180030137,5.682183569458082,0.4352409638554217,
2026,4,2026_04_MIA_MIN,MIN,MIA,Aaron Jones,,00-0033293,RB,receptions,Receptions,2.307541401471869,2.5,-169.0,132.0,0.3983308838967038,under,U 2.5,132.0,0.39587234935964744,LEAN,2/3,DK,0.407427304682884,capped,-0.0016916162222255782,6.380537339400428,6.075982704692717,0.2748735244519393,
2026,4,2026_04_MIA_MIN,MIA,MIN,Jaylen Wright,,00-0039874,RB,receptions,Receptions,1.2915616210536875,1.5,180.0,-233.0,0.3808524039470922,over,O 1.5,180.0,0.066386731051858,LEAN,0/2,DK,,,,,,,
2026,4,2026_04_MIA_MIN,MIA,MIN,Greg Dulcich,,00-0037252,TE,receptions,Receptions,2.872182741377649,2.5,-165.0,129.0,0.5128595423052698,under,U 2.5,129.0,0.11555164812093222,PLAY,2/3,DK,0.4126230113543857,,0.002384227271650996,7.451599697694924,7.593743556488659,0.182509505703422,
2026,4,2026_04_MIA_MIN,MIA,MIN,Malik Washington,,00-0039880,WR,receptions,Receptions,4.085262950721952,3.5,-151.0,118.0,0.536059206382532,under,U 3.5,118.0,0.011390930086080164,,1/3,DK,0.4384972389093952,,-0.0049968376922412405,6.21131407595158,5.972728989664786,0.182509505703422,
2026,4,2026_04_MIA_MIN,MIA,MIN,Chris Bell,,00-0041525,WR,receptions,Receptions,2.068698675378025,2.5,-104.0,-123.0,0.34374343900902793,under,U 2.5,-123.0,0.18979848049582748,HAMMER,2/3,DK,0.5339220625965608,,,,,,
2026,4,2026_04_NE_BUF,BUF,NE,DJ Moore,,00-0034827,WR,receptions,Receptions,3.991390072750869,3.5,-139.0,109.0,0.5220974175939535,under,U 3.5,109.0,-0.0011836027713627573,,1/3,DK,0.448301931843766,,-0.000758763235363169,6.432680906790309,7.8316862979287025,0.3131578947368421,
2026,4,2026_04_NE_BUF,BUF,NE,Ty Johnson,,00-0035537,RB,receptions,Receptions,2.987278801026071,1.5,-136.0,107.0,0.754041570438799,over,O 1.5,-136.0,0.30848390164379835,LEAN,1/1,DK,0.5369854822625509,capped,0.001386144312607751,9.667087794432549,6.971263821706583,0.3131578947368421,
2026,4,2026_04_NE_BUF,BUF,NE,James Cook,,00-0037248,RB,receptions,Receptions,1.7173492036197469,1.5,-114.0,-112.0,0.49485618307789203,under,U 1.5,-112.0,-0.04383491796886707,,2/3,DK,0.5168360955175525,,0.0013753108796263902,8.62025245125662,6.231546469226605,0.3131578947368421,
2026,4,2026_04_NE_BUF,BUF,NE,Khalil Shakir,,00-0037261,WR,receptions,Receptions,3.3232136692798306,3.5,-149.0,117.0,0.40877598152424943,under,U 3.5,117.0,0.2829561200923787,LEAN,2/3,DK,0.4329582193437387,capped,-0.0007616927854188216,6.919351437285056,8.43088690349877,0.3131578947368421,
2026,4,2026_04_NE_BUF,BUF,NE,Dalton Kincaid,,00-0038933,TE,receptions,Receptions,4.197320991861368,4.5,-107.0,-119.0,0.3911925257190846,under,U 4.5,-119.0,0.12041039384470986,HAMMER,1/3,DK,0.5152399538979198,,-0.0012318745534348752,6.666895540452472,9.264255892677747,0.3131578947368421,
2026,4,2026_04_NE_BUF,BUF,NE,Keon Coleman,,00-0039901,WR,receptions,Receptions,2.5572942247931127,1.5,105.0,-134.0,0.6737350409405837,over,O 1.5,105.0,0.3811568339281963,LEAN,1/3,DK,0.4584879971304088,capped,-0.0011633382879632226,6.7042466329124055,9.134452065076424,0.3131578947368421,
2026,4,2026_04_NE_BUF,NE,BUF,Hunter Henry,,00-0033090,TE,receptions,Receptions,2.788116645459786,3.5,102.0,-129.0,0.3084190636153684,under,U 3.5,-129.0,0.22769018939597396,LEAN,3/3,DK,0.5325017727392429,capped,0.0009008231011078394,6.430186181081125,9.0611725164899,0.3063209076175041,
2026,4,2026_04_NE_BUF,NE,BUF,Mack Hollins,,00-0033555,WR,receptions,Receptions,3.6021251050542653,3.5,-119.0,-107.0,0.45758975435649796,under,U 3.5,-107.0,0.049335708861728333,,1/3,DK,0.4837900362624292,,0.0008394252792416346,6.9189559722149685,9.507112445008,0.3063209076175041,
2026,4,2026_04_NE_BUF,NE,BUF,Rhamondre Stevenson,,00-0036875,RB,receptions,Receptions,2.8202555786719667,2.5,-135.0,106.0,0.502834348099937,under,U 2.5,106.0,0.0241612429141298,,1/3,DK,0.46449575105053287,,0.0003440652812773948,6.481815709867101,7.344126304217173,0.3063209076175041,
2026,4,2026_04_NE_BUF,NE,BUF,Romeo Doubs,,00-0037816,WR,receptions,Receptions,2.416395731754637,3.5,110.0,-140.0,0.24601091748897752,under,U 3.5,-140.0,0.29255271287603857,LEAN,3/3,DK,0.5671494162847335,capped,-4.225785774181201e-05,8.31809620112618,8.194897867945686,0.3063209076175041,
2026,4,2026_04_NE_BUF,NE,BUF,DeMario Douglas,,00-0038621,WR,receptions,Receptions,2.9411977344145663,2.5,-143.0,112.0,0.525929036321646,under,U 2.5,112.0,0.005030442998110507,,2/3,DK,0.4517210980459798,,-0.0005035740885782625,8.498434298082016,7.14919957790008,0.3063209076175041,
2026,4,2026_04_NE_BUF,NE,BUF,TreVeyon Henderson,,00-0040734,RB,receptions,Receptions,1.5580403042902067,1.5,116.0,-148.0,0.45517530967877384,over,O 1.5,116.0,-0.016821331093848424,,0/2,DK,0.40932711710089503,,4.513060571165184e-05,6.267268277760783,6.368545348346162,0.3063209076175041,
2026,4,2026_04_NYJ_CHI,CHI,NYJ,Kalif Raymond,,00-0032464,WR,receptions,Receptions,4.673587588843751,3.5,111.0,-142.0,0.6224543355028344,over,O 3.5,111.0,0.3133786479109806,LEAN,3/3,DK,0.4471802868254846,capped,0.016926412774178168,9.553508857309714,7.987186179439479,0.4006908462867012,
2026,4,2026_04_NYJ_CHI,CHI,NYJ,Cole Kmet,,00-0036290,TE,receptions,Receptions,1.5157378025024677,1.5,154.0,-199.0,0.4445202603401218,over,O 1.5,154.0,0.1290814612639095,HAMMER,1/3,DK,0.36388650619260776,,-0.023594560094305383,6.36220556745182,8.357186633825894,0.4006908462867012,
2026,4,2026_04_NYJ_CHI,CHI,NYJ,Rome Odunze,,00-0039919,WR,receptions,Receptions,2.8135574018186373,2.5,-125.0,-102.0,0.5013646861221919,under,U 2.5,-102.0,-0.01250653526159562,,1/3,DK,0.500365793626705,,-0.003074455939719667,7.185039906560249,7.432071923234779,0.4006908462867012,
2026,4,2026_04_NYJ_CHI,CHI,NYJ,Colston Loveland,,00-0040126,TE,receptions,Receptions,1.9239439390287505,3.5,-104.0,-123.0,0.15945832458534537,under,U 3.5,-123.0,0.5239088911989267,LEAN,2/3,DK,0.5061576354679802,capped,-0.016708230106005417,7.029443254817987,8.497507583591222,0.4006908462867012,
2026,4,2026_04_NYJ_CHI,CHI,NYJ,Luther Burden III,,00-0040735,WR,receptions,Receptions,4.790804435111367,4.5,-105.0,-121.0,0.48393869410035695,over,O 4.5,-105.0,-0.05516731151835075,,2/3,DK,0.46592355201725555,,-0.01170156234177877,8.009086915939164,9.131980669950684,0.4006908462867012,
2026,4,2026_04_NYJ_CHI,NYJ,CHI,Garrett Wilson,,00-0037740,WR,receptions,Receptions,5.141948053584632,6.5,-104.0,-122.0,0.2666911610329624,under,U 6.5,-122.0,0.3343816577924783,LEAN,2/3,DK,0.5202705227541844,capped,0.005234079621546872,7.172995479419463,6.870910438044678,0.4298118668596237,
2026,4,2026_04_NYJ_CHI,NYJ,CHI,Isaiah Williams,,00-0039451,WR,receptions,Receptions,2.5587320463155603,2.5,-108.0,-117.0,0.4516586185177409,under,U 2.5,-117.0,0.01700922890299328,,2/3,DK,0.49295614603501814,,0.0059868082477512186,6.559819023278303,6.245144085272555,0.4298118668596237,
2026,4,2026_04_NYJ_CHI,NYJ,CHI,Braelon Allen,,00-0039794,RB,receptions,Receptions,1.760645652704621,1.5,-127.0,-101.0,0.504199034222129,under,U 1.5,-101.0,-0.013306988897504146,,2/3,DK,0.45668867327062135,,-0.00012984123029380346,6.640904992674405,6.648056117757338,0.4298118668596237,
2026,4,2026_04_NYJ_CHI,NYJ,CHI,Isaiah Davis,,00-0039798,RB,receptions,Receptions,1.2908780679342544,1.5,-106.0,-121.0,0.38074742809153894,under,U 1.5,-121.0,0.13103155695677593,HAMMER,2/2,DK,0.5293849639614494,,-0.010572331696223403,6.561957624253353,7.173931263128456,0.4298118668596237,
2026,4,2026_04_NYJ_CHI,NYJ,CHI,Kenyon Sadiq,,00-0041032,TE,receptions,Receptions,4.001627292734322,4.5,121.0,-155.0,0.3603821121142138,under,U 4.5,-155.0,0.05227458974758359,LEAN,2/3,DK,0.5587727633412692,,,,,,
2026,4,2026_04_TEN_BAL,BAL,TEN,Mark Andrews,,00-0034753,TE,receptions,Receptions,4.229447573526478,3.5,-150.0,118.0,0.557264329204283,under,U 3.5,118.0,-0.034836237665337166,,1/3,DK,0.4364238761832351,,-0.004667379255402393,8.142122670511162,7.345639969149578,0.2646566164154104,
2026,4,2026_04_TEN_BAL,BAL,TEN,Rashod Bateman,,00-0036550,WR,receptions,Receptions,3.2947720959344853,2.5,-132.0,104.0,0.5835607810203653,over,O 2.5,-132.0,0.025652281793369314,,1/3,DK,0.5349966846837871,,0.004772147898738144,8.067777085083891,9.002453448829305,0.2646566164154104,
2026,4,2026_04_TEN_BAL,BAL,TEN,Zay Flowers,,00-0039064,WR,receptions,Receptions,4.595322719098658,5.5,124.0,-158.0,0.3094163342431241,under,U 5.5,-158.0,0.1276619352232531,HAMMER,2/2,DK,0.5731091482422771,,-7.029341778619358e-05,9.226525296430054,9.211962874643476,0.2646566164154104,
2026,4,2026_04_TEN_BAL,TEN,BAL,Wan'Dale Robinson,,00-0038117,WR,receptions,Receptions,4.199164807575559,3.5,-153.0,120.0,0.5525929036321646,under,U 3.5,120.0,-0.015704387990762125,,1/3,DK,0.4245129055118444,,-0.0024021996284776526,5.57503180957701,6.78869614997828,0.3218390804597701,
2026,4,2026_04_TEN_BAL,TEN,BAL,Elic Ayomanor,,00-0040170,WR,receptions,Receptions,2.025571016623264,1.5,-167.0,130.0,0.5613583875708588,under,U 1.5,130.0,0.0088757085870248,,2/3,DK,0.4208361127214145,,-8.867595175710008e-05,6.314507494646681,6.358831689032278,0.3218390804597701,
2026,4,2026_04_TEN_BAL,TEN,BAL,Gunnar Helm,,00-0040584,TE,receptions,Receptions,2.7957849142232893,2.5,-134.0,105.0,0.49800545874448876,under,U 2.5,105.0,0.029088809573798002,,2/3,DK,0.4509719728546573,,-0.0011112402825493861,6.520838773698229,7.128411827278253,0.3218390804597701,
2026,4,2026_04_TEN_BAL,TEN,BAL,Carnell Tate,,00-0041438,WR,receptions,Receptions,4.027367108755854,4.5,108.0,-138.0,0.3645286584085661,under,U 4.5,-138.0,0.09595782100551653,PLAY,2/3,DK,0.5403524154157626,,,,,,
2026,4,2026_04_PIT_CLE,CLE,PIT,Jerry Jeudy,,00-0036407,WR,receptions,Receptions,1.5842840385130768,1.5,116.0,-149.0,0.46178878857862693,over,O 1.5,116.0,-0.0025362166701657918,,1/2,DK,0.4384917556095621,,0.0009763821929404948,7.326135218541378,7.1739187913440965,0.355463347164592,
2026,4,2026_04_PIT_CLE,CLE,PIT,Blake Whiteheart,,00-0038710,TE,receptions,Receptions,1.65077435055993,0.5,-116.0,-110.0,0.7665861851774092,over,O 0.5,-116.0,0.42743634481310666,PLAY,2/2,DK,,thin,,,,,
2026,4,2026_04_PIT_CLE,CLE,PIT,Raheim Sanders,,00-0040466,RB,receptions,Receptions,2.6658811672967717,1.5,-159.0,124.0,0.6954125551123241,over,O 1.5,-159.0,0.13277894197542106,HAMMER,2/3,DK,0.5933680642018153,,,,,,
2026,4,2026_04_PIT_CLE,CLE,PIT,Harold Fannin Jr.,,00-0040663,TE,receptions,Receptions,4.186050922055086,4.5,-103.0,-124.0,0.3895129120302331,under,U 4.5,-124.0,0.10281538471957896,PLAY,1/3,DK,0.5206048543612984,,0.0004852028155222232,6.989912339400428,6.917216563253279,0.355463347164592,
2026,4,2026_04_PIT_CLE,CLE,PIT,Quinshon Judkins,,00-0040784,RB,receptions,Receptions,2.355319138322437,1.5,-190.0,148.0,0.6282280075582616,over,O 1.5,-190.0,-0.041125672674232394,,3/3,DK,,,-0.007181322573223015,5.667268277760783,6.651340332270749,0.355463347164592,
2026,4,2026_04_PIT_CLE,CLE,PIT,Denzel Boston,,00-0041037,WR,receptions,Receptions,3.2311155640417435,2.5,-162.0,127.0,0.57280075582616,under,U 2.5,127.0,-0.03025771572538316,,2/3,DK,0.4267346978242508,,,,,,
2026,4,2026_04_PIT_CLE,CLE,PIT,KC Concepcion,,00-0041547,WR,receptions,Receptions,4.081311844458195,3.5,-160.0,125.0,0.5355868150325425,under,U 3.5,125.0,0.044929666176779515,,1/3,DK,0.42238068136532914,,,,,,
2026,4,2026_04_PIT_CLE,PIT,CLE,DK Metcalf,,00-0035640,WR,receptions,Receptions,3.5245505840300404,3.5,-146.0,114.0,0.4445727482678984,under,U 3.5,114.0,0.18861431870669731,HAMMER,1/3,DK,0.44094558966858244,,-0.01683999994704455,7.6762092497348355,9.161656134268002,0.4078014184397163,
2026,4,2026_04_PIT_CLE,PIT,CLE,Michael Pittman,,00-0036252,WR,receptions,Receptions,2.7849627908217083,3.5,112.0,-142.0,0.3078416964098257,under,U 3.5,-142.0,0.1795937286536773,HAMMER,2/2,DK,0.5452123314491732,,-0.02138431894914128,6.224375130279888,7.811155564084713,0.4078014184397163,
2026,4,2026_04_PIT_CLE,PIT,CLE,Pat Freiermuth,,00-0036894,TE,receptions,Receptions,3.3240217777313235,3.5,139.0,-178.0,0.40893344530757925,over,O 3.5,139.0,-0.022649065714885785,,2/3,DK,0.41020738144436825,,-0.003875628986927393,7.96733814471145,8.289058860609336,0.4078014184397163,
2026,4,2026_04_PIT_CLE,PIT,CLE,Jaylen Warren,,00-0037228,RB,receptions,Receptions,2.855531414798004,3.5,-108.0,-118.0,0.3206487507873189,under,U 3.5,-118.0,0.2550726468505464,LEAN,2/3,DK,0.5137293811813328,capped,0.0036155520379430595,7.14420372003191,6.888849040678435,0.4078014184397163,
2026,4,2026_04_PIT_CLE,PIT,CLE,Darnell Washington,,00-0038558,TE,receptions,Receptions,2.2757208956361548,1.5,-156.0,122.0,0.611956749947512,over,O 1.5,-156.0,0.004236717862583728,,2/3,DK,0.5710397424405053,,-0.021846029520710353,6.723667730596743,8.481425462982727,0.4078014184397163,
2026,4,2026_04_PIT_CLE,PIT,CLE,Roman Wilson,,00-0039739,WR,receptions,Receptions,3.4589441201363336,2.5,131.0,-167.0,0.6124816292252782,over,O 2.5,131.0,0.41483256351039266,LEAN,3/3,DK,0.40316724181644875,capped,0.009291053515493308,7.863364403577276,7.168063701238059,0.4078014184397163,
2026,4,2026_04_PIT_CLE,PIT,CLE,Germie Bernard,,00-0041489,WR,receptions,Receptions,2.385439355046851,1.5,150.0,-193.0,0.6361011967247533,over,O 1.5,150.0,0.5902529918118833,LEAN,1/2,DK,0.36581778165458173,capped,,,,,
2026,4,2026_04_ATL_NO,NO,ATL,Treyton Welch,,00-0039518,TE,atd,Anytime TD,0.12086035305815869,0.5,2500.0,,0.12086035305815869,over,Treyton Welch TD,2500.0,2.142369179512126,HAMMER,0/1,DK,,,,,,,
2026,4,2026_04_ATL_NO,NO,ATL,Oscar Delp,,00-0041041,TE,atd,Anytime TD,0.11831449187640738,0.5,2200.0,,0.11831449187640738,over,Oscar Delp TD,2200.0,1.72123331315737,HAMMER,0/1,DK,,,,,,,
2026,4,2026_04_ATL_NO,NO,ATL,Alvin Kamara,,00-0033906,RB,atd,Anytime TD,0.23204268111491608,0.5,115.0,,0.23204268111491608,over,Alvin Kamara TD,115.0,-0.5011082356029304,,0/2,DK,,,,,,,
2026,4,2026_04_ATL_NO,NO,ATL,Noah Fant,,00-0035644,TE,atd,Anytime TD,0.22564314787448314,0.5,500.0,,0.22564314787448314,over,Noah Fant TD,500.0,0.35385888724689885,HAMMER,2/3,DK,,,,,,,
2026,4,2026_04_ATL_NO,NO,ATL,Juwan Johnson,,00-0036040,TE,atd,Anytime TD,0.267643968665832,0.5,230.0,,0.267643968665832,over,Juwan Johnson TD,230.0,-0.11677490340275443,,2/3,DK,,,,,,,
2026,4,2026_04_ATL_NO,NO,ATL,Chris Olave,,00-0037239,WR,atd,Anytime TD,0.3933587240006473,0.5,115.0,,0.3933587240006473,over,Chris Olave TD,115.0,-0.15427874339860836,,1/3,DK,,,,,,,
2026,4,2026_04_ATL_NO,NO,ATL,Kendre Miller,,00-0038551,RB,atd,Anytime TD,0.19852972607479413,0.5,350.0,,0.19852972607479413,over,Kendre Miller TD,350.0,-0.10661623266342635,,1/2,DK,,,,,,,
2026,4,2026_04_ATL_NO,NO,ATL,Devaughn Vele,,00-0039424,WR,atd,Anytime TD,0.281853604899398,0.5,215.0,,0.281853604899398,over,Devaughn Vele TD,215.0,-0.11216114456689641,,1/3,DK,,,,,,,
2026,4,2026_04_ATL_NO,NO,ATL,Tyler Shough,,00-0040743,QB,atd,Anytime TD,0.21665105275425078,0.5,310.0,,0.21665105275425078,over,Tyler Shough TD,310.0,-0.11173068370757189,,1/3,DK,,,,,,,
2026,4,2026_04_ATL_NO,NO,ATL,Bryce Lance,,00-0041067,WR,atd,Anytime TD,0.11801336698628648,0.5,500.0,,0.11801336698628648,over,Bryce Lance TD,500.0,-0.2919197980822812,,0/3,DK,,,,,,,
2026,4,2026_04_ATL_NO,NO,ATL,CJ Donaldson,,00-0041326,RB,atd,Anytime TD,0.1241129250772349,0.5,950.0,,0.1241129250772349,over,CJ Donaldson TD,950.0,0.30318571331096633,HAMMER,0/3,DK,,,,,,,
2026,4,2026_04_ATL_NO,ATL,NO,Charlie Woerner,,00-0036429,TE,atd,Anytime TD,0.12205249697254285,0.5,2500.0,,0.12205249697254285,over,Charlie Woerner TD,2500.0,2.173364921286114,HAMMER,0/1,DK,,,,,,,
2026,4,2026_04_ATL_NO,ATL,NO,Austin Hooper,,00-0032392,TE,atd,Anytime TD,0.16055986017429344,0.5,750.0,,0.16055986017429344,over,Austin Hooper TD,750.0,0.36475881148149414,HAMMER,1/2,DK,,,,,,,
2026,4,2026_04_ATL_NO,ATL,NO,Olamide Zaccheaus,,00-0035208,WR,atd,Anytime TD,0.12236809128791844,0.5,750.0,,0.12236809128791844,over,Olamide Zaccheaus TD,750.0,0.040128775947306794,,0/3,DK,,,,,,,
2026,4,2026_04_ATL_NO,ATL,NO,Chris Blair,,00-0036463,WR,atd,Anytime TD,0.12613420262319786,0.5,3000.0,,0.12613420262319786,over,Chris Blair TD,3000.0,2.9101602813191336,HAMMER,0/3,DK,,,,,,,
2026,4,2026_04_ATL_NO,ATL,NO,Kyle Pitts,,00-0036970,TE,atd,Anytime TD,0.12443413429028181,0.5,450.0,,0.12443413429028181,over,Kyle Pitts TD,450.0,-0.31561226140345,,0/3,DK,,,,,,,
2026,4,2026_04_ATL_NO,ATL,NO,Drake London,,00-0037238,WR,atd,Anytime TD,0.3556843467014446,0.5,130.0,,0.3556843467014446,over,Drake London TD,130.0,-0.18192600258667746,,0/3,DK,,,,,,,
2026,4,2026_04_ATL_NO,ATL,NO,Nick Muse,,00-0037317,TE,atd,Anytime TD,0.12301702908142655,0.5,3500.0,,0.12301702908142655,over,Nick Muse TD,3500.0,3.428613046931356,HAMMER,0/2,DK,,,,,,,
2026,4,2026_04_ATL_NO,ATL,NO,Jahan Dotson,,00-0037741,WR,atd,Anytime TD,0.1723551605547945,0.5,450.0,,0.1723551605547945,over,Jahan Dotson TD,450.0,-0.05204661694863022,,0/3,DK,,,,,,,
2026,4,2026_04_ATL_NO,ATL,NO,Brian Robinson,,00-0037746,RB,atd,Anytime TD,0.2944273207723037,0.5,330.0,,0.2944273207723037,over,Brian Robinson TD,330.0,0.26603747932090593,HAMMER,1/3,DK,,,,,,,
2026,4,2026_04_ATL_NO,ATL,NO,Bijan Robinson,,00-0038542,RB,atd,Anytime TD,0.5858043696514256,0.5,-245.0,,0.5858043696514256,over,Bijan Robinson TD,-245.0,-0.17509180600105378,,2/3,DK,,,,,,,
2026,4,2026_04_ATL_NO,ATL,NO,Michael Penix Jr.,,00-0039917,QB,atd,Anytime TD,0.11811891163616563,0.5,750.0,,0.11811891163616563,over,Michael Penix Jr. TD,750.0,0.004010748907407935,,0/1,DK,,,,,,,
2026,4,2026_04_ATL_NO,ATL,NO,Zachariah Branch,,00-0041044,WR,atd,Anytime TD,0.12167736924075873,0.5,1200.0,,0.12167736924075873,over,Zachariah Branch TD,1200.0,0.5818058001298634,HAMMER,0/3,DK,,,,,,,
2026,4,2026_04_ARI_NYG,NYG,ARI,Patrick Ricard,,00-0033376,RB,atd,Anytime TD,0.10123953170474645,0.5,3000.0,,0.10123953170474645,over,Patrick Ricard TD,3000.0,2.13842548284714,HAMMER,0/1,DK,,,,,,,
2026,4,2026_04_ARI_NYG,NYG,ARI,Devin Singletary,,00-0035250,RB,atd,Anytime TD,0.1399849316864798,0.5,1100.0,,0.1399849316864798,over,Devin Singletary TD,1100.0,0.6798191802377576,HAMMER,1/2,DK,,,,,,,
2026,4,2026_04_ARI_NYG,NYG,ARI,Theo Johnson,,00-0039847,TE,atd,Anytime TD,0.11115879069242181,0.5,650.0,,0.11115879069242181,over,Theo Johnson TD,650.0,-0.16630906980683646,,0/2,DK,,,,,,,
2026,4,2026_04_ARI_NYG,NYG,ARI,Jameis Winston,,00-0031503,QB,atd,Anytime TD,0.10427895476865569,0.5,850.0,,0.10427895476865569,over,Jameis Winston TD,850.0,-0.009349929697770931,,0/2,DK,,,,,,,
2026,4,2026_04_ARI_NYG,NYG,ARI,Braxton Berrios,,00-0034419,WR,atd,Anytime TD,0.10667578478817064,0.5,1300.0,,0.10667578478817064,over,Braxton Berrios TD,1300.0,0.4934609870343889,HAMMER,0/3,DK,,,,,,,
2026,4,2026_04_ARI_NYG,NYG,ARI,Darnell Mooney,,00-0036309,WR,atd,Anytime TD,0.1261735265254304,0.5,750.0,,0.1261735265254304,over,Darnell Mooney TD,750.0,0.07247497546615844,LEAN,0/3,DK,,,,,,,
2026,4,2026_04_ARI_NYG,NYG,ARI,Najee Harris,,00-0036893,RB,atd,Anytime TD,0.20536066813688453,0.5,330.0,,0.20536066813688453,over,Najee Harris TD,330.0,-0.11694912701139659,,0/2,DK,,,,,,,
2026,4,2026_04_ARI_NYG,NYG,ARI,Isaiah Likely,,00-0037838,TE,atd,Anytime TD,0.2594130467537747,0.5,280.0,,0.2594130467537747,over,Isaiah Likely TD,280.0,-0.01423042233565619,,1/3,DK,,,,,,,
2026,4,2026_04_ARI_NYG,NYG,ARI,Malik Nabers,,00-0039337,WR,atd,Anytime TD,0.24691503267998974,0.5,205.0,,0.24691503267998974,over,Malik Nabers TD,205.0,-0.24690915032603133,,0/3,DK,,,,,,,
2026,4,2026_04_ARI_NYG,NYG,ARI,Tyrone Tracy Jr.,,00-0039384,RB,atd,Anytime TD,0.10514197065207545,0.5,1400.0,,0.10514197065207545,over,Tyrone Tracy Jr. TD,1400.0,0.5771295597811317,HAMMER,0/3,DK,,,,,,,
2026,4,2026_04_ARI_NYG,NYG,ARI,Cam Skattebo,,00-0040715,RB,atd,Anytime TD,0.4457393685011064,0.5,-135.0,,0.4457393685011064,over,Cam Skattebo TD,-135.0,-0.22408332149807408,,1/3,DK,,,,,,,
2026,4,2026_04_ARI_NYG,NYG,ARI,Malachi Fields,,00-0041042,WR,atd,Anytime TD,0.18160763782954945,0.5,450.0,,0.18160763782954945,over,Malachi Fields TD,450.0,-0.001157991937478009,,0/3,DK,,,,,,,
2026,4,2026_04_ARI_NYG,ARI,NYG,Jacoby Brissett,,00-0033119,QB,atd,Anytime TD,0.15410170073011845,0.5,600.0,,0.15410170073011845,over,Jacoby Brissett TD,600.0,0.07871190511082915,LEAN,1/3,DK,,,,,,,
2026,4,2026_04_ARI_NYG,ARI,NYG,Kendrick Bourne,,00-0033307,WR,atd,Anytime TD,0.2180090712398596,0.5,600.0,,0.2180090712398596,over,Kendrick Bourne TD,600.0,0.5260634986790171,HAMMER,0/3,DK,,,,,,,
2026,4,2026_04_ARI_NYG,ARI,NYG,Devin Duvernay,,00-0036331,WR,atd,Anytime TD,0.11747847099222622,0.5,2000.0,,0.11747847099222622,over,Devin Duvernay TD,2000.0,1.4670478908367506,HAMMER,0/3,DK,,,,,,,
2026,4,2026_04_ARI_NYG,ARI,NYG,Simi Fehoko,,00-0036646,WR,atd,Anytime TD,0.11109246207641403,0.5,2200.0,,0.11109246207641403,over,Simi Fehoko TD,2200.0,1.5551266277575229,HAMMER,0/2,DK,,,,,,,
2026,4,2026_04_ARI_NYG,ARI,NYG,Hunter Long,,00-0037004,TE,atd,Anytime TD,0.12015311819801427,0.5,1500.0,,0.12015311819801427,over,Hunter Long TD,1500.0,0.9224498911682284,HAMMER,0/3,DK,,,,,,,
2026,4,2026_04_ARI_NYG,ARI,NYG,Tyler Allgeier,,00-0037263,RB,atd,Anytime TD,0.19134777823067628,0.5,270.0,,0.19134777823067628,over,Tyler Allgeier TD,270.0,-0.2920132205464977,,0/3,DK,,,,,,,
2026,4,2026_04_ARI_NYG,ARI,NYG,Trey McBride,,00-0037744,TE,atd,Anytime TD,0.3151197644337017,0.5,160.0,,0.3151197644337017,over,Trey McBride TD,160.0,-0.18068861247237555,,2/3,DK,,,,,,,
2026,4,2026_04_ARI_NYG,ARI,NYG,Michael Wilson,,00-0038559,WR,atd,Anytime TD,0.3473138167873536,0.5,210.0,,0.3473138167873536,over,Michael Wilson TD,210.0,0.07667283204079633,LEAN,1/3,DK,,,,,,,
2026,4,2026_04_ARI_NYG,ARI,NYG,Jalen Brooks,,00-0038640,WR,atd,Anytime TD,0.11109246207641403,0.5,2200.0,,0.11109246207641403,over,Jalen Brooks TD,2200.0,1.5551266277575229,HAMMER,0/2,DK,,,,,,,
2026,4,2026_04_ARI_NYG,ARI,NYG,Elijah Higgins,,00-0039041,TE,atd,Anytime TD,0.11380225010321617,0.5,1100.0,,0.11380225010321617,over,Elijah Higgins TD,1100.0,0.36562700123859404,HAMMER,0/2,DK,,,,,,,
2026,4,2026_04_ARI_NYG,ARI,NYG,Marvin Harrison Jr.,,00-0039849,WR,atd,Anytime TD,0.12800475322084007,0.5,360.0,,0.12800475322084007,over,Marvin Harrison Jr. TD,360.0,-0.4111781351841357,,0/3,DK,,,,,,,
2026,4,2026_04_ARI_NYG,ARI,NYG,Jeremiyah Love,,00-0041027,RB,atd,Anytime TD,0.43965475821128797,0.5,-140.0,,0.43965475821128797,over,Jeremiyah Love TD,-140.0,-0.24630612878064917,,2/3,DK,,,,,,,
2026,4,2026_04_DAL_HOU,HOU,DAL,Nico Collins,,00-0036554,WR,atd,Anytime TD,0.3480284755059241,0.5,165.0,,0.3480284755059241,over,Nico Collins TD,165.0,-0.07772453990930117,,1/1,DK,,,,,,,
2026,4,2026_04_DAL_HOU,HOU,DAL,Cade Stover,,00-0039359,TE,atd,Anytime TD,0.11155982513179594,0.5,1400.0,,0.11155982513179594,over,Cade Stover TD,1400.0,0.673397376976939,HAMMER,0/1,DK,,,,,,,
2026,4,2026_04_DAL_HOU,HOU,DAL,Marlin Klein,,00-0041472,TE,atd,Anytime TD,0.11242123424180854,0.5,1800.0,,0.11242123424180854,over,Marlin Klein TD,1800.0,1.1360034505943624,HAMMER,0/1,DK,,,,,,,
2026,4,2026_04_DAL_HOU,HOU,DAL,British Brooks,,00-0039603,RB,atd,Anytime TD,0.10531919113146805,0.5,2200.0,,0.10531919113146805,over,British Brooks TD,2200.0,1.4223413960237652,HAMMER,0/1,DK,,,,,,,
2026,4,2026_04_DAL_HOU,HOU,DAL,Dalton Schultz,,00-0034383,TE,atd,Anytime TD,0.2168097752238002,0.5,225.0,,0.2168097752238002,over,Dalton Schultz TD,225.0,-0.29536823052264927,,0/3,DK,,,,,,,
2026,4,2026_04_DAL_HOU,HOU,DAL,Foster Moreau,,00-0034981,TE,atd,Anytime TD,0.1742233523339352,0.5,850.0,,0.1742233523339352,over,Foster Moreau TD,850.0,0.6551218471723845,HAMMER,1/3,DK,,,,,,,
2026,4,2026_04_DAL_HOU,HOU,DAL,David Montgomery,,00-0035685,RB,atd,Anytime TD,0.4247602494233473,0.5,-150.0,,0.4247602494233473,over,David Montgomery TD,-150.0,-0.29206625096108796,,1/3,DK,,,,,,,
2026,4,2026_04_DAL_HOU,HOU,DAL,Kayshon Boutte,,00-0038608,WR,atd,Anytime TD,0.13794382223536428,0.5,340.0,,0.13794382223536428,over,Kayshon Boutte TD,340.0,-0.39304718216439716,,0/3,DK,,,,,,,
2026,4,2026_04_DAL_HOU,HOU,DAL,Xavier Hutchinson,,00-0038618,WR,atd,Anytime TD,0.24634808352793533,0.5,380.0,,0.24634808352793533,over,Xavier Hutchinson TD,380.0,0.18247080093408963,HAMMER,0/3,DK,,,,,,,
2026,4,2026_04_DAL_HOU,HOU,DAL,Jared Wayne,,00-0038728,WR,atd,Anytime TD,0.138467525761164,0.5,750.0,,0.138467525761164,over,Jared Wayne TD,750.0,0.17697396896989392,HAMMER,0/3,DK,,,,,,,
2026,4,2026_04_DAL_HOU,HOU,DAL,C.J. Stroud,,00-0039163,QB,atd,Anytime TD,0.13700598332636427,0.5,550.0,,0.13700598332636427,over,C.J. Stroud TD,550.0,-0.10946110837863232,,0/3,DK,,,,,,,
2026,4,2026_04_DAL_HOU,HOU,DAL,Jaylin Noel,,00-0040138,WR,atd,Anytime TD,0.11932401589573594,0.5,600.0,,0.11932401589573594,over,Jaylin Noel TD,600.0,-0.16473188872984845,,0/3,DK,,,,,,,
2026,4,2026_04_DAL_HOU,HOU,DAL,Woody Marks,,00-0040583,RB,atd,Anytime TD,0.22260075987236436,0.5,205.0,,0.22260075987236436,over,Woody Marks TD,205.0,-0.32106768238928873,,1/3,DK,,,,,,,
2026,4,2026_04_DAL_HOU,DAL,HOU,Jonathan Mingo,,00-0039062,WR,atd,Anytime TD,0.11613717297441814,0.5,2800.0,,0.11613717297441814,over,Jonathan Mingo TD,2800.0,2.367978016258126,HAMMER,0/1,DK,,,,,,,
2026,4,2026_04_DAL_HOU,DAL,HOU,Emari Demercado,,00-0038705,RB,atd,Anytime TD,0.11724430383319466,0.5,1200.0,,0.11724430383319466,over,Emari Demercado TD,1200.0,0.5241759498315306,HAMMER,0/2,DK,,,,,,,
2026,4,2026_04_DAL_HOU,DAL,HOU,Hunter Luepke,,00-0038738,RB,atd,Anytime TD,0.11724430383319466,0.5,1300.0,,0.11724430383319466,over,Hunter Luepke TD,1300.0,0.6414202536647253,HAMMER,0/2,DK,,,,,,,
2026,4,2026_04_DAL_HOU,DAL,HOU,Dak Prescott,,00-0033077,QB,atd,Anytime TD,0.14861425527556252,0.5,650.0,,0.14861425527556252,over,Dak Prescott TD,650.0,0.11460691456671879,PLAY,0/3,DK,,,,,,,
2026,4,2026_04_DAL_HOU,DAL,HOU,CeeDee Lamb,,00-0036358,WR,atd,Anytime TD,0.3973000864234145,0.5,135.0,,0.3973000864234145,over,CeeDee Lamb TD,135.0,-0.06634479690497586,,2/3,DK,,,,,,,
2026,4,2026_04_DAL_HOU,DAL,HOU,Javonte Williams,,00-0036997,RB,atd,Anytime TD,0.5037577303463738,0.5,-130.0,,0.5037577303463738,over,Javonte Williams TD,-130.0,-0.1087363232333386,,2/3,DK,,,,,,,
2026,4,2026_04_DAL_HOU,DAL,HOU,Tyler Goodson,,00-0037120,RB,atd,Anytime TD,0.16607766518572178,0.5,900.0,,0.16607766518572178,over,Tyler Goodson TD,900.0,0.6607766518572178,HAMMER,0/1,DK,,,,,,,
2026,4,2026_04_DAL_HOU,DAL,HOU,George Pickens,,00-0037247,WR,atd,Anytime TD,0.3346874861722412,0.5,170.0,,0.3346874861722412,over,George Pickens TD,170.0,-0.09634378733494875,,0/3,DK,,,,,,,
2026,4,2026_04_DAL_HOU,DAL,HOU,KaVontae Turpin,,00-0037801,WR,atd,Anytime TD,0.1527275699909856,0.5,1000.0,,0.1527275699909856,over,KaVontae Turpin TD,1000.0,0.6800032699008416,HAMMER,1/3,DK,,,,,,,
2026,4,2026_04_DAL_HOU,DAL,HOU,Jake Ferguson,,00-0038041,TE,atd,Anytime TD,0.2207126640482534,0.5,310.0,,0.2207126640482534,over,Jake Ferguson TD,310.0,-0.09507807740216112,,2/3,DK,,,,,,,
2026,4,2026_04_DAL_HOU,DAL,HOU,Luke Schoonmaker,,00-0038547,TE,atd,Anytime TD,0.11878539295695192,0.5,1300.0,,0.11878539295695192,over,Luke Schoonmaker TD,1300.0,0.662995501397327,HAMMER,0/2,DK,,,,,,,
2026,4,2026_04_DAL_HOU,DAL,HOU,Ryan Flournoy,,00-0039410,WR,atd,Anytime TD,0.21784765822775645,0.5,330.0,,0.21784765822775645,over,Ryan Flournoy TD,330.0,-0.06325506962064731,,0/3,DK,,,,,,,
2026,4,2026_04_DAL_HOU,DAL,HOU,Brevyn Spann-Ford,,00-0039530,TE,atd,Anytime TD,0.12090680698365856,0.5,1100.0,,0.12090680698365856,over,Brevyn Spann-Ford TD,1100.0,0.4508816838039027,HAMMER,0/3,DK,,,,,,,
2026,4,2026_04_DEN_SF,SF,DEN,Kyle Juszczyk,,00-0029892,RB,atd,Anytime TD,0.18712495862395181,0.5,600.0,,0.18712495862395181,over,Kyle Juszczyk TD,600.0,0.3098747103676627,HAMMER,1/2,DK,,,,,,,
2026,4,2026_04_DEN_SF,SF,DEN,Mike Evans,,00-0031408,WR,atd,Anytime TD,0.3305905562314026,0.5,165.0,,0.3305905562314026,over,Mike Evans TD,165.0,-0.12393502598678319,,2/3,DK,,,,,,,
2026,4,2026_04_DEN_SF,SF,DEN,Christian McCaffrey,,00-0033280,RB,atd,Anytime TD,0.6196987202014871,0.5,-195.0,,0.6196987202014871,over,Christian McCaffrey TD,-195.0,-0.06250706431057085,,2/3,DK,,,,,,,
2026,4,2026_04_DEN_SF,SF,DEN,George Kittle,,00-0033288,TE,atd,Anytime TD,0.31866031306400977,0.5,155.0,,0.31866031306400977,over,George Kittle TD,155.0,-0.1874162016867752,,2/3,DK,,,,,,,
2026,4,2026_04_DEN_SF,SF,DEN,KhaDarel Hodge,,00-0034854,WR,atd,Anytime TD,0.13732402597897933,0.5,850.0,,0.13732402597897933,over,KhaDarel Hodge TD,850.0,0.30457824680030354,HAMMER,0/3,DK,,,,,,,
2026,4,2026_04_DEN_SF,SF,DEN,Deebo Samuel Sr.,,00-0035719,WR,atd,Anytime TD,0.27812551186975754,0.5,165.0,,0.27812551186975754,over,Deebo Samuel Sr. TD,165.0,-0.26296739354514254,,2/3,DK,,,,,,,
2026,4,2026_04_DEN_SF,SF,DEN,Luke Farrell,,00-0036887,TE,atd,Anytime TD,0.13626474766866434,0.5,1100.0,,0.13626474766866434,over,Luke Farrell TD,1100.0,0.6351769720239719,HAMMER,0/3,DK,,,,,,,
2026,4,2026_04_DEN_SF,SF,DEN,Brock Purdy,,00-0037834,QB,atd,Anytime TD,0.24205805146966786,0.5,320.0,,0.24205805146966786,over,Brock Purdy TD,320.0,0.01664381617260502,,1/3,DK,,,,,,,
2026,4,2026_04_DEN_SF,SF,DEN,Brayden Willis,,00-0038643,TE,atd,Anytime TD,0.1367443983999861,0.5,3000.0,,0.1367443983999861,over,Brayden Willis TD,3000.0,3.2390763503995688,HAMMER,0/2,DK,,,,,,,
2026,4,2026_04_DEN_SF,SF,DEN,Jacob Cowing,,00-0039365,WR,atd,Anytime TD,0.14674438779241636,0.5,850.0,,0.14674438779241636,over,Jacob Cowing TD,850.0,0.39407168402795545,HAMMER,0/3,DK,,,,,,,
2026,4,2026_04_DEN_SF,SF,DEN,Jordan Watkins,,00-0040172,WR,atd,Anytime TD,0.20208971801387252,0.5,1300.0,,0.20208971801387252,over,Jordan Watkins TD,1300.0,1.8292560521942152,HAMMER,0/1,DK,,,,,,,
2026,4,2026_04_DEN_SF,SF,DEN,Kaelon Black,,00-0041052,RB,atd,Anytime TD,0.2387310765400659,0.5,320.0,,0.2387310765400659,over,Kaelon Black TD,320.0,0.002670521468276732,,0/3,DK,,,,,,,
2026,4,2026_04_DEN_SF,DEN,SF,Adam Trautman,,00-0036422,TE,atd,Anytime TD,0.12258520768820211,0.5,1000.0,,0.12258520768820211,over,Adam Trautman TD,1000.0,0.34843728457022327,HAMMER,0/1,DK,,,,,,,
2026,4,2026_04_DEN_SF,DEN,SF,Marvin Mims Jr.,,00-0038976,WR,atd,Anytime TD,0.0962622791305583,0.5,950.0,,0.0962622791305583,over,Marvin Mims Jr. TD,950.0,0.010753930870862183,,0/1,DK,,,,,,,
2026,4,2026_04_DEN_SF,DEN,SF,Lil'Jordan Humphrey,,00-0035406,WR,atd,Anytime TD,0.0954846814194153,0.5,1300.0,,0.0954846814194153,over,Lil'Jordan Humphrey TD,1300.0,0.33678553987181425,HAMMER,0/1,DK,,,,,,,
2026,4,2026_04_DEN_SF,DEN,SF,Evan Engram,,00-0033881,TE,atd,Anytime TD,0.12743755278729846,0.5,500.0,,0.12743755278729846,over,Evan Engram TD,500.0,-0.23537468327620925,,1/3,DK,,,,,,,
2026,4,2026_04_DEN_SF,DEN,SF,Courtland Sutton,,00-0034348,WR,atd,Anytime TD,0.19390272861867228,0.5,225.0,,0.19390272861867228,over,Courtland Sutton TD,225.0,-0.36981613198931507,,0/3,DK,,,,,,,
2026,4,2026_04_DEN_SF,DEN,SF,J.K. Dobbins,,00-0036158,RB,atd,Anytime TD,0.300776565647464,0.5,115.0,,0.300776565647464,over,J.K. Dobbins TD,115.0,-0.35333038385795235,,0/3,DK,,,,,,,
2026,4,2026_04_DEN_SF,DEN,SF,Jaylen Waddle,,00-0036613,WR,atd,Anytime TD,0.287166085700721,0.5,215.0,,0.287166085700721,over,Jaylen Waddle TD,215.0,-0.0954268300427289,,0/3,DK,,,,,,,
2026,4,2026_04_DEN_SF,DEN,SF,Adam Prentice,,00-0036727,RB,atd,Anytime TD,0.09239048964522252,0.5,3000.0,,0.09239048964522252,over,Adam Prentice TD,3000.0,1.864105179001898,HAMMER,0/2,DK,,,,,,,
2026,4,2026_04_DEN_SF,DEN,SF,Tyler Badie,,00-0037085,RB,atd,Anytime TD,0.0963390430295191,0.5,1100.0,,0.0963390430295191,over,Tyler Badie TD,1100.0,0.15606851635422903,HAMMER,0/2,DK,,,,,,,
2026,4,2026_04_DEN_SF,DEN,SF,Nate Adkins,,00-0038783,TE,atd,Anytime TD,0.17249988431712007,0.5,1200.0,,0.17249988431712007,over,Nate Adkins TD,1200.0,1.2424984961225611,HAMMER,2/3,DK,,,,,,,
2026,4,2026_04_DEN_SF,DEN,SF,Bo Nix,,00-0039732,QB,atd,Anytime TD,0.13386743222599157,0.5,350.0,,0.13386743222599157,over,Bo Nix TD,350.0,-0.3975965549830379,,1/3,DK,,,,,,,
2026,4,2026_04_DEN_SF,DEN,SF,Troy Franklin,,00-0039868,WR,atd,Anytime TD,0.10186525106083462,0.5,1000.0,,0.10186525106083462,over,Troy Franklin TD,1000.0,0.12051776166918082,HAMMER,0/3,DK,,,,,,,
2026,4,2026_04_DEN_SF,DEN,SF,Pat Bryant,,00-0040134,WR,atd,Anytime TD,0.14962038005416392,0.5,360.0,,0.14962038005416392,over,Pat Bryant TD,360.0,-0.311746251750846,,1/3,DK,,,,,,,
2026,4,2026_04_DEN_SF,DEN,SF,RJ Harvey,,00-0040730,RB,atd,Anytime TD,0.2018269305252361,0.5,215.0,,0.2018269305252361,over,RJ Harvey TD,215.0,-0.3642451688455063,,0/2,DK,,,,,,,
2026,4,2026_04_DET_CAR,CAR,DET,Darren Waller,,00-0031610,TE,atd,Anytime TD,0.22816398019135745,0.5,235.0,,0.22816398019135745,over,Darren Waller TD,235.0,-0.2356506663589525,,1/3,DK,,,,,,,
2026,4,2026_04_DET_CAR,CAR,DET,David Moore,,00-0033589,WR,atd,Anytime TD,0.10910626687739851,0.5,2200.0,,0.10910626687739851,over,David Moore TD,2200.0,1.5094441381801658,HAMMER,0/1,DK,,,,,,,
2026,4,2026_04_DET_CAR,CAR,DET,AJ Dillon,,00-0036265,RB,atd,Anytime TD,0.11760823171375373,0.5,700.0,,0.11760823171375373,over,AJ Dillon TD,700.0,-0.05913414628997016,,0/3,DK,,,,,,,
2026,4,2026_04_DET_CAR,CAR,DET,Chuba Hubbard,,00-0036555,RB,atd,Anytime TD,0.4528638577875027,0.5,-130.0,,0.4528638577875027,over,Chuba Hubbard TD,-130.0,-0.19877932852980296,,2/3,DK,,,,,,,
2026,4,2026_04_DET_CAR,CAR,DET,Feleipe Franks,,00-0036825,TE,atd,Anytime TD,0.12244851539535298,0.5,4000.0,,0.12244851539535298,over,Feleipe Franks TD,4000.0,4.020389131209472,HAMMER,0/3,DK,,,,,,,
2026,4,2026_04_DET_CAR,CAR,DET,Tommy Tremble,,00-0037005,TE,atd,Anytime TD,0.16178436355650722,0.5,450.0,,0.16178436355650722,over,Tommy Tremble TD,450.0,-0.11018600043921034,,0/3,DK,,,,,,,
2026,4,2026_04_DET_CAR,CAR,DET,John Metchie III,,00-0037614,WR,atd,Anytime TD,0.1307601293651111,0.5,650.0,,0.1307601293651111,over,John Metchie III TD,650.0,-0.019299029761666642,,1/2,DK,,,,,,,
2026,4,2026_04_DET_CAR,CAR,DET,Brycen Tremayne,,00-0038840,WR,atd,Anytime TD,0.12171978516484169,0.5,650.0,,0.12171978516484169,over,Brycen Tremayne TD,650.0,-0.08710161126368732,,0/3,DK,,,,,,,
2026,4,2026_04_DET_CAR,CAR,DET,Bryce Young,,00-0039150,QB,atd,Anytime TD,0.1477215770313389,0.5,450.0,,0.1477215770313389,over,Bryce Young TD,450.0,-0.18753132632763603,,1/3,DK,,,,,,,
2026,4,2026_04_DET_CAR,CAR,DET,Jalen Coker,,00-0039491,WR,atd,Anytime TD,0.3230101158200122,0.5,210.0,,0.3230101158200122,over,Jalen Coker TD,210.0,0.0013313590420378496,,1/3,DK,,,,,,,
2026,4,2026_04_DET_CAR,CAR,DET,Tetairoa McMillan,,00-0040124,WR,atd,Anytime TD,0.29919318723050425,0.5,155.0,,0.29919318723050425,over,Tetairoa McMillan TD,155.0,-0.23705737256221415,,0/3,DK,,,,,,,
2026,4,2026_04_DET_CAR,CAR,DET,Mitchell Evans,,00-0040187,TE,atd,Anytime TD,0.12146725688505211,0.5,750.0,,0.12146725688505211,over,Mitchell Evans TD,750.0,0.03247168352294283,,0/3,DK,,,,,,,
2026,4,2026_04_DET_CAR,CAR,DET,Anthony Tyus III,,00-0040394,RB,atd,Anytime TD,0.10652962095079818,0.5,2500.0,,0.10652962095079818,over,Anthony Tyus III TD,2500.0,1.7697701447207526,HAMMER,0/1,DK,,,,,,,
2026,4,2026_04_DET_CAR,DET,CAR,Tay Martin,,00-0037524,WR,atd,Anytime TD,0.13357676233976393,0.5,3500.0,,0.13357676233976393,over,Tay Martin TD,3500.0,3.8087634442315013,HAMMER,0/2,DK,,,,,,,
2026,4,2026_04_DET_CAR,DET,CAR,Jared Goff,,00-0033106,QB,atd,Anytime TD,0.13937514652350227,0.5,1200.0,,0.13937514652350227,over,Jared Goff TD,1200.0,0.8118769048055297,HAMMER,0/3,DK,,,,,,,
2026,4,2026_04_DET_CAR,DET,CAR,Tom Kennedy,,00-0035544,WR,atd,Anytime TD,0.1359215933289324,0.5,2000.0,,0.1359215933289324,over,Tom Kennedy TD,2000.0,1.8543534599075802,HAMMER,0/3,DK,,,,,,,
2026,4,2026_04_DET_CAR,DET,CAR,Brock Wright,,00-0036754,TE,atd,Anytime TD,0.15949978960227792,0.5,700.0,,0.15949978960227792,over,Brock Wright TD,700.0,0.2759983168182234,HAMMER,0/3,DK,,,,,,,
2026,4,2026_04_DET_CAR,DET,CAR,Amon-Ra St. Brown,,00-0036963,WR,atd,Anytime TD,0.47100889782900357,0.5,-125.0,,0.47100889782900357,over,Amon-Ra St. Brown TD,-125.0,-0.15218398390779353,,3/3,DK,,,,,,,
2026,4,2026_04_DET_CAR,DET,CAR,Jameson Williams,,00-0037240,WR,atd,Anytime TD,0.2847524198234948,0.5,200.0,,0.2847524198234948,over,Jameson Williams TD,200.0,-0.14574274052951552,,0/3,DK,,,,,,,
2026,4,2026_04_DET_CAR,DET,CAR,Jacob Saylors,,00-0038896,RB,atd,Anytime TD,0.1339172580065994,0.5,2200.0,,0.1339172580065994,over,Jacob Saylors TD,2200.0,2.0800969341517863,HAMMER,0/3,DK,,,,,,,
2026,4,2026_04_DET_CAR,DET,CAR,Sam LaPorta,,00-0039065,TE,atd,Anytime TD,0.33385386358545865,0.5,180.0,,0.33385386358545865,over,Sam LaPorta TD,180.0,-0.06520918196071579,,1/3,DK,,,,,,,
2026,4,2026_04_DET_CAR,DET,CAR,Jahmyr Gibbs,,00-0039139,RB,atd,Anytime TD,0.6130298780270553,0.5,-340.0,,0.6130298780270553,over,Jahmyr Gibbs TD,-340.0,-0.2066672166708695,,3/3,DK,,,,,,,
2026,4,2026_04_DET_CAR,DET,CAR,Sione Vaki,,00-0039364,RB,atd,Anytime TD,0.15451739420900676,0.5,600.0,,0.15451739420900676,over,Sione Vaki TD,600.0,0.08162175946304728,PLAY,0/3,DK,,,,,,,
2026,4,2026_04_DET_CAR,DET,CAR,Jackson Meeks,,00-0040390,WR,atd,Anytime TD,0.13934753805810693,0.5,1800.0,,0.13934753805810693,over,Jackson Meeks TD,1800.0,1.6476032231040318,HAMMER,0/1,DK,,,,,,,
2026,4,2026_04_DET_CAR,DET,CAR,Isaac TeSlaa,,00-0040669,WR,atd,Anytime TD,0.15429664719640349,0.5,475.0,,0.15429664719640349,over,Isaac TeSlaa TD,475.0,-0.11279427862067992,,0/3,DK,,,,,,,
2026,4,2026_04_GB_TB,TB,GB,Chris Godwin Jr.,,00-0033921,WR,atd,Anytime TD,0.15843827106414538,0.5,550.0,,0.15843827106414538,over,Chris Godwin Jr. TD,550.0,0.029848761916944966,,0/3,DK,,,,,,,
2026,4,2026_04_GB_TB,TB,GB,Kenny Gainwell,,00-0036919,RB,atd,Anytime TD,0.13833663679236471,0.5,450.0,,0.13833663679236471,over,Kenny Gainwell TD,450.0,-0.23914849764199408,,0/3,DK,,,,,,,
2026,4,2026_04_GB_TB,TB,GB,Ko Kieft,,00-0037311,TE,atd,Anytime TD,0.10033120710877981,0.5,5000.0,,0.10033120710877981,over,Ko Kieft TD,5000.0,4.11689156254777,HAMMER,0/1,DK,,,,,,,
2026,4,2026_04_GB_TB,TB,GB,Cade Otton,,00-0038129,TE,atd,Anytime TD,0.2109876667070605,0.5,600.0,,0.2109876667070605,over,Cade Otton TD,600.0,0.4769136669494236,HAMMER,0/3,DK,,,,,,,
2026,4,2026_04_GB_TB,TB,GB,Payne Durham,,00-0039050,TE,atd,Anytime TD,0.09952436062069384,0.5,4000.0,,0.09952436062069384,over,Payne Durham TD,4000.0,3.080498785448447,HAMMER,0/1,DK,,,,,,,
2026,4,2026_04_GB_TB,TB,GB,Bucky Irving,,00-0039361,RB,atd,Anytime TD,0.381388381582824,0.5,175.0,,0.381388381582824,over,Bucky Irving TD,175.0,0.048818049352766124,,1/3,DK,,,,,,,
2026,4,2026_04_GB_TB,TB,GB,Kameron Johnson,,00-0039589,WR,atd,Anytime TD,0.10508086795668141,0.5,2000.0,,0.10508086795668141,over,Kameron Johnson TD,2000.0,1.2066982270903095,HAMMER,0/3,DK,,,,,,,
2026,4,2026_04_GB_TB,TB,GB,Emeka Egbuka,,00-0040129,WR,atd,Anytime TD,0.20496790293011907,0.5,330.0,,0.20496790293011907,over,Emeka Egbuka TD,330.0,-0.11863801740048807,,1/3,DK,,,,,,,
2026,4,2026_04_GB_TB,TB,GB,Tez Johnson,,00-0040237,WR,atd,Anytime TD,0.1167335534124565,0.5,800.0,,0.1167335534124565,over,Tez Johnson TD,800.0,0.05060198071210853,LEAN,0/3,DK,,,,,,,
2026,4,2026_04_GB_TB,TB,GB,Ted Hurst III,,00-0041048,WR,atd,Anytime TD,0.18562720372426364,0.5,500.0,,0.18562720372426364,over,Ted Hurst III TD,500.0,0.11376322234558178,PLAY,1/3,DK,,,,,,,
2026,4,2026_04_GB_TB,TB,GB,Bauer Sharp,,00-0041094,TE,atd,Anytime TD,0.10033120710877981,0.5,4500.0,,0.10033120710877981,over,Bauer Sharp TD,4500.0,3.615235527003871,HAMMER,0/2,DK,,,,,,,
2026,4,2026_04_GB_TB,TB,GB,Jalon Daniels,,00-0041251,QB,atd,Anytime TD,0.10569322465151083,0.5,390.0,,0.10569322465151083,over,Jalon Daniels TD,390.0,-0.4821031992075969,,0/1,DK,,,,,,,
2026,4,2026_04_GB_TB,GB,TB,Jonnu Smith,,00-0033858,TE,atd,Anytime TD,0.11365827355038358,0.5,650.0,,0.11365827355038358,over,Jonnu Smith TD,650.0,-0.14756294837212314,,0/2,DK,,,,,,,
2026,4,2026_04_GB_TB,GB,TB,Jordan Love,,00-0036264,QB,atd,Anytime TD,0.11254693357881697,0.5,650.0,,0.11254693357881697,over,Jordan Love TD,650.0,-0.15589799815887273,,0/3,DK,,,,,,,
2026,4,2026_04_GB_TB,GB,TB,Bo Melton,,00-0037091,WR,atd,Anytime TD,0.10321398314646206,0.5,1300.0,,0.10321398314646206,over,Bo Melton TD,1300.0,0.4449957640504689,HAMMER,0/3,DK,,,,,,,
2026,4,2026_04_GB_TB,GB,TB,Skyy Moore,,00-0038090,WR,atd,Anytime TD,0.12561069927426124,0.5,475.0,,0.12561069927426124,over,Skyy Moore TD,475.0,-0.2777384791729979,,0/3,DK,,,,,,,
2026,4,2026_04_GB_TB,GB,TB,Christian Watson,,00-0038124,WR,atd,Anytime TD,0.37170204820863095,0.5,170.0,,0.37170204820863095,over,Christian Watson TD,170.0,0.0035955301633037173,,3/3,DK,,,,,,,
2026,4,2026_04_GB_TB,GB,TB,Chris Brooks,,00-0038685,RB,atd,Anytime TD,0.11076967692338976,0.5,600.0,,0.11076967692338976,over,Chris Brooks TD,600.0,-0.22461226153627167,,0/3,DK,,,,,,,
2026,4,2026_04_GB_TB,GB,TB,Tucker Kraft,,00-0038996,TE,atd,Anytime TD,0.20678062136163677,0.5,240.0,,0.20678062136163677,over,Tucker Kraft TD,240.0,-0.29694588737043504,,0/3,DK,,,,,,,
2026,4,2026_04_GB_TB,GB,TB,MarShawn Lloyd,,00-0039811,RB,atd,Anytime TD,0.20651410064607864,0.5,295.0,,0.20651410064607864,over,MarShawn Lloyd TD,295.0,-0.18426930244798934,,1/3,DK,,,,,,,
2026,4,2026_04_GB_TB,GB,TB,Kaleb Johnson,,00-0040142,RB,atd,Anytime TD,0.11456165709432294,0.5,215.0,,0.11456165709432294,over,Kaleb Johnson TD,215.0,-0.6391307801528827,,0/3,DK,,,,,,,
2026,4,2026_04_GB_TB,GB,TB,Matthew Golden,,00-0040667,WR,atd,Anytime TD,0.3646635192473034,0.5,235.0,,0.3646635192473034,over,Matthew Golden TD,235.0,0.22162278947846636,HAMMER,1/3,DK,,,,,,,
2026,4,2026_04_GB_TB,GB,TB,J. Michael Sturdivant,,00-0040948,WR,atd,Anytime TD,0.1033427606700517,0.5,1400.0,,0.1033427606700517,over,J. Michael Sturdivant TD,1400.0,0.5501414100507755,HAMMER,0/2,DK,,,,,,,
2026,4,2026_04_IND_WAS,WAS,IND,Chig Okonkwo,,00-0037809,TE,atd,Anytime TD,0.12579580807361954,0.5,400.0,,0.12579580807361954,over,Chig Okonkwo TD,400.0,-0.3710209596319023,,0/1,DK,,,,,,,
2026,4,2026_04_IND_WAS,WAS,IND,Kaytron Allen,,00-0041096,RB,atd,Anytime TD,0.1480830581159366,0.5,380.0,,0.1480830581159366,over,Kaytron Allen TD,380.0,-0.28920132104350427,,0/2,DK,,,,,,,
2026,4,2026_04_IND_WAS,WAS,IND,Stefon Diggs,,00-0031588,WR,atd,Anytime TD,0.3088205859025773,0.5,235.0,,0.3088205859025773,over,Stefon Diggs TD,235.0,0.03454896277363417,,2/3,DK,,,,,,,
2026,4,2026_04_IND_WAS,WAS,IND,Marcus Mariota,,00-0032268,QB,atd,Anytime TD,0.12344244927960295,0.5,370.0,,0.12344244927960295,over,Marcus Mariota TD,370.0,-0.41982048838586616,,0/2,DK,,,,,,,
2026,4,2026_04_IND_WAS,WAS,IND,Terry McLaurin,,00-0035659,WR,atd,Anytime TD,0.2937009947867402,0.5,245.0,,0.2937009947867402,over,Terry McLaurin TD,245.0,0.013268432014253762,,1/3,DK,,,,,,,
2026,4,2026_04_IND_WAS,WAS,IND,Dyami Brown,,00-0036626,WR,atd,Anytime TD,0.11548416638619557,0.5,800.0,,0.11548416638619557,over,Dyami Brown TD,800.0,0.03935749747576023,,0/3,DK,,,,,,,
2026,4,2026_04_IND_WAS,WAS,IND,John Bates,,00-0036628,TE,atd,Anytime TD,0.11103012870013794,0.5,800.0,,0.11103012870013794,over,John Bates TD,800.0,-0.0007288416987585311,,0/2,DK,,,,,,,
2026,4,2026_04_IND_WAS,WAS,IND,Treylon Burks,,00-0037742,WR,atd,Anytime TD,0.13461229242235903,0.5,1200.0,,0.13461229242235903,over,Treylon Burks TD,1200.0,0.7499598014906674,HAMMER,1/2,DK,,,,,,,
2026,4,2026_04_IND_WAS,WAS,IND,Luke McCaffrey,,00-0039355,WR,atd,Anytime TD,0.11474479709307757,0.5,2000.0,,0.11474479709307757,over,Luke McCaffrey TD,2000.0,1.409640738954629,HAMMER,0/1,DK,,,,,,,
2026,4,2026_04_IND_WAS,WAS,IND,Colson Yankoff,,00-0039686,TE,atd,Anytime TD,0.1187580116851482,0.5,2500.0,,0.1187580116851482,over,Colson Yankoff TD,2500.0,2.0877083038138533,HAMMER,0/3,DK,,,,,,,
2026,4,2026_04_IND_WAS,WAS,IND,Ben Sinnott,,00-0039912,TE,atd,Anytime TD,0.11231129988732448,0.5,900.0,,0.11231129988732448,over,Ben Sinnott TD,900.0,0.1231129988732449,HAMMER,0/2,DK,,,,,,,
2026,4,2026_04_IND_WAS,WAS,IND,Jaylin Lane,,00-0040164,WR,atd,Anytime TD,0.1187580116851482,0.5,1400.0,,0.1187580116851482,over,Jaylin Lane TD,1400.0,0.7813701752772231,HAMMER,0/3,DK,,,,,,,
2026,4,2026_04_IND_WAS,WAS,IND,Jacory Croskey-Merritt,,00-0040242,RB,atd,Anytime TD,0.3361674880036071,0.5,100.0,,0.3361674880036071,over,Jacory Croskey-Merritt TD,100.0,-0.32766502399278585,,1/3,DK,,,,,,,
2026,4,2026_04_IND_WAS,WAS,IND,Antonio Williams,,00-0041040,WR,atd,Anytime TD,0.19334895890588497,0.5,550.0,,0.19334895890588497,over,Antonio Williams TD,550.0,0.25676823288825235,HAMMER,1/3,DK,,,,,,,
2026,4,2026_04_IND_WAS,IND,WAS,Ashton Dulin,,00-0035021,WR,atd,Anytime TD,0.12201819480763355,0.5,2200.0,,0.12201819480763355,over,Ashton Dulin TD,2200.0,1.8064184805755716,HAMMER,0/1,DK,,,,,,,
2026,4,2026_04_IND_WAS,IND,WAS,Deion Burks,,00-0041132,WR,atd,Anytime TD,0.12298249381246301,0.5,1400.0,,0.12298249381246301,over,Deion Burks TD,1400.0,0.8447374071869451,HAMMER,0/1,DK,,,,,,,
2026,4,2026_04_IND_WAS,IND,WAS,Keenan Allen,,00-0030279,WR,atd,Anytime TD,0.22854431805898986,0.5,270.0,,0.22854431805898986,over,Keenan Allen TD,270.0,-0.15438602318173744,,1/3,DK,,,,,,,
2026,4,2026_04_IND_WAS,IND,WAS,Laquon Treadwell,,00-0032951,WR,atd,Anytime TD,0.12854864200525673,0.5,500.0,,0.12854864200525673,over,Laquon Treadwell TD,500.0,-0.22870814796845962,,0/3,DK,,,,,,,
2026,4,2026_04_IND_WAS,IND,WAS,Mo Alie-Cox,,00-0033217,TE,atd,Anytime TD,0.13142342870807222,0.5,1000.0,,0.13142342870807222,over,Mo Alie-Cox TD,1000.0,0.44565771578879443,HAMMER,0/1,DK,,,,,,,
2026,4,2026_04_IND_WAS,IND,WAS,Daniel Jones,,00-0035710,QB,atd,Anytime TD,0.13627314975213312,0.5,360.0,,0.13627314975213312,over,Daniel Jones TD,360.0,-0.37314351114018773,,0/3,DK,,,,,,,
2026,4,2026_04_IND_WAS,IND,WAS,Jonathan Taylor,,00-0036223,RB,atd,Anytime TD,0.6038775031436087,0.5,-310.0,,0.6038775031436087,over,Jonathan Taylor TD,-310.0,-0.20132330229393702,,2/3,DK,,,,,,,
2026,4,2026_04_IND_WAS,IND,WAS,Josh Downs,,00-0038997,WR,atd,Anytime TD,0.28453973172271946,0.5,185.0,,0.28453973172271946,over,Josh Downs TD,185.0,-0.18906176459024948,,0/3,DK,,,,,,,
2026,4,2026_04_IND_WAS,IND,WAS,Anthony Gould,,00-0039816,WR,atd,Anytime TD,0.12298249381246301,0.5,1600.0,,0.12298249381246301,over,Anthony Gould TD,1600.0,1.090702394811871,HAMMER,0/2,DK,,,,,,,
2026,4,2026_04_IND_WAS,IND,WAS,Tyler Warren,,00-0040128,TE,atd,Anytime TD,0.2795451666851075,0.5,170.0,,0.2795451666851075,over,Tyler Warren TD,170.0,-0.24522804995020975,,2/3,DK,,,,,,,
2026,4,2026_04_IND_WAS,IND,WAS,Seth McGowan,,00-0041125,RB,atd,Anytime TD,0.1297900198348208,0.5,700.0,,0.1297900198348208,over,Seth McGowan TD,700.0,0.03832015867856642,,0/3,DK,,,,,,,
2026,4,2026_04_JAX_CIN,CIN,JAX,Erick All,,00-0039814,TE,atd,Anytime TD,0.14941912679291097,0.5,1000.0,,0.14941912679291097,over,Erick All TD,1000.0,0.6436103947220206,HAMMER,0/1,DK,,,,,,,
2026,4,2026_04_JAX_CIN,CIN,JAX,Samaje Perine,,00-0033526,RB,atd,Anytime TD,0.13346580251066215,0.5,450.0,,0.13346580251066215,over,Samaje Perine TD,450.0,-0.26593808619135817,,0/3,DK,,,,,,,
2026,4,2026_04_JAX_CIN,CIN,JAX,Tanner Hudson,,00-0034613,TE,atd,Anytime TD,0.125571311291622,0.5,1200.0,,0.125571311291622,over,Tanner Hudson TD,1200.0,0.632427046791086,HAMMER,0/2,DK,,,,,,,
2026,4,2026_04_JAX_CIN,CIN,JAX,Mike Gesicki,,00-0034829,TE,atd,Anytime TD,0.25852585303449893,0.5,295.0,,0.25852585303449893,over,Mike Gesicki TD,295.0,0.02117711948627088,,2/2,DK,,,,,,,
2026,4,2026_04_JAX_CIN,CIN,JAX,Drew Sample,,00-0035631,TE,atd,Anytime TD,0.14132892267694586,0.5,600.0,,0.14132892267694586,over,Drew Sample TD,600.0,-0.010697541261379007,,0/2,DK,,,,,,,
2026,4,2026_04_JAX_CIN,CIN,JAX,Tee Higgins,,00-0036410,WR,atd,Anytime TD,0.35097985000832127,0.5,150.0,,0.35097985000832127,over,Tee Higgins TD,150.0,-0.12255037497919685,,1/3,DK,,,,,,,
2026,4,2026_04_JAX_CIN,CIN,JAX,Joe Burrow,,00-0036442,QB,atd,Anytime TD,0.13543039792744732,0.5,950.0,,0.13543039792744732,over,Joe Burrow TD,950.0,0.4220191782381968,HAMMER,0/3,DK,,,,,,,
2026,4,2026_04_JAX_CIN,CIN,JAX,Ja'Marr Chase,,00-0036900,WR,atd,Anytime TD,0.37000655053644876,0.5,-115.0,,0.37000655053644876,over,Ja'Marr Chase TD,-115.0,-0.30824862291011756,,2/3,DK,,,,,,,
2026,4,2026_04_JAX_CIN,CIN,JAX,Chase Brown,,00-0038597,RB,atd,Anytime TD,0.4753999849824779,0.5,-185.0,,0.4753999849824779,over,Chase Brown TD,-185.0,-0.2676270501621286,,1/3,DK,,,,,,,
2026,4,2026_04_JAX_CIN,CIN,JAX,Tahj Brooks,,00-0040208,RB,atd,Anytime TD,0.1147687005071153,0.5,2000.0,,0.1147687005071153,over,Tahj Brooks TD,2000.0,1.410142710649421,HAMMER,0/2,DK,,,,,,,
2026,4,2026_04_JAX_CIN,CIN,JAX,Dohnte Meyers,,00-0040785,WR,atd,Anytime TD,0.14633865945717728,0.5,425.0,,0.14633865945717728,over,Dohnte Meyers TD,425.0,-0.23172203784981926,,0/3,DK,,,,,,,
2026,4,2026_04_JAX_CIN,JAX,CIN,Quintin Morris,,00-0036590,TE,atd,Anytime TD,0.12413209248650545,0.5,1500.0,,0.12413209248650545,over,Quintin Morris TD,1500.0,0.9861134797840871,HAMMER,0/2,DK,,,,,,,
2026,4,2026_04_JAX_CIN,JAX,CIN,Ameer Abdullah,,00-0032104,RB,atd,Anytime TD,0.13162822100939106,0.5,950.0,,0.13162822100939106,over,Ameer Abdullah TD,950.0,0.3820963205986061,HAMMER,0/3,DK,,,,,,,
2026,4,2026_04_JAX_CIN,JAX,CIN,Jakobi Meyers,,00-0034960,WR,atd,Anytime TD,0.29515814567584964,0.5,255.0,,0.29515814567584964,over,Jakobi Meyers TD,255.0,0.04781141714926607,,2/3,DK,,,,,,,
2026,4,2026_04_JAX_CIN,JAX,CIN,Trevor Lawrence,,00-0036971,QB,atd,Anytime TD,0.14077259690680574,0.5,295.0,,0.14077259690680574,over,Trevor Lawrence TD,295.0,-0.44394824221811735,,0/3,DK,,,,,,,
2026,4,2026_04_JAX_CIN,JAX,CIN,Parker Washington,,00-0038606,WR,atd,Anytime TD,0.4725216548379935,0.5,150.0,,0.4725216548379935,over,Parker Washington TD,150.0,0.18130413709498372,HAMMER,2/3,DK,,,,,,,
2026,4,2026_04_JAX_CIN,JAX,CIN,Chris Rodriguez Jr.,,00-0038611,RB,atd,Anytime TD,0.24948757262396684,0.5,285.0,,0.24948757262396684,over,Chris Rodriguez Jr. TD,285.0,-0.03947284539772766,,1/3,DK,,,,,,,
2026,4,2026_04_JAX_CIN,JAX,CIN,Brenton Strange,,00-0038935,TE,atd,Anytime TD,0.21740002639681982,0.5,260.0,,0.21740002639681982,over,Brenton Strange TD,260.0,-0.21735990497144864,,1/3,DK,,,,,,,
2026,4,2026_04_JAX_CIN,JAX,CIN,Brian Thomas Jr.,,00-0039893,WR,atd,Anytime TD,0.1840773235979691,0.5,300.0,,0.1840773235979691,over,Brian Thomas Jr. TD,300.0,-0.2636907056081236,,0/3,DK,,,,,,,
2026,4,2026_04_JAX_CIN,JAX,CIN,LeQuint Allen Jr.,,00-0040238,RB,atd,Anytime TD,0.1253099369533615,0.5,1100.0,,0.1253099369533615,over,LeQuint Allen Jr. TD,1100.0,0.5037192434403381,HAMMER,0/2,DK,,,,,,,
2026,4,2026_04_JAX_CIN,JAX,CIN,Bhayshul Tuten,,00-0040719,RB,atd,Anytime TD,0.5477376650608856,0.5,100.0,,0.5477376650608856,over,Bhayshul Tuten TD,100.0,0.09547533012177123,PLAY,2/3,DK,,,,,,,
2026,4,2026_04_JAX_CIN,JAX,CIN,Josh Cameron,,00-0041100,WR,atd,Anytime TD,0.22481672684605938,0.5,700.0,,0.22481672684605938,over,Josh Cameron TD,700.0,0.7985338147684751,HAMMER,2/3,DK,,,,,,,
2026,4,2026_04_JAX_CIN,JAX,CIN,Nate Boerkircher,,00-0041503,TE,atd,Anytime TD,0.12413209248650545,0.5,1200.0,,0.12413209248650545,over,Nate Boerkircher TD,1200.0,0.6137172023245707,HAMMER,0/2,DK,,,,,,,
2026,4,2026_04_KC_LV,LV,KC,Ian Thomas,,00-0034365,TE,atd,Anytime TD,0.10083480867605421,0.5,1900.0,,0.10083480867605421,over,Ian Thomas TD,1900.0,1.0166961735210842,HAMMER,0/1,DK,,,,,,,
2026,4,2026_04_KC_LV,LV,KC,Kirk Cousins,,00-0029604,QB,atd,Anytime TD,0.11596881452291997,0.5,1500.0,,0.11596881452291997,over,Kirk Cousins TD,1500.0,0.8555010323667196,HAMMER,0/3,DK,,,,,,,
2026,4,2026_04_KC_LV,LV,KC,Cody White,,00-0035891,WR,atd,Anytime TD,0.18784522308299467,0.5,600.0,,0.18784522308299467,over,Cody White TD,600.0,0.3149165615809628,HAMMER,2/3,DK,,,,,,,
2026,4,2026_04_KC_LV,LV,KC,Dareke Young,,00-0037093,WR,atd,Anytime TD,0.10578813336039752,0.5,1500.0,,0.10578813336039752,over,Dareke Young TD,1500.0,0.6926101337663604,HAMMER,0/3,DK,,,,,,,
2026,4,2026_04_KC_LV,LV,KC,Jalen Nailor,,00-0037291,WR,atd,Anytime TD,0.1578522679601391,0.5,475.0,,0.1578522679601391,over,Jalen Nailor TD,475.0,-0.09234945922920024,,0/3,DK,,,,,,,
2026,4,2026_04_KC_LV,LV,KC,Connor Heyward,,00-0037304,RB,atd,Anytime TD,0.10622920538803426,0.5,1700.0,,0.10622920538803426,over,Connor Heyward TD,1700.0,0.9121256969846168,HAMMER,0/3,DK,,,,,,,
2026,4,2026_04_KC_LV,LV,KC,Tre Tucker,,00-0038563,WR,atd,Anytime TD,0.2631516638949158,0.5,310.0,,0.2631516638949158,over,Tre Tucker TD,310.0,0.07892182196915454,LEAN,1/3,DK,,,,,,,
2026,4,2026_04_KC_LV,LV,KC,Michael Mayer,,00-0039066,TE,atd,Anytime TD,0.23203083122368823,0.5,425.0,,0.23203083122368823,over,Michael Mayer TD,425.0,0.2181618639243632,HAMMER,1/3,DK,,,,,,,
2026,4,2026_04_KC_LV,LV,KC,Brock Bowers,,00-0039338,TE,atd,Anytime TD,0.43100345549787245,0.5,195.0,,0.43100345549787245,over,Brock Bowers TD,195.0,0.27146019371872376,HAMMER,1/1,DK,,,,,,,
2026,4,2026_04_KC_LV,LV,KC,Dylan Laube,,00-0039407,RB,atd,Anytime TD,0.10622920538803426,0.5,1600.0,,0.10622920538803426,over,Dylan Laube TD,1600.0,0.8058964915965825,HAMMER,0/3,DK,,,,,,,
2026,4,2026_04_KC_LV,LV,KC,Ashton Jeanty,,00-0040122,RB,atd,Anytime TD,0.4864036922994329,0.5,-135.0,,0.4864036922994329,over,Ashton Jeanty TD,-135.0,-0.15329727636765378,,1/3,DK,,,,,,,
2026,4,2026_04_KC_LV,LV,KC,Mike Washington Jr.,,00-0040878,RB,atd,Anytime TD,0.1598271080342339,0.5,475.0,,0.1598271080342339,over,Mike Washington Jr. TD,475.0,-0.08099412880315515,,1/3,DK,,,,,,,
2026,4,2026_04_KC_LV,LV,KC,Malik Benson,,00-0040894,WR,atd,Anytime TD,0.10329193067368059,0.5,1100.0,,0.10329193067368059,over,Malik Benson TD,1100.0,0.23950316808416705,HAMMER,0/3,DK,,,,,,,
2026,4,2026_04_KC_LV,KC,LV,Cyrus Allen,,00-0040890,WR,atd,Anytime TD,0.1322476452984074,0.5,1800.0,,0.1322476452984074,over,Cyrus Allen TD,1800.0,1.5127052606697409,HAMMER,0/1,DK,,,,,,,
2026,4,2026_04_KC_LV,KC,LV,Travis Kelce,,00-0030506,TE,atd,Anytime TD,0.3714811404613246,0.5,160.0,,0.3714811404613246,over,Travis Kelce TD,160.0,-0.03414903480055609,,2/3,DK,,,,,,,
2026,4,2026_04_KC_LV,KC,LV,Patrick Mahomes,,00-0033873,QB,atd,Anytime TD,0.185834532059417,0.5,390.0,,0.185834532059417,over,Patrick Mahomes TD,390.0,-0.08941079290885667,,1/3,DK,,,,,,,
2026,4,2026_04_KC_LV,KC,LV,Noah Gray,,00-0036637,TE,atd,Anytime TD,0.1437482627825818,0.5,750.0,,0.1437482627825818,over,Noah Gray TD,750.0,0.2218602336519453,HAMMER,0/3,DK,,,,,,,
2026,4,2026_04_KC_LV,KC,LV,Tyquan Thornton,,00-0038104,WR,atd,Anytime TD,0.18828896496999573,0.5,500.0,,0.18828896496999573,over,Tyquan Thornton TD,500.0,0.1297337898199744,HAMMER,0/3,DK,,,,,,,
2026,4,2026_04_KC_LV,KC,LV,Kenneth Walker III,,00-0038134,RB,atd,Anytime TD,0.552045200122104,0.5,-170.0,,0.552045200122104,over,Kenneth Walker III TD,-170.0,-0.12322232921783471,,2/3,DK,,,,,,,
2026,4,2026_04_KC_LV,KC,LV,Nikko Remigio,,00-0038519,WR,atd,Anytime TD,0.135620959215268,0.5,2000.0,,0.135620959215268,over,Nikko Remigio TD,2000.0,1.8480401435206284,HAMMER,0/3,DK,,,,,,,
2026,4,2026_04_KC_LV,KC,LV,Rashee Rice,,00-0039067,WR,atd,Anytime TD,0.3367791839670314,0.5,145.0,,0.3367791839670314,over,Rashee Rice TD,145.0,-0.174890999280773,,1/3,DK,,,,,,,
2026,4,2026_04_KC_LV,KC,LV,Xavier Worthy,,00-0039894,WR,atd,Anytime TD,0.2815593909764925,0.5,230.0,,0.2815593909764925,over,Xavier Worthy TD,230.0,-0.07085400977757472,,1/3,DK,,,,,,,
2026,4,2026_04_KC_LV,KC,LV,Brashard Smith,,00-0040078,RB,atd,Anytime TD,0.13223305208026173,0.5,700.0,,0.13223305208026173,over,Brashard Smith TD,700.0,0.05786441664209385,LEAN,0/2,DK,,,,,,,
2026,4,2026_04_KC_LV,KC,LV,Jake Briningstool,,00-0040081,TE,atd,Anytime TD,0.1392816052522238,0.5,2000.0,,0.1392816052522238,over,Jake Briningstool TD,2000.0,1.9249137102966998,HAMMER,0/2,DK,,,,,,,
2026,4,2026_04_KC_LV,KC,LV,Jalen Royals,,00-0040646,WR,atd,Anytime TD,0.1824550770864981,0.5,1000.0,,0.1824550770864981,over,Jalen Royals TD,1000.0,1.0070058479514792,HAMMER,1/3,DK,,,,,,,
2026,4,2026_04_KC_LV,KC,LV,Emmett Johnson,,00-0041013,RB,atd,Anytime TD,0.1902475847738913,0.5,425.0,,0.1902475847738913,over,Emmett Johnson TD,425.0,-0.0012001799370706667,,0/3,DK,,,,,,,
2026,4,2026_04_LAC_SEA,SEA,LAC,Montorie Foster Jr,,00-0040621,WR,atd,Anytime TD,0.11457941148799995,0.5,2500.0,,0.11457941148799995,over,Montorie Foster Jr TD,2500.0,1.9790646986879987,HAMMER,0/1,DK,,,,,,,
2026,4,2026_04_LAC_SEA,SEA,LAC,Elijah Arroyo,,00-0040739,TE,atd,Anytime TD,0.11693285675738906,0.5,1200.0,,0.11693285675738906,over,Elijah Arroyo TD,1200.0,0.5201271378460577,HAMMER,0/1,DK,,,,,,,
2026,4,2026_04_LAC_SEA,SEA,LAC,Eric Saubert,,00-0033576,TE,atd,Anytime TD,0.1621704189613641,0.5,1300.0,,0.1621704189613641,over,Eric Saubert TD,1300.0,1.2703858654590974,HAMMER,1/3,DK,,,,,,,
2026,4,2026_04_LAC_SEA,SEA,LAC,Cooper Kupp,,00-0033908,WR,atd,Anytime TD,0.175175089987923,0.5,340.0,,0.175175089987923,over,Cooper Kupp TD,340.0,-0.22922960405313875,,1/3,DK,,,,,,,
2026,4,2026_04_LAC_SEA,SEA,LAC,Sam Darnold,,00-0034869,QB,atd,Anytime TD,0.11355921710170658,0.5,1000.0,,0.11355921710170658,over,Sam Darnold TD,1000.0,0.24915138811877235,HAMMER,0/2,DK,,,,,,,
2026,4,2026_04_LAC_SEA,SEA,LAC,Rashid Shaheed,,00-0037545,WR,atd,Anytime TD,0.1925526916591944,0.5,330.0,,0.1925526916591944,over,Rashid Shaheed TD,330.0,-0.17202342586546415,,0/3,DK,,,,,,,
2026,4,2026_04_LAC_SEA,SEA,LAC,Brady Russell,,00-0038488,RB,atd,Anytime TD,0.11489435633179043,0.5,3500.0,,0.11489435633179043,over,Brady Russell TD,3500.0,3.136196827944455,HAMMER,0/2,DK,,,,,,,
2026,4,2026_04_LAC_SEA,SEA,LAC,Jaxon Smith-Njigba,,00-0038543,WR,atd,Anytime TD,0.45207149731885177,0.5,-115.0,,0.45207149731885177,over,Jaxon Smith-Njigba TD,-115.0,-0.15482285283866848,,3/3,DK,,,,,,,
2026,4,2026_04_LAC_SEA,SEA,LAC,Emanuel Wilson,,00-0038797,RB,atd,Anytime TD,0.2696429541074628,0.5,235.0,,0.2696429541074628,over,Emanuel Wilson TD,235.0,-0.0966961037399996,,0/3,DK,,,,,,,
2026,4,2026_04_LAC_SEA,SEA,LAC,George Holani,,00-0039299,RB,atd,Anytime TD,0.14716019675277145,0.5,320.0,,0.14716019675277145,over,George Holani TD,320.0,-0.38192717363835993,,0/3,DK,,,,,,,
2026,4,2026_04_LAC_SEA,SEA,LAC,AJ Barner,,00-0039793,TE,atd,Anytime TD,0.2062923313803949,0.5,290.0,,0.2062923313803949,over,AJ Barner TD,290.0,-0.19545990761645993,,1/3,DK,,,,,,,
2026,4,2026_04_LAC_SEA,SEA,LAC,Tory Horton,,00-0040648,WR,atd,Anytime TD,0.13591671612922407,0.5,750.0,,0.13591671612922407,over,Tory Horton TD,750.0,0.1552920870984047,HAMMER,0/1,DK,,,,,,,
2026,4,2026_04_LAC_SEA,SEA,LAC,Jadarian Price,,00-0041512,RB,atd,Anytime TD,0.20535529943790334,0.5,135.0,,0.20535529943790334,over,Jadarian Price TD,135.0,-0.517415046320927,,0/3,DK,,,,,,,
2026,4,2026_04_LAC_SEA,LAC,SEA,Brenen Thompson,,00-0041550,WR,atd,Anytime TD,0.10254391187362341,0.5,1800.0,,0.10254391187362341,over,Brenen Thompson TD,1800.0,0.9483343255988448,HAMMER,0/1,DK,,,,,,,
2026,4,2026_04_LAC_SEA,LAC,SEA,Marquez Valdes-Scantling,,00-0034272,WR,atd,Anytime TD,0.09345147447358058,0.5,2200.0,,0.09345147447358058,over,Marquez Valdes-Scantling TD,2200.0,1.1493839128923535,HAMMER,0/1,DK,,,,,,,
2026,4,2026_04_LAC_SEA,LAC,SEA,Alec Ingold,,00-0035125,RB,atd,Anytime TD,0.09328732889699817,0.5,2500.0,,0.09328732889699817,over,Alec Ingold TD,2500.0,1.4254705513219523,HAMMER,0/3,DK,,,,,,,
2026,4,2026_04_LAC_SEA,LAC,SEA,Justin Herbert,,00-0036355,QB,atd,Anytime TD,0.10749300496845181,0.5,550.0,,0.10749300496845181,over,Justin Herbert TD,550.0,-0.3012954677050632,,0/3,DK,,,,,,,
2026,4,2026_04_LAC_SEA,LAC,SEA,Keaton Mitchell,,00-0038454,RB,atd,Anytime TD,0.16849684598805437,0.5,425.0,,0.16849684598805437,over,Keaton Mitchell TD,425.0,-0.11539155856271455,,1/3,DK,,,,,,,
2026,4,2026_04_LAC_SEA,LAC,SEA,Quentin Johnston,,00-0038544,WR,atd,Anytime TD,0.1645027493602411,0.5,425.0,,0.1645027493602411,over,Quentin Johnston TD,425.0,-0.13636056585873424,,0/3,DK,,,,,,,
2026,4,2026_04_LAC_SEA,LAC,SEA,Derius Davis,,00-0038573,WR,atd,Anytime TD,0.09715775366282435,0.5,2000.0,,0.09715775366282435,over,Derius Davis TD,2000.0,1.0403128269193114,HAMMER,0/3,DK,,,,,,,
2026,4,2026_04_LAC_SEA,LAC,SEA,Kimani Vidal,,00-0039391,RB,atd,Anytime TD,0.0919278637387111,0.5,1600.0,,0.0919278637387111,over,Kimani Vidal TD,1600.0,0.5627736835580888,HAMMER,0/2,DK,,,,,,,
2026,4,2026_04_LAC_SEA,LAC,SEA,Hayden Rucci,,00-0039489,TE,atd,Anytime TD,0.0894148984557494,0.5,1500.0,,0.0894148984557494,over,Hayden Rucci TD,1500.0,0.43063837529199045,HAMMER,0/1,DK,,,,,,,
2026,4,2026_04_LAC_SEA,LAC,SEA,Ladd McConkey,,00-0039915,WR,atd,Anytime TD,0.19087015388793252,0.5,320.0,,0.19087015388793252,over,Ladd McConkey TD,320.0,-0.1983453536706834,,1/3,DK,,,,,,,
2026,4,2026_04_LAC_SEA,LAC,SEA,Oronde Gadsden II,,00-0040189,TE,atd,Anytime TD,0.11802742258351893,0.5,360.0,,0.11802742258351893,over,Oronde Gadsden II TD,360.0,-0.45707385611581297,,1/3,DK,,,,,,,
2026,4,2026_04_LAC_SEA,LAC,SEA,Omarion Hampton,,00-0040666,RB,atd,Anytime TD,0.4025015047978641,0.5,120.0,,0.4025015047978641,over,Omarion Hampton TD,120.0,-0.11449668944469882,,2/3,DK,,,,,,,
2026,4,2026_04_LAC_SEA,LAC,SEA,Tre Harris,,00-0040727,WR,atd,Anytime TD,0.18204396672986445,0.5,500.0,,0.18204396672986445,over,Tre Harris TD,500.0,0.09226380037918669,PLAY,0/3,DK,,,,,,,
2026,4,2026_04_LA_PHI,PHI,LA,Zach Ertz,,00-0030061,TE,atd,Anytime TD,0.09858973384431022,0.5,650.0,,0.09858973384431022,over,Zach Ertz TD,650.0,-0.2605769961676734,,0/1,DK,,,,,,,
2026,4,2026_04_LA_PHI,PHI,LA,Johnny Mundt,,00-0033246,TE,atd,Anytime TD,0.10007655840531858,0.5,700.0,,0.10007655840531858,over,Johnny Mundt TD,700.0,-0.19938753275745136,,0/2,DK,,,,,,,
2026,4,2026_04_LA_PHI,PHI,LA,Saquon Barkley,,00-0034844,RB,atd,Anytime TD,0.362903488478477,0.5,115.0,,0.362903488478477,over,Saquon Barkley TD,115.0,-0.21975749977127457,,0/3,DK,,,,,,,
2026,4,2026_04_LA_PHI,PHI,LA,Jalen Hurts,,00-0036389,QB,atd,Anytime TD,0.14687381613865055,0.5,165.0,,0.14687381613865055,over,Jalen Hurts TD,165.0,-0.610784387232576,,1/3,DK,,,,,,,
2026,4,2026_04_LA_PHI,PHI,LA,DeVonta Smith,,00-0036912,WR,atd,Anytime TD,0.30309674085475463,0.5,210.0,,0.30309674085475463,over,DeVonta Smith TD,210.0,-0.06040010335026058,,1/3,DK,,,,,,,
2026,4,2026_04_LA_PHI,PHI,LA,Britain Covey,,00-0037132,WR,atd,Anytime TD,0.10487601950545042,0.5,4500.0,,0.10487601950545042,over,Britain Covey TD,4500.0,3.8242968972507194,HAMMER,0/3,DK,,,,,,,
2026,4,2026_04_LA_PHI,PHI,LA,Dontayvion Wicks,,00-0038393,WR,atd,Anytime TD,0.20456942414780244,0.5,285.0,,0.20456942414780244,over,Dontayvion Wicks TD,285.0,-0.21240771703096062,,1/3,DK,,,,,,,
2026,4,2026_04_LA_PHI,PHI,LA,E.J. Jenkins,,00-0038498,TE,atd,Anytime TD,0.09599109128078046,0.5,3000.0,,0.09599109128078046,over,E.J. Jenkins TD,3000.0,1.9757238297041941,HAMMER,0/1,DK,,,,,,,
2026,4,2026_04_LA_PHI,PHI,LA,Tank Bigsby,,00-0038555,RB,atd,Anytime TD,0.12145220971246795,0.5,850.0,,0.12145220971246795,over,Tank Bigsby TD,850.0,0.15379599226844554,HAMMER,1/3,DK,,,,,,,
2026,4,2026_04_LA_PHI,PHI,LA,Will Shipley,,00-0039746,RB,atd,Anytime TD,0.09978668159117932,0.5,1300.0,,0.09978668159117932,over,Will Shipley TD,1300.0,0.3970135422765104,HAMMER,0/3,DK,,,,,,,
2026,4,2026_04_LA_PHI,PHI,LA,Darius Cooper,,00-0040024,WR,atd,Anytime TD,0.12817442831474718,0.5,1000.0,,0.12817442831474718,over,Darius Cooper TD,1000.0,0.4099187114622189,HAMMER,1/3,DK,,,,,,,
2026,4,2026_04_LA_PHI,PHI,LA,Makai Lemon,,00-0040867,WR,atd,Anytime TD,0.14739136307454775,0.5,450.0,,0.14739136307454775,over,Makai Lemon TD,450.0,-0.18934750308998738,,0/3,DK,,,,,,,
2026,4,2026_04_LA_PHI,LA,PHI,Puka Nacua,,00-0039075,WR,atd,Anytime TD,0.3481310278672535,0.5,140.0,,0.3481310278672535,over,Puka Nacua TD,140.0,-0.1644855331185917,,0/1,DK,,,,,,,
2026,4,2026_04_LA_PHI,LA,PHI,Tutu Atwell,,00-0036849,WR,atd,Anytime TD,0.11073323801968141,0.5,1500.0,,0.11073323801968141,over,Tutu Atwell TD,1500.0,0.7717318083149025,HAMMER,0/1,DK,,,,,,,
2026,4,2026_04_LA_PHI,LA,PHI,Matthew Stafford,,00-0026498,QB,atd,Anytime TD,0.11979714430241833,0.5,2000.0,,0.11979714430241833,over,Matthew Stafford TD,2000.0,1.515740030350785,HAMMER,0/3,DK,,,,,,,
2026,4,2026_04_LA_PHI,LA,PHI,Davante Adams,,00-0031381,WR,atd,Anytime TD,0.34331669339655746,0.5,105.0,,0.34331669339655746,over,Davante Adams TD,105.0,-0.2962007785370573,,1/3,DK,,,,,,,
2026,4,2026_04_LA_PHI,LA,PHI,Tyler Higbee,,00-0033110,TE,atd,Anytime TD,0.27839220921598934,0.5,300.0,,0.27839220921598934,over,Tyler Higbee TD,300.0,0.11356883686395736,PLAY,1/2,DK,,,,,,,
2026,4,2026_04_LA_PHI,LA,PHI,Colby Parkinson,,00-0036244,TE,atd,Anytime TD,0.12352733975304309,0.5,390.0,,0.12352733975304309,over,Colby Parkinson TD,390.0,-0.3947160352100888,,0/3,DK,,,,,,,
2026,4,2026_04_LA_PHI,LA,PHI,Kyren Williams,,00-0037840,RB,atd,Anytime TD,0.488268783264093,0.5,-125.0,,0.488268783264093,over,Kyren Williams TD,-125.0,-0.1211161901246326,,2/3,DK,,,,,,,
2026,4,2026_04_LA_PHI,LA,PHI,Xavier Smith,,00-0038359,WR,atd,Anytime TD,0.1173794801137388,0.5,1100.0,,0.1173794801137388,over,Xavier Smith TD,1100.0,0.40855376136486576,HAMMER,0/3,DK,,,,,,,
2026,4,2026_04_LA_PHI,LA,PHI,Davis Allen,,00-0039074,TE,atd,Anytime TD,0.12516249535207125,0.5,1100.0,,0.12516249535207125,over,Davis Allen TD,1100.0,0.501949944224855,HAMMER,0/3,DK,,,,,,,
2026,4,2026_04_LA_PHI,LA,PHI,Blake Corum,,00-0039738,RB,atd,Anytime TD,0.2615989917851884,0.5,280.0,,0.2615989917851884,over,Blake Corum TD,280.0,-0.005923831216284037,,0/3,DK,,,,,,,
2026,4,2026_04_LA_PHI,LA,PHI,Konata Mumpfield,,00-0040590,WR,atd,Anytime TD,0.17561259808407859,0.5,600.0,,0.17561259808407859,over,Konata Mumpfield TD,600.0,0.2292881865885501,HAMMER,1/3,DK,,,,,,,
2026,4,2026_04_LA_PHI,LA,PHI,Dean Connors,,00-0041415,RB,atd,Anytime TD,0.1037594047227931,0.5,3500.0,,0.1037594047227931,over,Dean Connors TD,3500.0,2.7353385700205517,HAMMER,0/1,DK,,,,,,,
2026,4,2026_04_MIA_MIN,MIN,MIA,Aaron Jones,,00-0033293,RB,atd,Anytime TD,0.48676766494712903,0.5,-155.0,,0.48676766494712903,over,Aaron Jones TD,-155.0,-0.19918868024827163,,1/3,DK,,,,,,,
2026,4,2026_04_MIA_MIN,MIN,MIA,Kyler Murray,,00-0035228,QB,atd,Anytime TD,0.12833982155883264,0.5,340.0,,0.12833982155883264,over,Kyler Murray TD,340.0,-0.43530478514113635,,0/2,DK,,,,,,,
2026,4,2026_04_MIA_MIN,MIN,MIA,T.J. Hockenson,,00-0035229,TE,atd,Anytime TD,0.23971449900210962,0.5,170.0,,0.23971449900210962,over,T.J. Hockenson TD,170.0,-0.35277085269430397,,1/3,DK,,,,,,,
2026,4,2026_04_MIA_MIN,MIN,MIA,Jauan Jennings,,00-0036259,WR,atd,Anytime TD,0.11655589100323933,0.5,425.0,,0.11655589100323933,over,Jauan Jennings TD,425.0,-0.38808157223299344,,0/2,DK,,,,,,,
2026,4,2026_04_MIA_MIN,MIN,MIA,Justin Jefferson,,00-0036322,WR,atd,Anytime TD,0.3202924295095603,0.5,130.0,,0.3202924295095603,over,Justin Jefferson TD,130.0,-0.2633274121280115,,1/3,DK,,,,,,,
2026,4,2026_04_MIA_MIN,MIN,MIA,DeeJay Dallas,,00-0036425,RB,atd,Anytime TD,0.13361347544459345,0.5,800.0,,0.13361347544459345,over,DeeJay Dallas TD,800.0,0.2025212790013411,HAMMER,0/3,DK,,,,,,,
2026,4,2026_04_MIA_MIN,MIN,MIA,Jordan Addison,,00-0038994,WR,atd,Anytime TD,0.29036683241254335,0.5,125.0,,0.29036683241254335,over,Jordan Addison TD,125.0,-0.34667462707177743,,1/3,DK,,,,,,,
2026,4,2026_04_MIA_MIN,MIN,MIA,Tai Felton,,00-0040154,WR,atd,Anytime TD,0.11655589100323933,0.5,800.0,,0.11655589100323933,over,Tai Felton TD,800.0,0.04900301902915394,,0/1,DK,,,,,,,
2026,4,2026_04_MIA_MIN,MIN,MIA,Myles Price,,00-0040506,WR,atd,Anytime TD,0.11849270951461656,0.5,1000.0,,0.11849270951461656,over,Myles Price TD,1000.0,0.3034198046607821,HAMMER,0/3,DK,,,,,,,
2026,4,2026_04_MIA_MIN,MIN,MIA,Max Bredeson,,00-0041081,RB,atd,Anytime TD,0.12479634520834058,0.5,1800.0,,0.12479634520834058,over,Max Bredeson TD,1800.0,1.371130558958471,HAMMER,0/1,DK,,,,,,,
2026,4,2026_04_MIA_MIN,MIN,MIA,Demond Claiborne,,00-0041104,RB,atd,Anytime TD,0.12479634520834058,0.5,1300.0,,0.12479634520834058,over,Demond Claiborne TD,1300.0,0.7471488329167681,HAMMER,0/2,DK,,,,,,,
2026,4,2026_04_MIA_MIN,MIA,MIN,Jaylen Wright,,00-0039874,RB,atd,Anytime TD,0.08390389163437498,0.5,360.0,,0.08390389163437498,over,Jaylen Wright TD,360.0,-0.6140420984818751,,0/2,DK,,,,,,,
2026,4,2026_04_MIA_MIN,MIA,MIN,Greg Dulcich,,00-0037252,TE,atd,Anytime TD,0.13922237225868486,0.5,650.0,,0.13922237225868486,over,Greg Dulcich TD,650.0,0.044167791940136425,,0/3,DK,,,,,,,
2026,4,2026_04_MIA_MIN,MIA,MIN,Malik Willis,,00-0038128,QB,atd,Anytime TD,0.16248827843418462,0.5,425.0,,0.16248827843418462,over,Malik Willis TD,425.0,-0.14693653822053077,,1/3,DK,,,,,,,
2026,4,2026_04_MIA_MIN,MIA,MIN,Ryan Miller,,00-0038824,WR,atd,Anytime TD,0.11213859335397541,0.5,2200.0,,0.11213859335397541,over,Ryan Miller TD,2200.0,1.5791876471414343,HAMMER,1/2,DK,,,,,,,
2026,4,2026_04_MIA_MIN,MIA,MIN,Malik Washington,,00-0039880,WR,atd,Anytime TD,0.23706041913453685,0.5,450.0,,0.23706041913453685,over,Malik Washington TD,450.0,0.30383230523995275,HAMMER,0/3,DK,,,,,,,
2026,4,2026_04_MIA_MIN,MIA,MIN,Ollie Gordon II,,00-0040198,RB,atd,Anytime TD,0.2222548525070224,0.5,320.0,,0.2222548525070224,over,Ollie Gordon II TD,320.0,-0.06652961947050584,,1/2,DK,,,,,,,
2026,4,2026_04_MIA_MIN,MIA,MIN,DJ Herman,,00-0041436,RB,atd,Anytime TD,0.08457208319961182,0.5,1900.0,,0.08457208319961182,over,DJ Herman TD,1900.0,0.6914416639922365,HAMMER,0/2,DK,,,,,,,
2026,4,2026_04_MIA_MIN,MIA,MIN,Will Kacmarek,,00-0041524,TE,atd,Anytime TD,0.08769825634355576,0.5,1700.0,,0.08769825634355576,over,Will Kacmarek TD,1700.0,0.5785686141840036,HAMMER,0/3,DK,,,,,,,
2026,4,2026_04_MIA_MIN,MIA,MIN,Chris Bell,,00-0041525,WR,atd,Anytime TD,0.10474376715382124,0.5,750.0,,0.10474376715382124,over,Chris Bell TD,750.0,-0.10967797919251954,,0/3,DK,,,,,,,
2026,4,2026_04_MIA_MIN,MIA,MIN,Kevin Coleman Jr.,,00-0041529,WR,atd,Anytime TD,0.0867574887418905,0.5,1100.0,,0.0867574887418905,over,Kevin Coleman Jr. TD,1100.0,0.04108986490268607,,0/2,DK,,,,,,,
2026,4,2026_04_NE_BUF,BUF,NE,Ray Davis,,00-0039875,RB,atd,Anytime TD,0.15937431548244177,0.5,1600.0,,0.15937431548244177,over,Ray Davis TD,1600.0,1.70936336320151,HAMMER,0/2,DK,,,,,,,
2026,4,2026_04_NE_BUF,BUF,NE,Keleki Latu,,00-0040363,TE,atd,Anytime TD,0.16646453982017223,0.5,3000.0,,0.16646453982017223,over,Keleki Latu TD,3000.0,4.160400734425339,HAMMER,0/2,DK,,,,,,,
2026,4,2026_04_NE_BUF,BUF,NE,DJ Moore,,00-0034827,WR,atd,Anytime TD,0.3583643566152104,0.5,150.0,,0.3583643566152104,over,DJ Moore TD,150.0,-0.10408910846197406,,1/3,DK,,,,,,,
2026,4,2026_04_NE_BUF,BUF,NE,Josh Allen,,00-0034857,QB,atd,Anytime TD,0.42443655794321816,0.5,-115.0,,0.42443655794321816,over,Josh Allen TD,-115.0,-0.2064881742800705,,3/3,DK,,,,,,,
2026,4,2026_04_NE_BUF,BUF,NE,Greg Dortch,,00-0035500,WR,atd,Anytime TD,0.16407828053218498,0.5,2000.0,,0.16407828053218498,over,Greg Dortch TD,2000.0,2.4456438911758847,HAMMER,0/3,DK,,,,,,,
2026,4,2026_04_NE_BUF,BUF,NE,Ty Johnson,,00-0035537,RB,atd,Anytime TD,0.26704346052072114,0.5,475.0,,0.26704346052072114,over,Ty Johnson TD,475.0,0.5354998979941465,HAMMER,0/1,DK,,,,,,,
2026,4,2026_04_NE_BUF,BUF,NE,Dawson Knox,,00-0035689,TE,atd,Anytime TD,0.21879862002553874,0.5,550.0,,0.21879862002553874,over,Dawson Knox TD,550.0,0.4221910301660019,HAMMER,1/3,DK,,,,,,,
2026,4,2026_04_NE_BUF,BUF,NE,James Cook,,00-0037248,RB,atd,Anytime TD,0.6051867092389177,0.5,-140.0,,0.6051867092389177,over,James Cook TD,-140.0,0.03746293012385893,,2/3,DK,,,,,,,
2026,4,2026_04_NE_BUF,BUF,NE,Khalil Shakir,,00-0037261,WR,atd,Anytime TD,0.24309712237933445,0.5,235.0,,0.24309712237933445,over,Khalil Shakir TD,235.0,-0.18562464002922952,,0/3,DK,,,,,,,
2026,4,2026_04_NE_BUF,BUF,NE,Dalton Kincaid,,00-0038933,TE,atd,Anytime TD,0.3370796774191781,0.5,170.0,,0.3370796774191781,over,Dalton Kincaid TD,170.0,-0.08988487096821907,,1/3,DK,,,,,,,
2026,4,2026_04_NE_BUF,BUF,NE,Keon Coleman,,00-0039901,WR,atd,Anytime TD,0.18019743556934686,0.5,380.0,,0.18019743556934686,over,Keon Coleman TD,380.0,-0.13505230926713507,,0/3,DK,,,,,,,
2026,4,2026_04_NE_BUF,BUF,NE,Jackson Hawes,,00-0040194,TE,atd,Anytime TD,0.1677356939281633,0.5,1100.0,,0.1677356939281633,over,Jackson Hawes TD,1100.0,1.0128283271379592,HAMMER,0/1,DK,,,,,,,
2026,4,2026_04_NE_BUF,NE,BUF,Reggie Gilliam,,00-0036187,RB,atd,Anytime TD,0.10048587376127699,0.5,2500.0,,0.10048587376127699,over,Reggie Gilliam TD,2500.0,1.6126327177932018,HAMMER,0/1,DK,,,,,,,
2026,4,2026_04_NE_BUF,NE,BUF,Eli Raridon,,00-0041395,TE,atd,Anytime TD,0.12438783980015758,0.5,1300.0,,0.12438783980015758,over,Eli Raridon TD,1300.0,0.7414297572022062,HAMMER,1/2,DK,,,,,,,
2026,4,2026_04_NE_BUF,NE,BUF,Hunter Henry,,00-0033090,TE,atd,Anytime TD,0.15465187931992902,0.5,255.0,,0.15465187931992902,over,Hunter Henry TD,255.0,-0.45098582841425205,,0/3,DK,,,,,,,
2026,4,2026_04_NE_BUF,NE,BUF,Mack Hollins,,00-0033555,WR,atd,Anytime TD,0.20306463222800727,0.5,270.0,,0.20306463222800727,over,Mack Hollins TD,270.0,-0.24866086075637306,,0/3,DK,,,,,,,
2026,4,2026_04_NE_BUF,NE,BUF,Rhamondre Stevenson,,00-0036875,RB,atd,Anytime TD,0.2652472239570475,0.5,140.0,,0.2652472239570475,over,Rhamondre Stevenson TD,140.0,-0.36340666250308606,,0/3,DK,,,,,,,
2026,4,2026_04_NE_BUF,NE,BUF,Romeo Doubs,,00-0037816,WR,atd,Anytime TD,0.17566740454332733,0.5,265.0,,0.17566740454332733,over,Romeo Doubs TD,265.0,-0.3588139734168553,,0/3,DK,,,,,,,
2026,4,2026_04_NE_BUF,NE,BUF,Cameron Latu,,00-0038564,TE,atd,Anytime TD,0.09799561940397526,0.5,2800.0,,0.09799561940397526,over,Cameron Latu TD,2800.0,1.8418729627152826,HAMMER,0/2,DK,,,,,,,
2026,4,2026_04_NE_BUF,NE,BUF,DeMario Douglas,,00-0038621,WR,atd,Anytime TD,0.18773257463266071,0.5,380.0,,0.18773257463266071,over,DeMario Douglas TD,380.0,-0.09888364176322861,,0/3,DK,,,,,,,
2026,4,2026_04_NE_BUF,NE,BUF,Drake Maye,,00-0039851,QB,atd,Anytime TD,0.12417601887795471,0.5,500.0,,0.12417601887795471,over,Drake Maye TD,500.0,-0.25494388673227175,,0/3,DK,,,,,,,
2026,4,2026_04_NE_BUF,NE,BUF,Kyle Williams,,00-0040131,WR,atd,Anytime TD,0.10703397913690377,0.5,750.0,,0.10703397913690377,over,Kyle Williams TD,750.0,-0.090211177336318,,0/3,DK,,,,,,,
2026,4,2026_04_NE_BUF,NE,BUF,Corey Kiner,,00-0040556,RB,atd,Anytime TD,0.14100543165639423,0.5,1900.0,,0.14100543165639423,over,Corey Kiner TD,1900.0,1.8201086331278846,HAMMER,0/3,DK,,,,,,,
2026,4,2026_04_NE_BUF,NE,BUF,Efton Chism III,,00-0040563,WR,atd,Anytime TD,0.10036583346231089,0.5,1500.0,,0.10036583346231089,over,Efton Chism III TD,1500.0,0.6058533353969742,HAMMER,0/2,DK,,,,,,,
2026,4,2026_04_NE_BUF,NE,BUF,TreVeyon Henderson,,00-0040734,RB,atd,Anytime TD,0.2910412363177524,0.5,200.0,,0.2910412363177524,over,TreVeyon Henderson TD,200.0,-0.1268762910467427,,1/2,DK,,,,,,,
2026,4,2026_04_NYJ_CHI,CHI,NYJ,Roschon Johnson,,00-0039021,RB,atd,Anytime TD,0.11627520803311771,0.5,1700.0,,0.11627520803311771,over,Roschon Johnson TD,1700.0,1.0929537445961186,HAMMER,0/1,DK,,,,,,,
2026,4,2026_04_NYJ_CHI,CHI,NYJ,Jahdae Walker,,00-0040277,WR,atd,Anytime TD,0.19858488407184843,0.5,1600.0,,0.19858488407184843,over,Jahdae Walker TD,1600.0,2.3759430292214234,HAMMER,1/1,DK,,,,,,,
2026,4,2026_04_NYJ_CHI,CHI,NYJ,Tyson Bagent,,00-0038416,QB,atd,Anytime TD,0.11627520803311771,0.5,500.0,,0.11627520803311771,over,Tyson Bagent TD,500.0,-0.3023487518012937,,0/1,DK,,,,,,,
2026,4,2026_04_NYJ_CHI,CHI,NYJ,Kalif Raymond,,00-0032464,WR,atd,Anytime TD,0.3366044017088831,0.5,390.0,,0.3366044017088831,over,Kalif Raymond TD,390.0,0.6493615683735274,HAMMER,1/3,DK,,,,,,,
2026,4,2026_04_NYJ_CHI,CHI,NYJ,D'Andre Swift,,00-0036275,RB,atd,Anytime TD,0.4908122974972748,0.5,-140.0,,0.4908122974972748,over,D'Andre Swift TD,-140.0,-0.15860749000467178,,1/3,DK,,,,,,,
2026,4,2026_04_NYJ_CHI,CHI,NYJ,Cole Kmet,,00-0036290,TE,atd,Anytime TD,0.1561781173992672,0.5,550.0,,0.1561781173992672,over,Cole Kmet TD,550.0,0.015157763095236865,,1/3,DK,,,,,,,
2026,4,2026_04_NYJ_CHI,CHI,NYJ,Rome Odunze,,00-0039919,WR,atd,Anytime TD,0.21569637086727042,0.5,320.0,,0.21569637086727042,over,Rome Odunze TD,320.0,-0.09407524235746423,,0/3,DK,,,,,,,
2026,4,2026_04_NYJ_CHI,CHI,NYJ,Colston Loveland,,00-0040126,TE,atd,Anytime TD,0.13348993356719885,0.5,265.0,,0.13348993356719885,over,Colston Loveland TD,265.0,-0.5127617424797242,,0/3,DK,,,,,,,
2026,4,2026_04_NYJ_CHI,CHI,NYJ,Kyle Monangai,,00-0040236,RB,atd,Anytime TD,0.3556130220843642,0.5,-115.0,,0.3556130220843642,over,Kyle Monangai TD,-115.0,-0.335158263059667,,1/3,DK,,,,,,,
2026,4,2026_04_NYJ_CHI,CHI,NYJ,Luther Burden III,,00-0040735,WR,atd,Anytime TD,0.32433079318016345,0.5,210.0,,0.32433079318016345,over,Luther Burden III TD,210.0,0.00542545885850676,,1/3,DK,,,,,,,
2026,4,2026_04_NYJ_CHI,CHI,NYJ,Zavion Thomas,,00-0041051,WR,atd,Anytime TD,0.1208641429179029,0.5,1900.0,,0.1208641429179029,over,Zavion Thomas TD,1900.0,1.4172828583580581,HAMMER,0/2,DK,,,,,,,
2026,4,2026_04_NYJ_CHI,CHI,NYJ,Sam Roush,,00-0041558,TE,atd,Anytime TD,0.12026824741856636,0.5,1600.0,,0.12026824741856636,over,Sam Roush TD,1600.0,1.0445602061156283,HAMMER,0/2,DK,,,,,,,
2026,4,2026_04_NYJ_CHI,NYJ,CHI,Andrew Beck,,00-0034959,RB,atd,Anytime TD,0.10935957391461516,0.5,2800.0,,0.10935957391461516,over,Andrew Beck TD,2800.0,2.1714276435238395,HAMMER,0/1,DK,,,,,,,
2026,4,2026_04_NYJ_CHI,NYJ,CHI,Geno Smith,,00-0030565,QB,atd,Anytime TD,0.11934786548250192,0.5,850.0,,0.11934786548250192,over,Geno Smith TD,850.0,0.13380472208376837,HAMMER,0/3,DK,,,,,,,
2026,4,2026_04_NYJ_CHI,NYJ,CHI,Garrett Wilson,,00-0037740,WR,atd,Anytime TD,0.40030302863759526,0.5,160.0,,0.40030302863759526,over,Garrett Wilson TD,160.0,0.040787874457747675,,2/3,DK,,,,,,,
2026,4,2026_04_NYJ_CHI,NYJ,CHI,Jelani Woods,,00-0037755,TE,atd,Anytime TD,0.11014485929331064,0.5,1900.0,,0.11014485929331064,over,Jelani Woods TD,1900.0,1.2028971858662127,HAMMER,0/1,DK,,,,,,,
2026,4,2026_04_NYJ_CHI,NYJ,CHI,Jeremy Ruckert,,00-0037805,TE,atd,Anytime TD,0.14682369413615895,0.5,800.0,,0.14682369413615895,over,Jeremy Ruckert TD,800.0,0.3214132472254305,HAMMER,1/3,DK,,,,,,,
2026,4,2026_04_NYJ_CHI,NYJ,CHI,Isaiah Williams,,00-0039451,WR,atd,Anytime TD,0.12277546639965371,0.5,425.0,,0.12277546639965371,over,Isaiah Williams TD,425.0,-0.355428801401818,,0/3,DK,,,,,,,
2026,4,2026_04_NYJ_CHI,NYJ,CHI,Braelon Allen,,00-0039794,RB,atd,Anytime TD,0.17879294292256567,0.5,125.0,,0.17879294292256567,over,Braelon Allen TD,125.0,-0.5977158784242272,,1/3,DK,,,,,,,
2026,4,2026_04_NYJ_CHI,NYJ,CHI,Isaiah Davis,,00-0039798,RB,atd,Anytime TD,0.10935957391461516,0.5,275.0,,0.10935957391461516,over,Isaiah Davis TD,275.0,-0.5899015978201931,,0/2,DK,,,,,,,
2026,4,2026_04_NYJ_CHI,NYJ,CHI,Jamaal Pritchett,,00-0040405,WR,atd,Anytime TD,0.11169316396777033,0.5,1300.0,,0.11169316396777033,over,Jamaal Pritchett TD,1300.0,0.5637042955487848,HAMMER,0/1,DK,,,,,,,
2026,4,2026_04_NYJ_CHI,NYJ,CHI,Kenyon Sadiq,,00-0041032,TE,atd,Anytime TD,0.22239561415859474,0.5,250.0,,0.22239561415859474,over,Kenyon Sadiq TD,250.0,-0.22161535044491842,,2/3,DK,,,,,,,
2026,4,2026_04_NYJ_CHI,NYJ,CHI,Malik McClain,,00-0041267,WR,atd,Anytime TD,0.11169316396777033,0.5,1200.0,,0.11169316396777033,over,Malik McClain TD,1200.0,0.45201113158101425,HAMMER,0/1,DK,,,,,,,
2026,4,2026_04_TEN_BAL,BAL,TEN,Durham Smythe,,00-0034798,TE,atd,Anytime TD,0.16417933894392747,0.5,1400.0,,0.16417933894392747,over,Durham Smythe TD,1400.0,1.462690084158912,HAMMER,0/2,DK,,,,,,,
2026,4,2026_04_TEN_BAL,BAL,TEN,Chris Moore,,00-0032398,WR,atd,Anytime TD,0.19640020215271894,0.5,800.0,,0.19640020215271894,over,Chris Moore TD,800.0,0.7676018193744705,HAMMER,1/3,DK,,,,,,,
2026,4,2026_04_TEN_BAL,BAL,TEN,Derrick Henry,,00-0032764,RB,atd,Anytime TD,0.5781258596584276,0.5,-210.0,,0.5781258596584276,over,Derrick Henry TD,-210.0,-0.1465761119327974,,3/3,DK,,,,,,,
2026,4,2026_04_TEN_BAL,BAL,TEN,Mark Andrews,,00-0034753,TE,atd,Anytime TD,0.33169650331192285,0.5,150.0,,0.33169650331192285,over,Mark Andrews TD,150.0,-0.1707587417201929,,0/3,DK,,,,,,,
2026,4,2026_04_TEN_BAL,BAL,TEN,Lamar Jackson,,00-0034796,QB,atd,Anytime TD,0.23262688995232456,0.5,230.0,,0.23262688995232456,over,Lamar Jackson TD,230.0,-0.232331263157329,,1/3,DK,,,,,,,
2026,4,2026_04_TEN_BAL,BAL,TEN,Justice Hill,,00-0034975,RB,atd,Anytime TD,0.19963471333351177,0.5,600.0,,0.19963471333351177,over,Justice Hill TD,600.0,0.39744299333458244,HAMMER,0/3,DK,,,,,,,
2026,4,2026_04_TEN_BAL,BAL,TEN,Rashod Bateman,,00-0036550,WR,atd,Anytime TD,0.2942505816207612,0.5,260.0,,0.2942505816207612,over,Rashod Bateman TD,260.0,0.059302093834740166,LEAN,1/3,DK,,,,,,,
2026,4,2026_04_TEN_BAL,BAL,TEN,Zay Flowers,,00-0039064,WR,atd,Anytime TD,0.3948777645403222,0.5,135.0,,0.3948777645403222,over,Zay Flowers TD,135.0,-0.0720372533302428,,1/2,DK,,,,,,,
2026,4,2026_04_TEN_BAL,BAL,TEN,Devontez Walker,,00-0039792,WR,atd,Anytime TD,0.1567801226071597,0.5,850.0,,0.1567801226071597,over,Devontez Walker TD,850.0,0.48941116476801727,HAMMER,0/2,DK,,,,,,,
2026,4,2026_04_TEN_BAL,BAL,TEN,Rasheen Ali,,00-0039796,RB,atd,Anytime TD,0.1510369402603987,0.5,3000.0,,0.1510369402603987,over,Rasheen Ali TD,3000.0,3.68214514807236,HAMMER,0/3,DK,,,,,,,
2026,4,2026_04_TEN_BAL,BAL,TEN,LaJohntay Wester,,00-0040075,WR,atd,Anytime TD,0.1583457724966138,0.5,1600.0,,0.1583457724966138,over,LaJohntay Wester TD,1600.0,1.6918781324424348,HAMMER,0/3,DK,,,,,,,
2026,4,2026_04_TEN_BAL,BAL,TEN,Matthew Hibner,,00-0040879,TE,atd,Anytime TD,0.20239632003783953,0.5,1000.0,,0.20239632003783953,over,Matthew Hibner TD,1000.0,1.226359520416235,HAMMER,1/2,DK,,,,,,,
2026,4,2026_04_TEN_BAL,BAL,TEN,Josh Cuevas,,00-0040887,TE,atd,Anytime TD,0.15567427235054626,0.5,1900.0,,0.15567427235054626,over,Josh Cuevas TD,1900.0,2.113485447010925,HAMMER,0/1,DK,,,,,,,
2026,4,2026_04_TEN_BAL,TEN,BAL,Nicholas Singleton,,00-0040886,RB,atd,Anytime TD,0.09306021991291798,0.5,950.0,,0.09306021991291798,over,Nicholas Singleton TD,950.0,-0.02286769091436125,,0/1,DK,,,,,,,
2026,4,2026_04_TEN_BAL,TEN,BAL,Calvin Ridley,,00-0034837,WR,atd,Anytime TD,0.09677551860105023,0.5,1400.0,,0.09677551860105023,over,Calvin Ridley TD,1400.0,0.4516327790157535,HAMMER,0/2,DK,,,,,,,
2026,4,2026_04_TEN_BAL,TEN,BAL,Tony Pollard,,00-0035261,RB,atd,Anytime TD,0.32903459676538693,0.5,205.0,,0.32903459676538693,over,Tony Pollard TD,205.0,0.003555520134430168,,0/3,DK,,,,,,,
2026,4,2026_04_TEN_BAL,TEN,BAL,Julius Chestnut,,00-0037594,RB,atd,Anytime TD,0.0947748191350062,0.5,1900.0,,0.0947748191350062,over,Julius Chestnut TD,1900.0,0.8954963827001239,HAMMER,0/2,DK,,,,,,,
2026,4,2026_04_TEN_BAL,TEN,BAL,Daniel Bellinger,,00-0038115,TE,atd,Anytime TD,0.09349867473126063,0.5,1400.0,,0.09349867473126063,over,Daniel Bellinger TD,1400.0,0.4024801209689093,HAMMER,0/3,DK,,,,,,,
2026,4,2026_04_TEN_BAL,TEN,BAL,Wan'Dale Robinson,,00-0038117,WR,atd,Anytime TD,0.1762925329231005,0.5,500.0,,0.1762925329231005,over,Wan'Dale Robinson TD,500.0,0.05775519753860303,LEAN,1/3,DK,,,,,,,
2026,4,2026_04_TEN_BAL,TEN,BAL,Tyjae Spears,,00-0039032,RB,atd,Anytime TD,0.11576109019360911,0.5,600.0,,0.11576109019360911,over,Tyjae Spears TD,600.0,-0.18967236864473624,,0/3,DK,,,,,,,
2026,4,2026_04_TEN_BAL,TEN,BAL,Elic Ayomanor,,00-0040170,WR,atd,Anytime TD,0.14055887101891198,0.5,650.0,,0.14055887101891198,over,Elic Ayomanor TD,650.0,0.054191532641839846,LEAN,1/3,DK,,,,,,,
2026,4,2026_04_TEN_BAL,TEN,BAL,Gunnar Helm,,00-0040584,TE,atd,Anytime TD,0.13045837472015792,0.5,550.0,,0.13045837472015792,over,Gunnar Helm TD,550.0,-0.15202056431897348,,0/3,DK,,,,,,,
2026,4,2026_04_TEN_BAL,TEN,BAL,Cam Ward,,00-0040676,QB,atd,Anytime TD,0.1846244037052449,0.5,600.0,,0.1846244037052449,over,Cam Ward TD,600.0,0.2923708259367144,HAMMER,1/3,DK,,,,,,,
2026,4,2026_04_TEN_BAL,TEN,BAL,Chimere Dike,,00-0040705,WR,atd,Anytime TD,0.10059899993031489,0.5,1300.0,,0.10059899993031489,over,Chimere Dike TD,1300.0,0.40838599902440853,HAMMER,0/3,DK,,,,,,,
2026,4,2026_04_TEN_BAL,TEN,BAL,Carnell Tate,,00-0041438,WR,atd,Anytime TD,0.19343119603354997,0.5,340.0,,0.19343119603354997,over,Carnell Tate TD,340.0,-0.14890273745238003,,0/3,DK,,,,,,,
2026,4,2026_04_PIT_CLE,CLE,PIT,Jerry Jeudy,,00-0036407,WR,atd,Anytime TD,0.10230737736999945,0.5,950.0,,0.10230737736999945,over,Jerry Jeudy TD,950.0,0.07422746238499434,LEAN,0/2,DK,,,,,,,
2026,4,2026_04_PIT_CLE,CLE,PIT,Blake Whiteheart,,00-0038710,TE,atd,Anytime TD,0.11613441318943499,0.5,1100.0,,0.11613441318943499,over,Blake Whiteheart TD,1100.0,0.39361295827321996,HAMMER,1/2,DK,,,,,,,
2026,4,2026_04_PIT_CLE,CLE,PIT,Jaleel McLaughlin,,00-0038794,RB,atd,Anytime TD,0.09617797507931883,0.5,2200.0,,0.09617797507931883,over,Jaleel McLaughlin TD,2200.0,1.212093426824333,HAMMER,0/1,DK,,,,,,,
2026,4,2026_04_PIT_CLE,CLE,PIT,Isaiah Bond,,00-0040782,WR,atd,Anytime TD,0.09329017807503451,0.5,2000.0,,0.09329017807503451,over,Isaiah Bond TD,2000.0,0.9590937395757246,HAMMER,0/1,DK,,,,,,,
2026,4,2026_04_PIT_CLE,CLE,PIT,Michael Burton,,00-0031595,RB,atd,Anytime TD,0.09617797507931883,0.5,3000.0,,0.09617797507931883,over,Michael Burton TD,3000.0,1.9815172274588835,HAMMER,0/1,DK,,,,,,,
2026,4,2026_04_PIT_CLE,CLE,PIT,Deshaun Watson,,00-0033537,QB,atd,Anytime TD,0.23362112679242544,0.5,380.0,,0.23362112679242544,over,Deshaun Watson TD,380.0,0.121381408603642,HAMMER,0/3,DK,,,,,,,
2026,4,2026_04_PIT_CLE,CLE,PIT,Malachi Corley,,00-0039920,WR,atd,Anytime TD,0.0983311171347661,0.5,3500.0,,0.0983311171347661,over,Malachi Corley TD,3500.0,2.5399202168515793,HAMMER,0/3,DK,,,,,,,
2026,4,2026_04_PIT_CLE,CLE,PIT,Raheim Sanders,,00-0040466,RB,atd,Anytime TD,0.11100007688392924,0.5,700.0,,0.11100007688392924,over,Raheim Sanders TD,700.0,-0.11199938492856609,,0/3,DK,,,,,,,
2026,4,2026_04_PIT_CLE,CLE,PIT,Harold Fannin Jr.,,00-0040663,TE,atd,Anytime TD,0.2755669266920452,0.5,285.0,,0.2755669266920452,over,Harold Fannin Jr. TD,285.0,0.060932667764374004,LEAN,1/3,DK,,,,,,,
2026,4,2026_04_PIT_CLE,CLE,PIT,Quinshon Judkins,,00-0040784,RB,atd,Anytime TD,0.2948385941945899,0.5,145.0,,0.2948385941945899,over,Quinshon Judkins TD,145.0,-0.27764544422325466,,0/3,DK,,,,,,,
2026,4,2026_04_PIT_CLE,CLE,PIT,Denzel Boston,,00-0041037,WR,atd,Anytime TD,0.2781895291158862,0.5,275.0,,0.2781895291158862,over,Denzel Boston TD,275.0,0.04321073418457311,,2/3,DK,,,,,,,
2026,4,2026_04_PIT_CLE,CLE,PIT,Carsen Ryan,,00-0041131,TE,atd,Anytime TD,0.0953135346531951,0.5,5500.0,,0.0953135346531951,over,Carsen Ryan TD,5500.0,4.337557940578925,HAMMER,0/2,DK,,,,,,,
2026,4,2026_04_PIT_CLE,CLE,PIT,KC Concepcion,,00-0041547,WR,atd,Anytime TD,0.23054387371875348,0.5,360.0,,0.23054387371875348,over,KC Concepcion TD,360.0,0.06050181910626584,LEAN,0/3,DK,,,,,,,
2026,4,2026_04_PIT_CLE,PIT,CLE,Riley Nowakowski,,00-0041398,RB,atd,Anytime TD,0.08525762206791594,0.5,3500.0,,0.08525762206791594,over,Riley Nowakowski TD,3500.0,2.069274394444974,HAMMER,0/1,DK,,,,,,,
2026,4,2026_04_PIT_CLE,PIT,CLE,Eli Heidenreich,,00-0041490,RB,atd,Anytime TD,0.08525762206791594,0.5,2500.0,,0.08525762206791594,over,Eli Heidenreich TD,2500.0,1.2166981737658147,HAMMER,0/2,DK,,,,,,,
2026,4,2026_04_PIT_CLE,PIT,CLE,Aaron Rodgers,,00-0023459,QB,atd,Anytime TD,0.09891749034791959,0.5,1500.0,,0.09891749034791959,over,Aaron Rodgers TD,1500.0,0.5826798455667135,HAMMER,0/3,DK,,,,,,,
2026,4,2026_04_PIT_CLE,PIT,CLE,Robert Tonyan,,00-0033757,TE,atd,Anytime TD,0.08567893121069999,0.5,3000.0,,0.08567893121069999,over,Robert Tonyan TD,3000.0,1.6560468675316997,HAMMER,0/1,DK,,,,,,,
2026,4,2026_04_PIT_CLE,PIT,CLE,Travis Homer,,00-0035594,RB,atd,Anytime TD,0.08525762206791594,0.5,1600.0,,0.08525762206791594,over,Travis Homer TD,1600.0,0.44937957515457105,HAMMER,0/2,DK,,,,,,,
2026,4,2026_04_PIT_CLE,PIT,CLE,DK Metcalf,,00-0035640,WR,atd,Anytime TD,0.19961056204304223,0.5,235.0,,0.19961056204304223,over,DK Metcalf TD,235.0,-0.3313046171558085,,1/3,DK,,,,,,,
2026,4,2026_04_PIT_CLE,PIT,CLE,Michael Pittman,,00-0036252,WR,atd,Anytime TD,0.14984589058719858,0.5,350.0,,0.14984589058719858,over,Michael Pittman TD,350.0,-0.32569349235760636,,0/2,DK,,,,,,,
2026,4,2026_04_PIT_CLE,PIT,CLE,Ben Skowronek,,00-0036862,WR,atd,Anytime TD,0.1103499759790319,0.5,1300.0,,0.1103499759790319,over,Ben Skowronek TD,1300.0,0.5448996637064467,HAMMER,1/2,DK,,,,,,,
2026,4,2026_04_PIT_CLE,PIT,CLE,Pat Freiermuth,,00-0036894,TE,atd,Anytime TD,0.17941584458313573,0.5,380.0,,0.17941584458313573,over,Pat Freiermuth TD,380.0,-0.13880394600094859,,1/3,DK,,,,,,,
2026,4,2026_04_PIT_CLE,PIT,CLE,Jaylen Warren,,00-0037228,RB,atd,Anytime TD,0.29631155599574754,0.5,-105.0,,0.29631155599574754,over,Jaylen Warren TD,-105.0,-0.42148696210354053,,0/3,DK,,,,,,,
2026,4,2026_04_PIT_CLE,PIT,CLE,Darnell Washington,,00-0038558,TE,atd,Anytime TD,0.10225999529152986,0.5,600.0,,0.10225999529152986,over,Darnell Washington TD,600.0,-0.28418003295929095,,0/3,DK,,,,,,,
2026,4,2026_04_PIT_CLE,PIT,CLE,Roman Wilson,,00-0039739,WR,atd,Anytime TD,0.1839263140694852,0.5,450.0,,0.1839263140694852,over,Roman Wilson TD,450.0,0.011594727382168601,,1/3,DK,,,,,,,
2026,4,2026_04_PIT_CLE,PIT,CLE,Kaden Wetjen,,00-0041397,WR,atd,Anytime TD,0.09741583390305425,0.5,2500.0,,0.09741583390305425,over,Kaden Wetjen TD,2500.0,1.5328116814794104,HAMMER,0/3,DK,,,,,,,
2026,4,2026_04_PIT_CLE,PIT,CLE,Germie Bernard,,00-0041489,WR,atd,Anytime TD,0.1569695374525693,0.5,1000.0,,0.1569695374525693,over,Germie Bernard TD,1000.0,0.7266649119782624,HAMMER,0/2,DK,,,,,,,
