season,week,game_id,team,opp,player,inj,player_id,position,market,label,proj,line,over_price,under_price,p_over,side,pick,price,edge,tier,hits,book,fair,vs_mkt,ev,cov_edge,ypt_man,ypt_zone,opp_man,cov_mark
2026,5,2026_05_BUF_LA,LA,BUF,Matthew Stafford,,00-0026498,QB,pass_yds,Pass Yds,319.65827163883864,283.5,-112.0,-112.0,0.5696400625978091,over,O 283.5,-112.0,0.04133817580535626,LEAN,3/4,DK,0.49849324975891995,,0.07824726134585291,,,,,
2026,5,2026_05_BUF_LA,BUF,LA,Josh Allen,,00-0034857,QB,pass_yds,Pass Yds,293.06613564615594,244.5,-112.0,-112.0,0.6541471048513302,over,O 244.5,-112.0,0.12584521805887738,PLAY,3/4,DK,,thin,0.23820701989716064,,,,,
2026,5,2026_05_BAL_ATL,ATL,BAL,Michael Penix Jr.,,00-0039917,QB,pass_yds,Pass Yds,233.84356266012364,217.5,-112.0,-112.0,0.6128526645768024,over,O 217.5,-112.0,0.0845507777843496,HAMMER,2/2,DK,0.5,,0.16004254366323312,,,,,
2026,5,2026_05_CHI_GB,GB,CHI,Jordan Love,,00-0036264,QB,pass_yds,Pass Yds,262.3135792645568,231.5,-113.0,-111.0,0.6363636363636364,over,O 231.5,-113.0,0.10584720443875373,PLAY,2/4,DK,,thin,0.1995172968624297,,,,,
2026,5,2026_05_CHI_GB,CHI,GB,Tyson Bagent,,00-0038416,QB,pass_yds,Pass Yds,176.32668089221463,219.5,-112.0,-112.0,0.39123630672926446,under,U 219.5,-112.0,0.08046180647828272,HAMMER,1/2,DK,0.5,,0.15230270511960642,,,,,
2026,5,2026_05_CLE_NYJ,NYJ,CLE,Geno Smith,,00-0030565,QB,pass_yds,Pass Yds,276.00133970652786,206.5,-113.0,-111.0,0.7683881064162754,over,O 206.5,-113.0,0.2378716744913928,LEAN,3/4,DK,0.5,capped,0.44837758112094406,,,,,
2026,5,2026_05_CLE_NYJ,CLE,NYJ,Deshaun Watson,,00-0033537,QB,pass_yds,Pass Yds,201.84470286367278,201.5,-112.0,-112.0,0.5501567398119123,over,O 201.5,-112.0,0.02185485301945944,,3/4,DK,,,0.04136811464397683,,,,,
2026,5,2026_05_DEN_LAC,LAC,DEN,Justin Herbert,,00-0036355,QB,pass_yds,Pass Yds,241.08919814042827,200.5,-111.0,-113.0,0.7006269592476488,over,O 200.5,-111.0,0.17456060853674837,LEAN,2/4,DK,0.5,capped,0.33182241802931456,,,,,
2026,5,2026_05_DEN_LAC,DEN,LAC,Bo Nix,,00-0039732,QB,pass_yds,Pass Yds,246.97943285739424,220.5,-112.0,-112.0,0.6144200626959248,over,O 220.5,-112.0,0.08611817590347193,PLAY,1/4,DK,,thin,0.1630094043887147,,,,,
2026,5,2026_05_DET_ARI,ARI,DET,Jacoby Brissett,,00-0033119,QB,pass_yds,Pass Yds,268.051431673284,269.5,-111.0,-113.0,0.3959311424100157,under,U 269.5,-113.0,0.07355242566510167,PLAY,2/4,DK,,thin,0.13864306784660752,,,,,
2026,5,2026_05_DET_ARI,DET,ARI,Jared Goff,,00-0033106,QB,pass_yds,Pass Yds,278.88613449998815,280.5,-113.0,-111.0,0.3943661971830986,under,U 280.5,-111.0,0.07956745210600091,HAMMER,2/4,DK,0.5,,0.15124984139068642,,,,,
2026,5,2026_05_HOU_TEN,TEN,HOU,Cam Ward,,00-0040676,QB,pass_yds,Pass Yds,197.61139397143387,189.5,-111.0,-113.0,0.5768025078369906,over,O 189.5,-111.0,0.05073615712609014,PLAY,1/4,DK,,,0.0964444067892345,,,,,
2026,5,2026_05_HOU_TEN,HOU,TEN,C.J. Stroud,,00-0039163,QB,pass_yds,Pass Yds,208.62032806113533,231.5,-111.0,-112.0,0.4216300940438872,under,U 231.5,-112.0,0.050068019163659994,PLAY,1/4,DK,,,0.09477160770264215,,,,,
2026,5,2026_05_IND_PIT,PIT,IND,Aaron Rodgers,,00-0023459,QB,pass_yds,Pass Yds,265.52099345390434,222.5,-112.0,-112.0,0.6244131455399061,over,O 222.5,-112.0,0.0961112587474533,PLAY,2/4,DK,,thin,0.181924882629108,,,,,
2026,5,2026_05_IND_PIT,IND,PIT,Daniel Jones,,00-0035710,QB,pass_yds,Pass Yds,236.7915283764637,215.5,-113.0,-111.0,0.6394984326018809,over,O 215.5,-113.0,0.10898200067699826,PLAY,1/4,DK,,thin,0.20542624906372242,,,,,
2026,5,2026_05_LV_NE,NE,LV,Drake Maye,,00-0039851,QB,pass_yds,Pass Yds,232.8734222470239,226.5,-112.0,-112.0,0.561128526645768,over,O 226.5,-112.0,0.03282663985331513,LEAN,1/4,DK,0.5,,0.06213613972234655,,,,,
2026,5,2026_05_LV_NE,LV,NE,Kirk Cousins,,00-0029604,QB,pass_yds,Pass Yds,286.4234414797016,228.5,-113.0,-111.0,0.6932707355242567,over,O 228.5,-113.0,0.16275430359937404,LEAN,3/4,DK,0.5015476681799422,capped,0.30678466076696176,,,,,
2026,5,2026_05_MIN_NO,NO,MIN,Tyler Shough,,00-0040743,QB,pass_yds,Pass Yds,258.37229523343944,237.5,-113.0,-111.0,0.5752351097178683,over,O 237.5,-113.0,0.04471867779298566,LEAN,4/4,DK,,,0.08429272893722084,,,,,
2026,5,2026_05_MIN_NO,MIN,NO,Kyler Murray,,00-0035228,QB,pass_yds,Pass Yds,198.0611064729726,212.5,-113.0,-111.0,0.46394984326018807,under,U 212.5,-111.0,0.009983806028911468,,2/3,DK,,,0.01897822587477771,,,,,
2026,5,2026_05_PHI_JAX,JAX,PHI,Trevor Lawrence,,00-0036971,QB,pass_yds,Pass Yds,238.90014860767184,226.5,-113.0,-111.0,0.5924764890282131,over,O 226.5,-113.0,0.061960057103330524,PLAY,2/4,DK,0.5015476681799422,,0.11679196604433106,,,,,
2026,5,2026_05_PHI_JAX,PHI,JAX,Jalen Hurts,,00-0036389,QB,pass_yds,Pass Yds,176.7633678994795,191.5,-113.0,-111.0,0.5242566510172144,over,O 191.5,-113.0,-0.006259780907668211,,2/4,DK,,,-0.01179941002949847,,,,,
2026,5,2026_05_SF_SEA,SEA,SF,Sam Darnold,,00-0034869,QB,pass_yds,Pass Yds,214.23407415115202,225.5,-112.0,-112.0,0.4780564263322884,under,U 225.5,-112.0,-0.006358313124741222,,2/3,DK,,,-0.012035378414688824,,,,,
2026,5,2026_05_SF_SEA,SF,SEA,Brock Purdy,,00-0037834,QB,pass_yds,Pass Yds,230.1762364532501,224.5,-113.0,-111.0,0.5532915360501567,over,O 224.5,-113.0,0.02277510412527406,,2/4,DK,,,0.042930063528171525,,,,,
2026,5,2026_05_TB_DAL,DAL,TB,Dak Prescott,,00-0033077,QB,pass_yds,Pass Yds,327.38696246624374,265.5,-111.0,-113.0,0.6932707355242567,over,O 265.5,-111.0,0.1672043848133562,LEAN,3/4,DK,0.5005089576547231,capped,0.3178389657262899,,,,,
2026,5,2026_05_TB_DAL,TB,DAL,Jalon Daniels,,00-0041251,QB,pass_yds,Pass Yds,217.39484540340686,181.5,-111.0,-113.0,0.6865203761755485,over,O 181.5,-111.0,0.16045402546464804,LEAN,0/2,DK,0.5,capped,0.3050072015589256,,,,,
2026,5,2026_05_BUF_LA,LA,BUF,Kyren Williams,,00-0037840,RB,rush_yds,Rush Yds,62.17671703029266,69.5,-112.0,-112.0,0.3341746592629985,under,U 69.5,-112.0,0.13752345394454868,LEAN,1/4,DK,0.49924662487946003,capped,0.2603122521093242,,,,,
2026,5,2026_05_BUF_LA,LA,BUF,Blake Corum,,00-0039738,RB,rush_yds,Rush Yds,27.1891036652263,32.5,-112.0,-112.0,0.3303030303030303,under,U 32.5,-112.0,0.14139508290451686,PLAY,2/4,DK,,thin,0.26764069264069246,,,,,
2026,5,2026_05_BUF_LA,BUF,LA,Josh Allen,,00-0034857,QB,rush_yds,Rush Yds,24.69561962553289,36.5,-114.0,-110.0,0.25656565656565655,under,U 36.5,-110.0,0.2196248196248196,LEAN,3/4,DK,0.49840255591054317,capped,0.4192837465564738,,,,,
2026,5,2026_05_BUF_LA,BUF,LA,James Cook,,00-0037248,RB,rush_yds,Rush Yds,88.4010767265851,76.5,-109.0,-115.0,0.5174154467440686,over,O 76.5,-109.0,-0.00411565373440026,,2/4,DK,0.4949062655941303,,-0.00789148284852903,,,,,
2026,5,2026_05_BAL_ATL,ATL,BAL,Brian Robinson,,00-0037746,RB,rush_yds,Rush Yds,47.394967340517745,35.5,-115.0,-109.0,0.6065656565656565,over,O 35.5,-115.0,0.07168193563542402,HAMMER,3/4,DK,0.504405597949921,,0.13401405357927088,,,,,
2026,5,2026_05_BAL_ATL,ATL,BAL,Bijan Robinson,,00-0038542,RB,rush_yds,Rush Yds,85.6955205435094,90.5,-111.0,-112.0,0.3624432104997476,under,U 90.5,-112.0,0.10925490270779958,HAMMER,2/4,DK,0.4974883459250925,,0.20680392298262062,,,,,
2026,5,2026_05_BAL_ATL,BAL,ATL,Derrick Henry,,00-0032764,RB,rush_yds,Rush Yds,57.459524989095264,86.5,-113.0,-111.0,0.15396264512872282,under,U 86.5,-111.0,0.3199710041603767,LEAN,2/4,DK,0.5,capped,0.608233170070626,,,,,
2026,5,2026_05_BAL_ATL,BAL,ATL,Justice Hill,,00-0034975,RB,rush_yds,Rush Yds,10.700806831495914,11.5,-107.0,-117.0,0.35858585858585856,under,U 11.5,-117.0,0.10224363450169904,HAMMER,2/4,DK,0.5013073933506196,,0.18963135629802297,,,,,
2026,5,2026_05_CHI_GB,CHI,GB,D'Andre Swift,,00-0036275,RB,rush_yds,Rush Yds,62.123440305285165,61.5,-110.0,-114.0,0.41039878849066125,under,U 61.5,-114.0,0.05689093113550703,PLAY,2/4,DK,0.5,,0.1067952566929693,,,,,
2026,5,2026_05_CLE_NYJ,NYJ,CLE,Geno Smith,,00-0030565,QB,rush_yds,Rush Yds,9.865468511957227,10.5,-108.0,-116.0,0.3606060606060606,under,U 10.5,-116.0,0.10235690235690231,HAMMER,2/4,DK,0.5050937344058697,,0.19059561128526648,,,,,
2026,5,2026_05_CLE_NYJ,NYJ,CLE,Braelon Allen,,00-0039794,RB,rush_yds,Rush Yds,54.26200242271111,69.5,-110.0,-114.0,0.304040404040404,under,U 69.5,-114.0,0.16324931558576428,LEAN,4/4,DK,0.5,capped,0.30645046960836453,,,,,
2026,5,2026_05_CLE_NYJ,NYJ,CLE,Isaiah Davis,,00-0039798,RB,rush_yds,Rush Yds,7.769239330635256,9.5,-113.0,-111.0,0.3303030303030303,under,U 9.5,-111.0,0.14363061898606921,,3/3,DK,0.49845233182005777,low usage,0.2730275730275731,,,,,
2026,5,2026_05_CLE_NYJ,CLE,NYJ,Deshaun Watson,,00-0033537,QB,rush_yds,Rush Yds,35.63676452782289,25.5,-115.0,-109.0,0.5434343434343434,over,O 25.5,-115.0,0.008550622504110872,,2/4,DK,0.507640700892847,,0.015985946420728814,,,,,
2026,5,2026_05_CLE_NYJ,CLE,NYJ,Quinshon Judkins,,00-0040784,RB,rush_yds,Rush Yds,55.62790005267097,58.5,-110.0,-114.0,0.42474747474747476,under,U 58.5,-114.0,0.042542244878693514,LEAN,3/4,DK,0.5,,0.07986000354421408,,,,,
2026,5,2026_05_DEN_LAC,LAC,DEN,Justin Herbert,,00-0036355,QB,rush_yds,Rush Yds,18.942035166223555,26.5,-115.0,-109.0,0.2777777777777778,under,U 26.5,-109.0,0.20069112174375336,LEAN,2/4,DK,0.4948812523413526,capped,0.38481141692150866,,,,,
2026,5,2026_05_DEN_LAC,LAC,DEN,Keaton Mitchell,,00-0038454,RB,rush_yds,Rush Yds,27.862255512290417,28.5,-111.0,-113.0,0.38787878787878793,under,U 28.5,-113.0,0.08160478019632944,PLAY,2/4,DK,,thin,0.15382139983909893,,,,,
2026,5,2026_05_DEN_LAC,LAC,DEN,Omarion Hampton,,00-0040666,RB,rush_yds,Rush Yds,50.37799794592609,38.5,-112.0,-112.0,0.6015151515151516,over,O 38.5,-112.0,0.07321326472269873,HAMMER,4/4,DK,0.5025116540749075,,0.1385822510822512,,,,,
2026,5,2026_05_DEN_LAC,DEN,LAC,J.K. Dobbins,,00-0036158,RB,rush_yds,Rush Yds,42.91424800495475,50.5,-110.0,-114.0,0.36464646464646466,under,U 50.5,-114.0,0.10264325497970361,HAMMER,4/4,DK,0.4974883459250925,,0.1926811979443559,,,,,
2026,5,2026_05_DEN_LAC,DEN,LAC,Bo Nix,,00-0039732,QB,rush_yds,Rush Yds,11.543066025804528,14.5,-117.0,-107.0,0.31313131313131315,under,U 14.5,-107.0,0.1699604743083004,LEAN,4/4,DK,0.4949062655941302,capped,0.3288020390824129,,,,,
2026,5,2026_05_DEN_LAC,DEN,LAC,RJ Harvey,,00-0040730,RB,rush_yds,Rush Yds,35.799286802993166,16.5,-112.0,-112.0,0.6959595959595959,over,O 16.5,-112.0,0.16765770916714307,LEAN,2/3,DK,0.5,capped,0.3173520923520923,,,,,
2026,5,2026_05_DET_ARI,ARI,DET,Jacoby Brissett,,00-0033119,QB,rush_yds,Rush Yds,10.923489041259579,6.5,-120.0,-104.0,0.49696969696969695,under,U 6.5,-104.0,-0.006773618538324366,,1/4,DK,0.49827001834502416,,-0.013286713286713159,,,,,
2026,5,2026_05_DET_ARI,ARI,DET,Jeremiyah Love,,00-0041027,RB,rush_yds,Rush Yds,48.35759063160817,46.5,-112.0,-112.0,0.4782828282828283,under,U 46.5,-112.0,-0.006584715075281133,,2/4,DK,,,-0.01246392496392501,,,,,
2026,5,2026_05_DET_ARI,DET,ARI,Jared Goff,,00-0033106,QB,rush_yds,Rush Yds,7.601320558593193,0.5,-117.0,-107.0,0.6797979797979798,over,O 0.5,-117.0,0.14062747288553745,PLAY,3/4,DK,,thin,0.2608218941552276,,,,,
2026,5,2026_05_DET_ARI,DET,ARI,Jahmyr Gibbs,,00-0039139,RB,rush_yds,Rush Yds,86.28345623735811,91.5,-111.0,-113.0,0.3584048460373549,under,U 91.5,-113.0,0.11107872203776248,HAMMER,2/4,DK,0.5025116540749075,,0.2093784760534816,,,,,
2026,5,2026_05_HOU_TEN,TEN,HOU,Tony Pollard,,00-0035261,RB,rush_yds,Rush Yds,53.53381674986142,48.5,-111.0,-113.0,0.5146464646464646,over,O 48.5,-111.0,-0.011419886064435891,,2/4,DK,,,-0.021708071708071763,,,,,
2026,5,2026_05_IND_PIT,IND,PIT,Daniel Jones,,00-0035710,QB,rush_yds,Rush Yds,10.175129500369096,10.5,-110.0,-114.0,0.3676767676767677,under,U 10.5,-114.0,0.09961295194940056,HAMMER,4/4,DK,0.49849324975891995,,0.1869927343611555,,,,,
2026,5,2026_05_IND_PIT,IND,PIT,Jonathan Taylor,,00-0036223,RB,rush_yds,Rush Yds,78.54535459243884,86.5,-113.0,-111.0,0.337203432609793,under,U 86.5,-111.0,0.13673021667930652,PLAY,1/4,DK,,thin,0.25991059206606915,,,,,
2026,5,2026_05_MIN_NO,MIN,NO,Aaron Jones,,00-0033293,RB,rush_yds,Rush Yds,62.63238013272575,71.5,-113.0,-111.0,0.3195355880868248,under,U 71.5,-111.0,0.15439806120227473,PLAY,2/4,DK,,thin,0.29349541363675646,,,,,
2026,5,2026_05_MIN_NO,MIN,NO,Kyler Murray,,00-0035228,QB,rush_yds,Rush Yds,20.868200044133552,16.5,-116.0,-108.0,0.4727272727272728,under,U 16.5,-108.0,0.008041958041957953,,2/3,DK,,,0.01548821548821544,,,,,
2026,5,2026_05_PHI_JAX,JAX,PHI,Trevor Lawrence,,00-0036971,QB,rush_yds,Rush Yds,10.10001442039635,15.5,-113.0,-111.0,0.2681818181818182,under,U 15.5,-111.0,0.20575183110728135,PLAY,3/4,DK,,thin,0.3911138411138413,,,,,
2026,5,2026_05_PHI_JAX,JAX,PHI,Chris Rodriguez Jr.,,00-0038611,RB,rush_yds,Rush Yds,33.41466873783864,25.5,-112.0,-112.0,0.5161616161616162,over,O 25.5,-112.0,-0.01214027063083667,,2/4,DK,,,-0.02297979797979799,,,,,
2026,5,2026_05_PHI_JAX,JAX,PHI,Bhayshul Tuten,,00-0040719,RB,rush_yds,Rush Yds,59.50410185643924,66.5,-111.0,-113.0,0.3356890459363958,under,U 66.5,-113.0,0.13379452213872156,PLAY,2/4,DK,,thin,0.25219675411989106,,,,,
2026,5,2026_05_PHI_JAX,PHI,JAX,Jalen Hurts,,00-0036389,QB,rush_yds,Rush Yds,23.34180198938753,26.5,-111.0,-113.0,0.3525252525252526,under,U 26.5,-113.0,0.1169583155498648,HAMMER,3/4,DK,0.5,,0.22046124966478953,,,,,
2026,5,2026_05_SF_SEA,SEA,SF,Sam Darnold,,00-0034869,QB,rush_yds,Rush Yds,6.587632271121627,4.5,-116.0,-108.0,0.454040404040404,under,U 4.5,-108.0,0.026728826728826705,,1/3,DK,0.48910172597942736,low usage,0.05147774036662933,,,,,
2026,5,2026_05_SF_SEA,SF,SEA,Christian McCaffrey,,00-0033280,RB,rush_yds,Rush Yds,45.49623088653627,53.5,-114.0,-110.0,0.36212121212121207,under,U 53.5,-110.0,0.1140692640692641,HAMMER,2/4,DK,0.4989682212133718,,0.2177685950413224,,,,,
2026,5,2026_05_SF_SEA,SF,SEA,Brock Purdy,,00-0037834,QB,rush_yds,Rush Yds,27.795083517532962,18.5,-118.0,-106.0,0.5494949494949495,over,O 18.5,-118.0,0.008210545825224735,,4/4,DK,0.5032460588663847,,0.0151686355076186,,,,,
2026,5,2026_05_SF_SEA,SF,SEA,Kaelon Black,,00-0041052,RB,rush_yds,Rush Yds,28.146145084820272,14.5,-114.0,-110.0,0.6287878787878788,over,O 14.5,-114.0,0.09607759841404706,HAMMER,3/4,DK,0.5014238145684312,,0.18035619351408827,,,,,
2026,5,2026_05_TB_DAL,DAL,TB,Dak Prescott,,00-0033077,QB,rush_yds,Rush Yds,19.203800255060507,9.5,-116.0,-108.0,0.5888888888888889,over,O 9.5,-116.0,0.051851851851851816,PLAY,3/4,DK,0.5005335592606486,,0.096551724137931,,,,,
2026,5,2026_05_TB_DAL,DAL,TB,Javonte Williams,,00-0036997,RB,rush_yds,Rush Yds,67.47986064460152,73.5,-114.0,-110.0,0.34830893488137304,under,U 73.5,-110.0,0.12788154130910312,LEAN,3/4,DK,0.497195763517688,capped,0.24413748795374235,,,,,
2026,5,2026_05_TB_DAL,DAL,TB,Tyler Goodson,,00-0037120,RB,rush_yds,Rush Yds,20.1163003926038,16.5,-110.0,-115.0,0.4616161616161616,under,U 16.5,-115.0,0.0035001174536059,,1/2,DK,0.5044055979499209,,0.006543697848045538,,,,,
2026,5,2026_05_TB_DAL,TB,DAL,Kenny Gainwell,,00-0036919,RB,rush_yds,Rush Yds,21.253606543192777,11.5,-118.0,-106.0,0.5797979797979798,over,O 11.5,-118.0,0.03851357612825501,LEAN,1/4,DK,,,0.07115219996575917,,,,,
2026,5,2026_05_TB_DAL,TB,DAL,Bucky Irving,,00-0039361,RB,rush_yds,Rush Yds,57.71368036038944,51.5,-115.0,-109.0,0.4795557799091368,under,U 51.5,-109.0,-0.0010868803876056266,,2/4,DK,0.49662618083670707,,-0.002084018357886075,,,,,
2026,5,2026_05_TB_DAL,TB,DAL,Jalon Daniels,,00-0041251,QB,rush_yds,Rush Yds,33.06592477506886,44.5,-112.0,-112.0,0.2767676767676768,under,U 44.5,-112.0,0.1949304364398704,LEAN,1/2,DK,0.4958982772764562,capped,0.36897546897546896,,,,,
2026,5,2026_05_BUF_LA,LA,BUF,Davante Adams,,00-0031381,WR,rec_yds,Rec Yds,74.030866728022,61.5,-114.0,-110.0,0.5708712613784135,over,O 61.5,-114.0,0.03816098100458176,LEAN,2/4,DK,0.5041017227235438,,0.07163552574544285,0.0005360630942452538,6.561633272152544,7.995204643839314,0.3063209076175041,
2026,5,2026_05_BUF_LA,LA,BUF,Kyren Williams,,00-0037840,RB,rec_yds,Rec Yds,34.96370202650772,20.5,-110.0,-114.0,0.6275682704811443,over,O 20.5,-110.0,0.10375874667162044,HAMMER,3/4,DK,0.49832556395006167,,0.19808488000945723,-0.0003497628099113914,6.413970180030137,5.682183569458082,0.3063209076175041,
2026,5,2026_05_BUF_LA,LA,BUF,Puka Nacua,,00-0039075,WR,rec_yds,Rec Yds,87.14365818571048,94.5,-111.0,-113.0,0.388816644993498,under,U 94.5,-113.0,0.08066692308161938,HAMMER,1/2,DK,0.5,,0.15205358067597285,0.0002712395582316063,8.614714935760171,9.50095770590267,0.3063209076175041,
2026,5,2026_05_BUF_LA,BUF,LA,Dalton Kincaid,,00-0038933,TE,rec_yds,Rec Yds,45.06635704954839,50.5,-112.0,-112.0,0.37330905306971907,under,U 50.5,-112.0,0.09838906013782811,PLAY,2/4,DK,,thin,0.18623643526088896,0.015730191978725827,6.666895540452472,9.264255892677747,0.2579013906447535,
2026,5,2026_05_BAL_ATL,ATL,BAL,Kyle Pitts,,00-0036970,TE,rec_yds,Rec Yds,17.104628921278493,24.5,-113.0,-111.0,0.2366710013003901,under,U 24.5,-111.0,0.23726264798870944,LEAN,3/4,DK,0.5012558270374537,capped,0.45101278131187117,-0.0011627988194174987,7.377317067895226,8.098738589901446,0.3218390804597701,
2026,5,2026_05_BAL_ATL,ATL,BAL,Drake London,,00-0037238,WR,rec_yds,Rec Yds,65.51975471966074,83.5,-112.0,-112.0,0.293628088426528,under,U 83.5,-112.0,0.1780700247810192,PLAY,2/4,DK,,thin,0.33706111833550056,-0.0027431291503511313,6.982002651167533,8.755533468261762,0.3218390804597701,
2026,5,2026_05_BAL_ATL,ATL,BAL,Jahan Dotson,,00-0037741,WR,rec_yds,Rec Yds,31.81670566282828,18.5,-115.0,-109.0,0.6182054616384915,over,O 18.5,-115.0,0.08332174070825904,PLAY,2/4,DK,,thin,0.15577542828065805,-0.0008488670873431081,6.943037339400428,7.429809130259151,0.3218390804597701,
2026,5,2026_05_BAL_ATL,ATL,BAL,Bijan Robinson,,00-0038542,RB,rec_yds,Rec Yds,25.826625830642612,26.5,-115.0,-109.0,0.4010403120936281,under,U 26.5,-109.0,0.07742858742790304,HAMMER,3/4,DK,0.4949062655941302,,0.14846398873790578,0.002561136272512865,8.21749075335799,6.762379603432756,0.3218390804597701,
2026,5,2026_05_BAL_ATL,BAL,ATL,Mark Andrews,,00-0034753,TE,rec_yds,Rec Yds,43.90470683639095,28.5,-113.0,-111.0,0.6337148803329864,over,O 28.5,-113.0,0.10319844840810377,HAMMER,2/4,DK,0.5,,0.19452450894624862,0.0018715622298552947,8.142122670511162,7.345639969149578,0.326984126984127,
2026,5,2026_05_BAL_ATL,BAL,ATL,Rashod Bateman,,00-0036550,WR,rec_yds,Rec Yds,33.20695281894291,19.5,-115.0,-109.0,0.6205461638491547,over,O 19.5,-115.0,0.08566244291892222,PLAY,3/4,DK,,thin,0.1601515237179849,-0.00191357317968599,8.067777085083891,9.002453448829305,0.326984126984127,
2026,5,2026_05_BAL_ATL,BAL,ATL,Zay Flowers,,00-0039064,WR,rec_yds,Rec Yds,84.25672263699657,66.5,-110.0,-114.0,0.6150845253576073,over,O 66.5,-110.0,0.09127500154808343,HAMMER,3/3,DK,0.5012558270374537,,0.17425227568270474,2.8186804315266656e-05,9.226525296430054,9.211962874643476,0.326984126984127,
2026,5,2026_05_CHI_GB,GB,CHI,Christian Watson,,00-0038124,WR,rec_yds,Rec Yds,60.84341856451357,60.5,-111.0,-113.0,0.4475942782834851,under,U 60.5,-113.0,0.021889289791632294,,2/4,DK,0.5,,0.04126034270458123,-0.008048868110900886,9.543307749681206,10.210628012283223,0.4298118668596237,
2026,5,2026_05_CHI_GB,GB,CHI,Tucker Kraft,,00-0038996,TE,rec_yds,Rec Yds,39.761873943999234,49.5,-113.0,-111.0,0.3220603537981269,under,U 49.5,-111.0,0.15187329549097262,LEAN,3/4,DK,0.49845233182005777,capped,0.28869608422157866,0.026763300232736764,10.325912525535948,8.339980204166364,0.4298118668596237,
2026,5,2026_05_CHI_GB,GB,CHI,Matthew Golden,,00-0040667,WR,rec_yds,Rec Yds,63.16094891129517,55.5,-112.0,-112.0,0.5269180754226268,over,O 55.5,-112.0,-0.0013838113698260157,,3/4,DK,0.5,,-0.002619357235742137,0.004944825507135375,8.404062887411248,8.069153392554233,0.4298118668596237,
2026,5,2026_05_CHI_GB,CHI,GB,Kalif Raymond,,00-0032464,WR,rec_yds,Rec Yds,41.80076271325095,28.5,-114.0,-110.0,0.6105619146722164,over,O 28.5,-114.0,0.07785163429838471,PLAY,3/4,DK,,thin,0.14614254157766937,-0.020124252755563066,9.553508857309714,7.987186179439479,0.2003034901365705,
2026,5,2026_05_CHI_GB,CHI,GB,D'Andre Swift,,00-0036275,RB,rec_yds,Rec Yds,15.011959315204784,13.5,-107.0,-117.0,0.3854356306892067,under,U 13.5,-117.0,0.07539386239835089,HAMMER,2/4,DK,0.5015476681799422,,0.13983306102942006,-0.05796797756591654,9.555968425914262,5.835474087704002,0.2003034901365705,✓
2026,5,2026_05_CHI_GB,CHI,GB,Rome Odunze,,00-0039919,WR,rec_yds,Rec Yds,47.779056259510334,38.5,-109.0,-115.0,0.5515088449531738,over,O 38.5,-109.0,0.029977744474704915,,4/4,DK,0.5,,0.057480262341406574,0.0036553006973305546,7.185039906560249,7.432071923234779,0.2003034901365705,
2026,5,2026_05_CHI_GB,CHI,GB,Colston Loveland,,00-0040126,TE,rec_yds,Rec Yds,42.421393325908944,36.5,-109.0,-115.0,0.5119667013527576,over,O 36.5,-109.0,-0.009564399125711276,,1/4,DK,,,-0.018339077222694122,0.019864849701900056,7.029443254817987,8.497507583591222,0.2003034901365705,
2026,5,2026_05_CHI_GB,CHI,GB,Luther Burden III,,00-0040735,WR,rec_yds,Rec Yds,51.942135378576396,47.5,-114.0,-110.0,0.4959687906371911,under,U 47.5,-110.0,-0.019778314446714962,,1/4,DK,0.49845233182005777,,-0.03775860030736489,0.013912292069361287,8.009086915939164,9.131980669950684,0.2003034901365705,
2026,5,2026_05_CLE_NYJ,NYJ,CLE,Garrett Wilson,,00-0037740,WR,rec_yds,Rec Yds,70.23152329297685,71.5,-110.0,-114.0,0.4322496749024708,under,U 71.5,-114.0,0.03504004472369748,LEAN,2/4,DK,,,0.06577692606027408,0.004279349257840126,7.172995479419463,6.870910438044678,0.4078014184397163,
2026,5,2026_05_CLE_NYJ,CLE,NYJ,Harold Fannin Jr.,,00-0040663,TE,rec_yds,Rec Yds,50.584371459564935,36.5,-111.0,-113.0,0.6045785639958376,over,O 36.5,-111.0,0.07851221328493718,PLAY,2/4,DK,,thin,0.14924393696506089,0.0009589773082212538,6.989912339400428,6.917216563253279,0.4006908462867012,
2026,5,2026_05_CLE_NYJ,CLE,NYJ,Denzel Boston,,00-0041037,WR,rec_yds,Rec Yds,59.21262401750897,47.5,-112.0,-112.0,0.577633289986996,over,O 47.5,-112.0,0.04933140319454321,LEAN,3/4,DK,0.5010317787866282,,0.09337729890395674,,,,,
2026,5,2026_05_CLE_NYJ,CLE,NYJ,KC Concepcion,,00-0041547,WR,rec_yds,Rec Yds,52.43637183921621,39.5,-110.0,-115.0,0.5994798439531859,over,O 39.5,-110.0,0.07567032014366204,PLAY,2/4,DK,,thin,0.14446152027426407,,,,,
2026,5,2026_05_DEN_LAC,DEN,LAC,Troy Franklin,,00-0039868,WR,rec_yds,Rec Yds,16.26156729977939,17.5,-114.0,-110.0,0.32457737321196356,under,U 17.5,-110.0,0.1516131029785126,,1/3,DK,,low usage,0.28944319659534234,0.030516240495209734,4.980864996763109,7.639514621620536,0.2308917197452229,✗
2026,5,2026_05_DEN_LAC,DEN,LAC,Evan Engram,,00-0033881,TE,rec_yds,Rec Yds,23.675350966704357,17.5,-110.0,-114.0,0.4984391259105099,over,O 17.5,-110.0,-0.025370397899013963,,1/4,DK,,,-0.048434395989026546,0.004174656546743094,5.890776996023249,6.217064284198525,0.2308917197452229,
2026,5,2026_05_DEN_LAC,DEN,LAC,Courtland Sutton,,00-0034348,WR,rec_yds,Rec Yds,41.59431361450216,36.5,-109.0,-115.0,0.5023413111342352,over,O 36.5,-109.0,-0.019189789344233654,,1/4,DK,0.4949062655941303,,-0.03679510066921876,-0.0032099466400860033,8.01538816811521,7.695657538587823,0.2308917197452229,
2026,5,2026_05_DEN_LAC,DEN,LAC,Jaylen Waddle,,00-0036613,WR,rec_yds,Rec Yds,48.01514218511933,49.5,-110.0,-114.0,0.41519250780437045,under,U 49.5,-114.0,0.05209721182179783,PLAY,3/4,DK,,,0.09779652043740983,0.01790307916442191,7.359926180547728,9.359863880162315,0.2308917197452229,
2026,5,2026_05_DEN_LAC,DEN,LAC,Marvin Mims Jr.,,00-0038976,WR,rec_yds,Rec Yds,15.428886928320996,12.5,-117.0,-107.0,0.42210663198959686,under,U 12.5,-107.0,0.060985155450016704,,2/2,DK,,low usage,0.11798062783320984,-0.016912937458294253,8.943037339400428,7.261281082831557,0.2308917197452229,
2026,5,2026_05_DEN_LAC,DEN,LAC,RJ Harvey,,00-0040730,RB,rec_yds,Rec Yds,25.252863781276798,27.5,-109.0,-115.0,0.35561914672216444,under,U 27.5,-115.0,0.10949713234760305,HAMMER,1/3,DK,0.5040853199140916,,0.20471203004117067,0.0007135899904644472,6.547548454400703,6.607634036368002,0.2308917197452229,
2026,5,2026_05_DET_ARI,ARI,DET,Kendrick Bourne,,00-0033307,WR,rec_yds,Rec Yds,31.165415975031515,23.5,-115.0,-109.0,0.5310793237971392,over,O 23.5,-115.0,-0.003804397133093329,,1/3,DK,0.5000272786259081,,-0.0071125685531746585,-0.030879227780092666,6.95662933969881,9.734370206656198,0.4078125,✗
2026,5,2026_05_DET_ARI,ARI,DET,Trey McBride,,00-0037744,TE,rec_yds,Rec Yds,75.55328121623378,77.5,-112.0,-112.0,0.4288686605981794,under,U 77.5,-112.0,0.04282945260936777,LEAN,3/4,DK,,,0.08107003529630319,-0.023469393524702564,6.367550289938886,8.179992825090865,0.4078125,
2026,5,2026_05_DET_ARI,ARI,DET,Michael Wilson,,00-0038559,WR,rec_yds,Rec Yds,74.24114590359676,71.5,-112.0,-112.0,0.46631989596879064,under,U 71.5,-112.0,0.005378217238756533,,2/4,DK,,,0.010180196916217632,0.0008317582134849122,7.781059164089142,7.715845406755773,0.4078125,
2026,5,2026_05_DET_ARI,ARI,DET,Marvin Harrison Jr.,,00-0039849,WR,rec_yds,Rec Yds,26.782858807855273,34.5,-115.0,-109.0,0.3048114434330299,under,U 34.5,-109.0,0.17365745608850125,LEAN,3/4,DK,0.49796372105265185,capped,0.332976223142172,-0.038123254624041314,6.278381021430137,9.587552765277552,0.4078125,✓
2026,5,2026_05_DET_ARI,ARI,DET,Jeremiyah Love,,00-0041027,RB,rec_yds,Rec Yds,16.042765878076057,11.5,-113.0,-111.0,0.4613784135240572,under,U 11.5,-111.0,0.01255523576504236,,2/4,DK,0.49845233182005777,,0.023866258976792176,,,,,
2026,5,2026_05_DET_ARI,DET,ARI,Amon-Ra St. Brown,,00-0036963,WR,rec_yds,Rec Yds,77.52218301599673,79.5,-112.0,-112.0,0.4288686605981794,under,U 79.5,-112.0,0.04282945260936777,LEAN,3/4,DK,,,0.08107003529630319,0.0047882139125667855,7.912183261955745,9.302263567448945,0.2785829307568438,
2026,5,2026_05_DET_ARI,DET,ARI,Jameson Williams,,00-0037240,WR,rec_yds,Rec Yds,62.42201220154267,51.5,-113.0,-111.0,0.5643693107932379,over,O 51.5,-113.0,0.03385287886835531,LEAN,1/4,DK,0.5,,0.0638111787518556,-0.006317208423389453,11.104589795167952,9.096069979363568,0.2785829307568438,
2026,5,2026_05_DET_ARI,DET,ARI,Sam LaPorta,,00-0039065,TE,rec_yds,Rec Yds,53.9283433739669,52.5,-112.0,-112.0,0.4577373211963589,under,U 52.5,-112.0,0.013960792011188272,,3/4,DK,0.49899549983927993,,0.0264257848783207,0.004343663572504042,7.864146334107428,9.103545397845831,0.2785829307568438,
2026,5,2026_05_DET_ARI,DET,ARI,Jahmyr Gibbs,,00-0039139,RB,rec_yds,Rec Yds,43.422473351781655,36.5,-109.0,-115.0,0.5239334027055151,over,O 36.5,-109.0,0.0024023022270462935,,2/4,DK,0.5036941856023897,,0.0046062492243363895,-0.0007553140507118306,7.111391862955032,6.938589908711945,0.2785829307568438,
2026,5,2026_05_DET_ARI,DET,ARI,Isaac TeSlaa,,00-0040669,WR,rec_yds,Rec Yds,40.13151663458653,23.5,-115.0,-110.0,0.65894901144641,over,O 23.5,-115.0,0.12406529051617754,PLAY,3/4,DK,,thin,0.23194815183459272,0.0006207948754093362,7.775129109459629,7.935310626646702,0.2785829307568438,
2026,5,2026_05_HOU_TEN,TEN,HOU,Wan'Dale Robinson,,00-0038117,WR,rec_yds,Rec Yds,39.62366532512488,34.5,-111.0,-113.0,0.5044224765868887,over,O 34.5,-111.0,-0.021643874124011808,,2/4,DK,,,-0.04114285982131971,0.00042170284317033513,5.57503180957701,6.78869614997828,0.3069164265129683,
2026,5,2026_05_HOU_TEN,TEN,HOU,Carnell Tate,,00-0041438,WR,rec_yds,Rec Yds,58.23231408338406,50.5,-111.0,-112.0,0.5315994798439532,over,O 50.5,-111.0,0.0055331291330527055,,2/4,DK,0.5,,0.010517930153820965,,,,,
2026,5,2026_05_HOU_TEN,HOU,TEN,Nico Collins,,00-0036554,WR,rec_yds,Rec Yds,71.92590094348081,77.5,-111.0,-113.0,0.400260078023407,under,U 77.5,-113.0,0.06922349005171036,PLAY,1/2,DK,,,0.1304832157611886,-6.8295862348799474e-06,9.268987013884091,9.267564242282887,0.2646566164154104,
2026,5,2026_05_IND_PIT,PIT,IND,DK Metcalf,,00-0035640,WR,rec_yds,Rec Yds,59.61776766179474,48.5,-113.0,-111.0,0.5693107932379714,over,O 48.5,-113.0,0.03879436131308878,LEAN,1/4,DK,,,0.07312565451051256,-0.00945784301590491,7.6762092497348355,9.161656134268002,0.3645533141210375,
2026,5,2026_05_IND_PIT,PIT,IND,Michael Pittman,,00-0036252,WR,rec_yds,Rec Yds,32.36888749785894,25.5,-115.0,-109.0,0.517555266579974,over,O 25.5,-115.0,-0.017328454350258538,,1/3,DK,,,-0.03239667552439651,-0.012010067236283839,6.224375130279888,7.811155564084713,0.3645533141210375,
2026,5,2026_05_IND_PIT,PIT,IND,Pat Freiermuth,,00-0036894,TE,rec_yds,Rec Yds,37.498561256827955,24.5,-115.0,-109.0,0.6165452653485952,over,O 24.5,-115.0,0.08166154441836271,PLAY,3/4,DK,,thin,0.15267158304302586,-0.002176668091539158,7.96733814471145,8.289058860609336,0.3645533141210375,
2026,5,2026_05_IND_PIT,PIT,IND,Darnell Washington,,00-0038558,TE,rec_yds,Rec Yds,28.291635525902812,21.5,-114.0,-110.0,0.5224967490247074,over,O 21.5,-114.0,-0.010213531349124283,,2/4,DK,,,-0.01917276937467194,-0.012269377575857221,6.723667730596743,8.481425462982727,0.3645533141210375,
2026,5,2026_05_IND_PIT,PIT,IND,Roman Wilson,,00-0039739,WR,rec_yds,Rec Yds,40.91197875012983,33.5,-114.0,-110.0,0.5343392299687826,over,O 33.5,-114.0,0.001628949594950857,,2/4,DK,,,0.003057852748416412,0.005218130990394032,7.863364403577276,7.168063701238059,0.3645533141210375,
2026,5,2026_05_IND_PIT,IND,PIT,Jonathan Taylor,,00-0036223,RB,rec_yds,Rec Yds,21.20210018572029,14.5,-112.0,-112.0,0.5176899063475546,over,O 14.5,-112.0,-0.010611980444898195,,2/4,DK,,,-0.020086962984985912,-0.000309464304772078,6.399008472209292,6.4419599664374525,0.355463347164592,
2026,5,2026_05_IND_PIT,IND,PIT,Josh Downs,,00-0038997,WR,rec_yds,Rec Yds,53.29739833082485,56.5,-111.0,-112.0,0.4145643693107932,under,U 56.5,-112.0,0.057133743896753963,PLAY,2/4,DK,,,0.10814601523314149,0.006065435199156255,7.521403542923886,6.618183134930889,0.355463347164592,
2026,5,2026_05_IND_PIT,IND,PIT,Tyler Warren,,00-0040128,TE,rec_yds,Rec Yds,44.83835852750128,49.5,-115.0,-109.0,0.38293444328824144,under,U 49.5,-109.0,0.09553445623328971,PLAY,3/4,DK,,thin,0.1831807463555737,-0.004993410621682681,6.702756959314775,7.483503305053779,0.355463347164592,
2026,5,2026_05_MIN_NO,NO,MIN,Juwan Johnson,,00-0036040,TE,rec_yds,Rec Yds,39.81190560812128,42.5,-113.0,-111.0,0.39932362122788767,under,U 42.5,-111.0,0.07461002806121186,PLAY,0/4,DK,,thin,0.1418262695577992,0.029041698448105224,7.016123687162231,8.928076154013295,0.182509505703422,
2026,5,2026_05_MIN_NO,NO,MIN,Chris Olave,,00-0037239,WR,rec_yds,Rec Yds,69.58932143151237,81.5,-114.0,-110.0,0.3448634590377113,under,U 81.5,-110.0,0.13132701715276485,PLAY,0/4,DK,,thin,0.2507152145643694,0.00909616121036394,7.3494570204955645,7.904929861119326,0.182509505703422,
2026,5,2026_05_MIN_NO,NO,MIN,Devaughn Vele,,00-0039424,WR,rec_yds,Rec Yds,58.560021005599566,35.5,-115.0,-109.0,0.7037711313394018,over,O 35.5,-115.0,0.16888741040916933,PLAY,4/4,DK,,thin,0.31574602815627295,0.043291054322813105,6.237020140893151,9.028440473664208,0.182509505703422,✓
2026,5,2026_05_MIN_NO,MIN,NO,Aaron Jones,,00-0033293,RB,rec_yds,Rec Yds,19.430990043752267,18.5,-111.0,-113.0,0.404786680541103,under,U 18.5,-113.0,0.06469688753401437,PLAY,2/4,DK,,,0.12195077030747847,-0.004426353595314736,6.380537339400428,6.075982704692717,0.2194690265486725,
2026,5,2026_05_PHI_JAX,JAX,PHI,Jakobi Meyers,,00-0034960,WR,rec_yds,Rec Yds,46.8436030510134,41.5,-113.0,-111.0,0.5010405827263267,under,U 41.5,-111.0,-0.027106933437227143,,3/4,DK,0.5015476681799422,,-0.05152759419148578,-0.002453166635939419,7.5493121562707,7.698182948037472,0.4352409638554217,
2026,5,2026_05_PHI_JAX,JAX,PHI,Parker Washington,,00-0038606,WR,rec_yds,Rec Yds,55.19577098247119,60.5,-112.0,-112.0,0.39635890767230164,under,U 60.5,-112.0,0.07533920553524553,HAMMER,2/4,DK,0.5,,0.14260635333457183,-0.04029423151513689,6.51539079229122,9.1872448140791,0.4352409638554217,✓
2026,5,2026_05_PHI_JAX,JAX,PHI,Brenton Strange,,00-0038935,TE,rec_yds,Rec Yds,41.549914248346724,33.5,-115.0,-109.0,0.5426638917793964,over,O 33.5,-115.0,0.0077801708491639365,,1/4,DK,0.5050937344058698,,0.014545536804958514,-0.015563264381582953,7.303796861516827,8.289290662829783,0.4352409638554217,
2026,5,2026_05_PHI_JAX,JAX,PHI,Brian Thomas Jr.,,00-0039893,WR,rec_yds,Rec Yds,32.05608359122696,24.5,-112.0,-112.0,0.528738621586476,over,O 24.5,-112.0,0.0004367347940231747,,2/4,DK,0.50075337512054,,0.0008266765744009419,-0.005630950450843386,8.341986353573114,8.726364730911301,0.4352409638554217,
2026,5,2026_05_PHI_JAX,JAX,PHI,Bhayshul Tuten,,00-0040719,RB,rec_yds,Rec Yds,15.844849802336435,9.5,-111.0,-113.0,0.5079323797139141,over,O 9.5,-111.0,-0.018133970996986326,,3/4,DK,0.5032698808757244,low usage,-0.034470881805082065,,,,,
2026,5,2026_05_PHI_JAX,JAX,PHI,Josh Cameron,,00-0041100,WR,rec_yds,Rec Yds,18.495100393488055,11.5,-111.0,-113.0,0.5113133940182055,over,O 11.5,-111.0,-0.01475295669269494,,3/4,DK,,low usage,-0.028043908668095696,,,,,
2026,5,2026_05_SF_SEA,SEA,SF,Cooper Kupp,,00-0033908,WR,rec_yds,Rec Yds,27.784139051033208,25.5,-108.0,-116.0,0.446553966189857,under,U 25.5,-116.0,0.01640899677310592,,2/4,DK,0.5025644737669486,,0.03055468364647318,0.0038795057724407833,7.29861323544407,7.838220115277607,0.2539912917271408,
2026,5,2026_05_SF_SEA,SEA,SF,Rashid Shaheed,,00-0037545,WR,rec_yds,Rec Yds,27.786853985506216,17.5,-111.0,-113.0,0.5817945383615084,over,O 17.5,-111.0,0.05572818765060794,PLAY,2/4,DK,,,0.10593376211061512,0.01920499712794732,6.004854653720924,8.75813745332612,0.2539912917271408,
2026,5,2026_05_SF_SEA,SEA,SF,Jaxon Smith-Njigba,,00-0038543,WR,rec_yds,Rec Yds,74.7800655739545,93.5,-111.0,-113.0,0.29934980494148244,under,U 93.5,-113.0,0.17013376313363493,LEAN,1/4,DK,0.5,capped,0.32069461546428535,0.00044929312828734247,9.33094953985975,9.40739169490166,0.2539912917271408,
2026,5,2026_05_SF_SEA,SEA,SF,AJ Barner,,00-0039793,TE,rec_yds,Rec Yds,31.983579809159515,24.5,-112.0,-112.0,0.5276983094928478,over,O 24.5,-112.0,-0.0006035772996050293,,1/4,DK,0.5012558270374537,,-0.0011424856028238173,-0.013575152324834194,8.524185530743347,6.731012681736525,0.2539912917271408,
2026,5,2026_05_SF_SEA,SF,SEA,Mike Evans,,00-0031408,WR,rec_yds,Rec Yds,54.50103772875219,49.5,-109.0,-115.0,0.5006501950585176,over,O 49.5,-109.0,-0.020880905419951246,,2/4,DK,0.49355239391786254,,-0.040037699383209335,0.0007055515809262225,7.882835117773019,8.127099586017387,0.2858880778588807,
2026,5,2026_05_SF_SEA,SF,SEA,Christian McCaffrey,,00-0033280,RB,rec_yds,Rec Yds,34.44430606752067,34.5,-115.0,-109.0,0.41170351105331604,under,U 34.5,-109.0,0.06676538846821511,PLAY,2/4,DK,,,0.12801803843905457,-0.00043593682764964115,7.271162339400428,7.136610519904109,0.2858880778588807,
2026,5,2026_05_SF_SEA,SF,SEA,George Kittle,,00-0033288,TE,rec_yds,Rec Yds,49.81956815654052,55.5,-112.0,-112.0,0.3738293444328824,under,U 55.5,-112.0,0.09786876877466477,HAMMER,1/4,DK,0.49845233182005777,,0.18525159803775826,0.0036386301512105756,8.829939018713342,10.378838991359084,0.2858880778588807,
2026,5,2026_05_SF_SEA,SF,SEA,Deebo Samuel Sr.,,00-0035719,WR,rec_yds,Rec Yds,42.48705107191309,31.5,-108.0,-116.0,0.5814255983350676,over,O 31.5,-108.0,0.0621948291042983,PLAY,2/4,DK,0.49559440205007904,,0.11978263383050058,-0.0024039331365237615,8.072815739818093,7.2939873611216015,0.2858880778588807,
2026,5,2026_05_TB_DAL,DAL,TB,CeeDee Lamb,,00-0036358,WR,rec_yds,Rec Yds,86.68749930006875,79.5,-113.0,-111.0,0.5092327698309493,over,O 79.5,-113.0,-0.021283662093933287,,3/4,DK,,,-0.040118761292104343,-0.00441790794968544,9.358464935760171,7.094523956185144,0.2939346811819596,
2026,5,2026_05_TB_DAL,DAL,TB,Javonte Williams,,00-0036997,RB,rec_yds,Rec Yds,21.950783136565047,15.5,-110.0,-114.0,0.509885535900104,over,O 15.5,-110.0,-0.013923987909419844,,3/4,DK,0.5010317787866282,,-0.026582158736165096,-0.0002239747471052267,5.040592926234956,4.9671161473548535,0.2939346811819596,
2026,5,2026_05_TB_DAL,DAL,TB,George Pickens,,00-0037247,WR,rec_yds,Rec Yds,56.17466105980431,60.5,-113.0,-111.0,0.4062418725617686,under,U 60.5,-111.0,0.06769177672733095,PLAY,2/4,DK,,,0.1286753593645662,-0.00022957030515613486,9.464995848446444,9.323613133864484,0.2939346811819596,
2026,5,2026_05_TB_DAL,DAL,TB,Jake Ferguson,,00-0038041,TE,rec_yds,Rec Yds,29.838395625980073,28.5,-108.0,-116.0,0.4312093628088427,under,U 28.5,-116.0,0.03175360015412021,LEAN,3/4,DK,0.5091624514684832,,0.05912739339043083,0.0038618195620208073,5.145156410017689,6.729376577862641,0.2939346811819596,
2026,5,2026_05_TB_DAL,DAL,TB,Ryan Flournoy,,00-0039410,WR,rec_yds,Rec Yds,41.837253984231936,31.5,-115.0,-109.0,0.572060353798127,over,O 31.5,-115.0,0.03717663286789452,LEAN,1/4,DK,0.5018234956925812,,0.06950413970954172,0.0005680560470111562,7.707971749502235,8.003465983266796,0.2939346811819596,
2026,5,2026_05_TB_DAL,TB,DAL,Chris Godwin Jr.,,00-0033921,WR,rec_yds,Rec Yds,36.95027974545507,28.5,-114.0,-110.0,0.5572320499479708,over,O 28.5,-114.0,0.024521769574139096,,3/4,DK,0.5017199152425769,,0.04603209376198025,0.012161835156796696,7.118409996476296,8.837863022891861,0.2503937007874016,
2026,5,2026_05_TB_DAL,TB,DAL,Kenny Gainwell,,00-0036919,RB,rec_yds,Rec Yds,16.62006831829544,10.5,-112.0,-112.0,0.49622886866059823,under,U 10.5,-112.0,-0.024530755453051056,,2/4,DK,0.5,,-0.0464332156789895,-0.0013204722377504474,6.235317864288974,6.097317685198173,0.2503937007874016,
2026,5,2026_05_TB_DAL,TB,DAL,Cade Otton,,00-0038129,TE,rec_yds,Rec Yds,46.72917696431744,27.5,-110.0,-114.0,0.676378772112383,over,O 27.5,-110.0,0.15256924830285912,LEAN,3/4,DK,0.5010317787866282,capped,0.2912685649418221,0.013011906603615175,6.14039079229122,7.746002683803069,0.2503937007874016,
2026,5,2026_05_TB_DAL,TB,DAL,Bucky Irving,,00-0039361,RB,rec_yds,Rec Yds,18.7764570352531,12.5,-111.0,-113.0,0.5176899063475546,over,O 12.5,-111.0,-0.008376444363345836,,1/4,DK,0.5,,-0.01592279063663038,0.01851665109178513,5.882383119200571,8.252373445063132,0.2503937007874016,
2026,5,2026_05_TB_DAL,TB,DAL,Emeka Egbuka,,00-0040129,WR,rec_yds,Rec Yds,49.462618101300656,34.5,-110.0,-114.0,0.6173257023933403,over,O 34.5,-110.0,0.09351617858381644,HAMMER,2/4,DK,0.5010317787866282,,0.1785308863872861,0.009745401513420404,6.572453577934738,7.803768981493767,0.2503937007874016,
2026,5,2026_05_TB_DAL,TB,DAL,Tez Johnson,,00-0040237,WR,rec_yds,Rec Yds,21.550059764620254,13.5,-109.0,-115.0,0.5411030176899063,over,O 13.5,-109.0,0.019571917211437473,,2/4,DK,0.5025457777595101,,0.03752780456138005,0.012318539146743523,6.333952638871394,7.88697261576347,0.2503937007874016,
2026,5,2026_05_TB_DAL,TB,DAL,Ted Hurst III,,00-0041048,WR,rec_yds,Rec Yds,32.831247539593015,20.5,-116.0,-108.0,0.6005201560468141,over,O 20.5,-116.0,0.06348311900977699,PLAY,4/4,DK,,,0.11820994574234334,,,,,
2026,5,2026_05_BUF_LA,LA,BUF,Davante Adams,,00-0031381,WR,receptions,Receptions,5.397557186990248,4.5,-105.0,-122.0,0.5762888206835561,over,O 4.5,-105.0,0.06409369873233661,PLAY,2/4,DK,0.4648082527164641,,0.1251353165726572,0.0005360630942452538,6.561633272152544,7.995204643839314,0.3063209076175041,
2026,5,2026_05_BUF_LA,LA,BUF,Kyren Williams,,00-0037840,RB,receptions,Receptions,4.671833886283244,2.5,-164.0,128.0,0.7933725224990896,over,O 2.5,-164.0,0.1721604012869684,LEAN,3/4,DK,0.5733888452320759,capped,0.2771362557302419,-0.0003497628099113914,6.413970180030137,5.682183569458082,0.3063209076175041,
2026,5,2026_05_BUF_LA,LA,BUF,Puka Nacua,,00-0039075,WR,receptions,Receptions,6.522912832948258,7.5,110.0,-140.0,0.3235707225719191,under,U 7.5,-140.0,0.09309594409474753,HAMMER,1/2,DK,0.5504884847567753,,0.15959304701956745,0.0002712395582316063,8.614714935760171,9.50095770590267,0.3063209076175041,
2026,5,2026_05_BUF_LA,BUF,LA,Dalton Kincaid,,00-0038933,TE,receptions,Receptions,3.2854741773728677,3.5,-138.0,108.0,0.4043073401654268,under,U 3.5,108.0,0.11492342906534242,HAMMER,2/4,DK,0.45041391977875966,,0.23904073245591229,0.015730191978725827,6.666895540452472,9.264255892677747,0.2579013906447535,
2026,5,2026_05_BAL_ATL,ATL,BAL,Kyle Pitts,,00-0036970,TE,receptions,Receptions,1.6343143191767056,2.5,112.0,-143.0,0.24756801747906154,under,U 2.5,-143.0,0.16395461626579444,LEAN,3/4,DK,0.5408865468189734,capped,0.27860819407404214,-0.0011627988194174987,7.377317067895226,8.098738589901446,0.3218390804597701,
2026,5,2026_05_BAL_ATL,ATL,BAL,Drake London,,00-0037238,WR,receptions,Receptions,4.753911573076238,5.5,-148.0,116.0,0.33678406076054723,under,U 5.5,116.0,0.2002529762764898,LEAN,3/4,DK,0.4438777828742628,capped,0.43254642875721805,-0.0027431291503511313,6.982002651167533,8.755533468261762,0.3218390804597701,
2026,5,2026_05_BAL_ATL,ATL,BAL,Jahan Dotson,,00-0037741,WR,receptions,Receptions,2.1335217153465806,1.5,-154.0,120.0,0.5945481974717786,over,O 1.5,-154.0,-0.011751015126646669,,2/4,DK,0.5743282392873695,,-0.01938154442966389,-0.0008488670873431081,6.943037339400428,7.429809130259151,0.3218390804597701,
2026,5,2026_05_BAL_ATL,ATL,BAL,Bijan Robinson,,00-0038542,RB,receptions,Receptions,3.2953894792652365,3.5,-128.0,100.0,0.405972012693128,under,U 3.5,100.0,0.09402798730687201,HAMMER,3/4,DK,0.4669560806778851,,0.18805597461374401,0.002561136272512865,8.21749075335799,6.762379603432756,0.3218390804597701,
2026,5,2026_05_BAL_ATL,BAL,ATL,Mark Andrews,,00-0034753,TE,receptions,Receptions,4.587400708377998,3.5,-125.0,-102.0,0.6222753992613015,over,O 3.5,-125.0,0.06671984370574591,PLAY,3/4,DK,0.5282821466215832,,0.12009571867034263,0.0018715622298552947,8.142122670511162,7.345639969149578,0.326984126984127,
2026,5,2026_05_BAL_ATL,BAL,ATL,Rashod Bateman,,00-0036550,WR,receptions,Receptions,2.2875659076080597,1.5,-191.0,148.0,0.6274254798938772,over,O 1.5,-191.0,-0.028931908422274,,3/4,DK,,,-0.04407950445487829,-0.00191357317968599,8.067777085083891,9.002453448829305,0.326984126984127,
2026,5,2026_05_BAL_ATL,BAL,ATL,Zay Flowers,,00-0039064,WR,receptions,Receptions,5.407674376927843,5.5,112.0,-143.0,0.4265203142069396,under,U 5.5,-143.0,-0.014997680462083607,,2/3,DK,0.5433147600893262,,-0.02548556889710718,2.8186804315266656e-05,9.226525296430054,9.211962874643476,0.326984126984127,
2026,5,2026_05_CHI_GB,GB,CHI,Christian Watson,,00-0038124,WR,receptions,Receptions,4.769298999467318,4.5,118.0,-151.0,0.4781251625656765,over,O 4.5,118.0,0.019409566235401243,,2/4,DK,0.44522052933793566,,0.04231285439317456,-0.008048868110900886,9.543307749681206,10.210628012283223,0.4298118668596237,
2026,5,2026_05_CHI_GB,GB,CHI,Tucker Kraft,,00-0038996,TE,receptions,Receptions,4.555184914151702,4.5,-115.0,-111.0,0.4457160692919939,under,U 4.5,-111.0,0.028217579997105613,,3/4,DK,0.5033738191632928,,0.053638823237741384,0.026763300232736764,10.325912525535948,8.339980204166364,0.4298118668596237,
2026,5,2026_05_CHI_GB,GB,CHI,Matthew Golden,,00-0040667,WR,receptions,Receptions,4.778974906931126,4.5,-112.0,-114.0,0.4792176039119804,under,U 4.5,-114.0,-0.011927884285812151,,2/4,DK,0.5105193763288833,,-0.022390940676875526,0.004944825507135375,8.404062887411248,8.069153392554233,0.4298118668596237,
2026,5,2026_05_CHI_GB,CHI,GB,Kalif Raymond,,00-0032464,WR,receptions,Receptions,3.9576273421549573,3.5,117.0,-149.0,0.5156843364719347,over,O 3.5,117.0,0.05485484338437707,PLAY,3/4,DK,0.43437595155788106,,0.11903501014409823,-0.020124252755563066,9.553508857309714,7.987186179439479,0.2003034901365705,
2026,5,2026_05_CHI_GB,CHI,GB,D'Andre Swift,,00-0036275,RB,receptions,Receptions,1.9737208631371177,2.5,148.0,-191.0,0.32669198356135876,under,U 2.5,-191.0,0.01695062812249004,,3/4,DK,0.6227919096528507,,0.025825302532170635,-0.05796797756591654,9.555968425914262,5.835474087704002,0.2003034901365705,✓
2026,5,2026_05_CHI_GB,CHI,GB,Rome Odunze,,00-0039919,WR,receptions,Receptions,3.3688781984685616,2.5,-167.0,130.0,0.6091661031056547,over,O 2.5,-167.0,-0.016302061688352798,,3/4,DK,,,-0.026063775274192902,0.0036553006973305546,7.185039906560249,7.432071923234779,0.2003034901365705,
2026,5,2026_05_CHI_GB,CHI,GB,Colston Loveland,,00-0040126,TE,receptions,Receptions,3.3902467913866796,3.5,-156.0,122.0,0.4207459813764761,under,U 3.5,122.0,0.12880356817307342,HAMMER,2/4,DK,0.4293056023119154,,0.285943921344223,0.019864849701900056,7.029443254817987,8.497507583591222,0.2003034901365705,
2026,5,2026_05_CHI_GB,CHI,GB,Luther Burden III,,00-0040735,WR,receptions,Receptions,4.7214756721948685,4.5,-122.0,-105.0,0.4714144514383811,under,U 4.5,-105.0,0.016390426610399356,,2/4,DK,0.4926281220631764,,0.03200035671554158,0.013912292069361287,8.009086915939164,9.131980669950684,0.2003034901365705,
2026,5,2026_05_CLE_NYJ,NYJ,CLE,Garrett Wilson,,00-0037740,WR,receptions,Receptions,5.063685783415611,6.5,110.0,-141.0,0.2559434011340581,under,U 6.5,-141.0,0.15899435820204144,LEAN,3/4,DK,0.55580766565102,capped,0.2717563143737023,0.004279349257840126,7.172995479419463,6.870910438044678,0.4078014184397163,
2026,5,2026_05_CLE_NYJ,CLE,NYJ,Harold Fannin Jr.,,00-0040663,TE,receptions,Receptions,4.53272278911495,4.5,123.0,-157.0,0.4428549133850076,over,O 4.5,123.0,-0.0055755798885350205,,2/4,DK,0.4254371540216322,,-0.01243354315143308,0.0009589773082212538,6.989912339400428,6.917216563253279,0.4006908462867012,
2026,5,2026_05_CLE_NYJ,CLE,NYJ,Denzel Boston,,00-0041037,WR,receptions,Receptions,4.053266067477223,3.5,106.0,-135.0,0.5332674400457784,over,O 3.5,106.0,0.047830546841894916,LEAN,2/4,DK,0.45486267736825764,,0.0985309264943035,,,,,
2026,5,2026_05_CLE_NYJ,CLE,NYJ,KC Concepcion,,00-0041547,WR,receptions,Receptions,4.658213160135442,4.5,112.0,-143.0,0.46220673151953384,over,O 4.5,112.0,-0.009491381688013334,,2/4,DK,0.4312017459787503,,-0.020121729178588232,,,,,
2026,5,2026_05_DEN_LAC,DEN,LAC,Troy Franklin,,00-0039868,WR,receptions,Receptions,1.2749794100591534,1.5,-107.0,-120.0,0.3801695885137596,under,U 1.5,-120.0,0.07437586603169499,,3/3,DK,0.5119106710454979,low usage,0.13635575439144088,0.030516240495209734,4.980864996763109,7.639514621620536,0.2308917197452229,✗
2026,5,2026_05_DEN_LAC,DEN,LAC,Evan Engram,,00-0033881,TE,receptions,Receptions,2.245832118207968,2.5,128.0,-164.0,0.3886490142017375,under,U 2.5,-164.0,-0.00986113541385869,,3/4,DK,,,-0.015874022861333437,0.004174656546743094,5.890776996023249,6.217064284198525,0.2308917197452229,
2026,5,2026_05_DEN_LAC,DEN,LAC,Courtland Sutton,,00-0034348,WR,receptions,Receptions,3.22576449231301,3.5,113.0,-144.0,0.39369505280133177,under,U 3.5,-144.0,0.016141012772438734,,4/4,DK,0.5482602306934068,,0.02735004941996566,-0.0032099466400860033,8.01538816811521,7.695657538587823,0.2308917197452229,
2026,5,2026_05_DEN_LAC,DEN,LAC,Jaylen Waddle,,00-0036613,WR,receptions,Receptions,3.76578033492212,4.5,105.0,-133.0,0.32497529001716696,under,U 4.5,-133.0,0.10420925933905623,LEAN,2/4,DK,0.5228267672931655,capped,0.18256208590977518,0.01790307916442191,7.359926180547728,9.359863880162315,0.2308917197452229,
2026,5,2026_05_DEN_LAC,DEN,LAC,Marvin Mims Jr.,,00-0038976,WR,receptions,Receptions,1.2463962430947124,1.5,101.0,-129.0,0.37215835197419755,under,U 1.5,-129.0,0.06452287073322605,,2/2,DK,0.5377269990026272,low usage,0.11454059998378896,-0.016912937458294253,8.943037339400428,7.261281082831557,0.2308917197452229,
2026,5,2026_05_DEN_LAC,DEN,LAC,RJ Harvey,,00-0040730,RB,receptions,Receptions,4.3021452564792435,4.5,126.0,-161.0,0.41060188316079693,under,U 4.5,-161.0,-0.02746012070868964,,1/3,DK,0.5801403040316622,,-0.04451609630414921,0.0007135899904644472,6.547548454400703,6.607634036368002,0.2308917197452229,
2026,5,2026_05_DET_ARI,ARI,DET,Kendrick Bourne,,00-0033307,WR,receptions,Receptions,3.0642141698125944,2.5,110.0,-140.0,0.5510066066690943,over,O 2.5,110.0,0.07481613047861813,HAMMER,1/3,DK,0.45011179680285157,,0.15711387400509813,-0.030879227780092666,6.95662933969881,9.734370206656198,0.4078125,✗
2026,5,2026_05_DET_ARI,ARI,DET,Trey McBride,,00-0037744,TE,receptions,Receptions,6.269361045696627,7.5,-137.0,107.0,0.2925661967434844,under,U 7.5,107.0,0.2243420158169021,LEAN,1/4,DK,0.4558855839617978,capped,0.4643879727409874,-0.023469393524702564,6.367550289938886,8.179992825090865,0.4078125,
2026,5,2026_05_DET_ARI,ARI,DET,Michael Wilson,,00-0038559,WR,receptions,Receptions,5.837694415034011,5.5,-101.0,-127.0,0.48270301201685484,over,O 5.5,-101.0,-0.019784550172199933,,2/4,DK,0.47207670857367345,,-0.03937321370903146,0.0008317582134849122,7.781059164089142,7.715845406755773,0.4078125,
2026,5,2026_05_DET_ARI,ARI,DET,Marvin Harrison Jr.,,00-0039849,WR,receptions,Receptions,2.172515836058898,2.5,-146.0,115.0,0.3735629194194454,under,U 2.5,115.0,0.16132080151078715,LEAN,3/4,DK,0.44412940172730675,capped,0.34683972324819234,-0.038123254624041314,6.278381021430137,9.587552765277552,0.4078125,✓
2026,5,2026_05_DET_ARI,ARI,DET,Jeremiyah Love,,00-0041027,RB,receptions,Receptions,2.3719492172117524,2.5,-112.0,-114.0,0.4135670811007647,under,U 2.5,-114.0,0.0537226385254036,PLAY,2/4,DK,0.5202364769804501,,0.10084776003891549,,,,,
2026,5,2026_05_DET_ARI,DET,ARI,Amon-Ra St. Brown,,00-0036963,WR,receptions,Receptions,6.605880188698273,6.5,-146.0,114.0,0.4515944441554388,under,U 6.5,114.0,0.08111583621839297,PLAY,1/4,DK,,thin,0.17358788950736082,0.0047882139125667855,7.912183261955745,9.302263567448945,0.2785829307568438,
2026,5,2026_05_DET_ARI,DET,ARI,Jameson Williams,,00-0037240,WR,receptions,Receptions,3.9353006337427154,3.5,-120.0,-106.0,0.5109504239712843,under,U 3.5,-106.0,-0.025513530767400816,,1/4,DK,0.4805586421001623,,-0.04958289941589211,-0.006317208423389453,11.104589795167952,9.096069979363568,0.2785829307568438,
2026,5,2026_05_DET_ARI,DET,ARI,Sam LaPorta,,00-0039065,TE,receptions,Receptions,5.084981928190272,4.5,-152.0,119.0,0.527180981116371,under,U 4.5,119.0,0.016198014317418963,,1/4,DK,0.4283755014795395,,0.03547365135514746,0.004343663572504042,7.864146334107428,9.103545397845831,0.2785829307568438,
2026,5,2026_05_DET_ARI,DET,ARI,Jahmyr Gibbs,,00-0039139,RB,receptions,Receptions,4.397697252960414,4.5,-135.0,106.0,0.42371117931644386,under,U 4.5,106.0,0.09085192747967263,HAMMER,1/4,DK,0.46833934952921497,,0.1871549706081257,-0.0007553140507118306,7.111391862955032,6.938589908711945,0.2785829307568438,
2026,5,2026_05_DET_ARI,DET,ARI,Isaac TeSlaa,,00-0040669,WR,receptions,Receptions,2.772266605852107,2.5,137.0,-176.0,0.49061020652343545,over,O 2.5,137.0,0.06866927825339325,PLAY,2/4,DK,0.42069869379935715,,0.16274618946054198,0.0006207948754093362,7.775129109459629,7.935310626646702,0.2785829307568438,
2026,5,2026_05_HOU_TEN,TEN,HOU,Wan'Dale Robinson,,00-0038117,WR,receptions,Receptions,3.714657538590396,3.5,-140.0,109.0,0.47417156531238625,under,U 3.5,109.0,0.047359535166082656,LEAN,2/4,DK,0.462777652041773,,0.09898142849711267,0.00042170284317033513,5.57503180957701,6.78869614997828,0.3069164265129683,
2026,5,2026_05_HOU_TEN,TEN,HOU,Carnell Tate,,00-0041438,WR,receptions,Receptions,4.639355769969586,4.5,-118.0,-108.0,0.4590334495136035,under,U 4.5,-108.0,0.02173578125562725,,2/4,DK,0.5050915555190201,,0.04186150464046734,,,,,
2026,5,2026_05_HOU_TEN,HOU,TEN,Nico Collins,,00-0036554,WR,receptions,Receptions,5.168915577772212,5.5,-106.0,-120.0,0.3957238724444676,under,U 5.5,-120.0,0.05882158210098698,PLAY,0/2,DK,0.5,,0.10783956718514287,-6.8295862348799474e-06,9.268987013884091,9.267564242282887,0.2646566164154104,
2026,5,2026_05_IND_PIT,PIT,IND,DK Metcalf,,00-0035640,WR,receptions,Receptions,4.4733339337694975,3.5,-158.0,124.0,0.6041720855225511,over,O 3.5,-158.0,-0.008231015252642693,,3/4,DK,,,-0.013440518577100158,-0.00945784301590491,7.6762092497348355,9.161656134268002,0.3645533141210375,
2026,5,2026_05_IND_PIT,PIT,IND,Michael Pittman,,00-0036252,WR,receptions,Receptions,2.916368546461508,2.5,-105.0,-121.0,0.5218748374343234,over,O 2.5,-105.0,0.009679715483103868,,1/3,DK,,,0.018898492133679,-0.012010067236283839,6.224375130279888,7.811155564084713,0.3645533141210375,
2026,5,2026_05_IND_PIT,PIT,IND,Pat Freiermuth,,00-0036894,TE,receptions,Receptions,3.587541704682201,3.5,104.0,-132.0,0.45351922176559334,under,U 3.5,-132.0,-0.022484739006972676,,2/4,DK,,,-0.039518632194073144,-0.002176668091539158,7.96733814471145,8.289058860609336,0.3645533141210375,
2026,5,2026_05_IND_PIT,PIT,IND,Darnell Washington,,00-0038558,TE,receptions,Receptions,2.701083694636482,2.5,131.0,-168.0,0.47770899443375126,over,O 2.5,131.0,0.04480856153331836,LEAN,2/4,DK,,,0.10350777714196546,-0.012269377575857221,6.723667730596743,8.481425462982727,0.3645533141210375,
2026,5,2026_05_IND_PIT,PIT,IND,Roman Wilson,,00-0039739,WR,receptions,Receptions,2.734511232235966,2.5,-159.0,125.0,0.4834833272642147,under,U 2.5,125.0,0.07207222829134086,PLAY,0/4,DK,,thin,0.16216251365551693,0.005218130990394032,7.863364403577276,7.168063701238059,0.3645533141210375,
2026,5,2026_05_IND_PIT,IND,PIT,Jonathan Taylor,,00-0036223,RB,receptions,Receptions,2.648920605721788,2.5,-109.0,-117.0,0.4685532955313947,under,U 2.5,-117.0,-0.00772380244383708,,2/4,DK,,,-0.014325342994125134,-0.000309464304772078,6.399008472209292,6.4419599664374525,0.355463347164592,
2026,5,2026_05_IND_PIT,IND,PIT,Josh Downs,,00-0038997,WR,receptions,Receptions,3.9946391761049194,5.5,120.0,-154.0,0.23164958643291889,under,U 5.5,-154.0,0.16205120096865588,PLAY,3/4,DK,,thin,0.26727925354570514,0.006065435199156255,7.521403542923886,6.618183134930889,0.355463347164592,
2026,5,2026_05_IND_PIT,IND,PIT,Tyler Warren,,00-0040128,TE,receptions,Receptions,4.8404274780115895,5.5,118.0,-150.0,0.3485928315039276,under,U 5.5,-150.0,0.05140716849607241,PLAY,2/4,DK,,,0.08567861416012046,-0.004993410621682681,6.702756959314775,7.483503305053779,0.355463347164592,
2026,5,2026_05_MIN_NO,NO,MIN,Juwan Johnson,,00-0036040,TE,receptions,Receptions,4.0672492322899405,4.5,109.0,-139.0,0.3760079071945066,under,U 4.5,-139.0,0.04240213464649756,LEAN,2/4,DK,,,0.07290726748570453,0.029041698448105224,7.016123687162231,8.928076154013295,0.182509505703422,
2026,5,2026_05_MIN_NO,NO,MIN,Chris Olave,,00-0037239,WR,receptions,Receptions,6.024406416719164,6.5,-111.0,-115.0,0.38141809290953543,under,U 6.5,-115.0,0.08369818616023206,PLAY,0/4,DK,,thin,0.15647921760391204,0.00909616121036394,7.3494570204955645,7.904929861119326,0.182509505703422,
2026,5,2026_05_MIN_NO,NO,MIN,Devaughn Vele,,00-0039424,WR,receptions,Receptions,5.107561086653873,3.5,-115.0,-110.0,0.6941164230349062,over,O 3.5,-115.0,0.15923270210467366,PLAY,3/4,DK,,thin,0.29769592132612877,0.043291054322813105,6.237020140893151,9.028440473664208,0.182509505703422,✓
2026,5,2026_05_MIN_NO,MIN,NO,Aaron Jones,,00-0033293,RB,receptions,Receptions,2.634842485929668,3.5,133.0,-170.0,0.2815897622639546,under,U 3.5,-170.0,0.08878060810641575,PLAY,2/4,DK,,thin,0.14100449522783687,-0.004426353595314736,6.380537339400428,6.075982704692717,0.2194690265486725,
2026,5,2026_05_PHI_JAX,JAX,PHI,Jakobi Meyers,,00-0034960,WR,receptions,Receptions,3.3313266914322046,3.5,-125.0,-102.0,0.4111741143421942,under,U 3.5,-102.0,0.08387539060830085,HAMMER,3/4,DK,0.47549535327082826,,0.16610616571447823,-0.002453166635939419,7.5493121562707,7.698182948037472,0.4352409638554217,
2026,5,2026_05_PHI_JAX,JAX,PHI,Parker Washington,,00-0038606,WR,receptions,Receptions,3.8517942568243835,4.5,-132.0,104.0,0.34026946886542164,under,U 4.5,104.0,0.16953445270320583,LEAN,2/4,DK,0.46848011975888726,capped,0.34585028351453984,-0.04029423151513689,6.51539079229122,9.1872448140791,0.4352409638554217,✓
2026,5,2026_05_PHI_JAX,JAX,PHI,Brenton Strange,,00-0038935,TE,receptions,Receptions,3.8573630490993978,3.5,106.0,-135.0,0.496852728502315,over,O 3.5,106.0,0.011415835298431487,,1/4,DK,0.45531459564342097,,0.02351662071476901,-0.015563264381582953,7.303796861516827,8.289290662829783,0.4352409638554217,
2026,5,2026_05_PHI_JAX,JAX,PHI,Brian Thomas Jr.,,00-0039893,WR,receptions,Receptions,2.4628857435729525,2.5,141.0,-180.0,0.4308380585756646,over,O 2.5,141.0,0.015900299239564986,,2/4,DK,0.3934062869236576,,0.03831972116735183,-0.005630950450843386,8.341986353573114,8.726364730911301,0.4352409638554217,
2026,5,2026_05_PHI_JAX,JAX,PHI,Bhayshul Tuten,,00-0040719,RB,receptions,Receptions,1.9416336178985358,1.5,-112.0,-113.0,0.5489777870259585,over,O 1.5,-112.0,0.02067590023350563,,3/4,DK,0.5010317787866282,low usage,0.03913652544199264,,,,,
2026,5,2026_05_PHI_JAX,JAX,PHI,Josh Cameron,,00-0041100,WR,receptions,Receptions,1.3332678898130288,1.5,121.0,-155.0,0.39608801955990225,under,U 1.5,-155.0,-0.00393115681480416,,2/4,DK,0.5693068615075056,low usage,-0.006467387017903725,,,,,
2026,5,2026_05_SF_SEA,SEA,SF,Cooper Kupp,,00-0033908,WR,receptions,Receptions,2.269063732094752,2.5,-107.0,-119.0,0.39348696873536904,under,U 2.5,-119.0,0.06313403583084098,PLAY,3/4,DK,0.5168167257345488,,0.11618784745339661,0.0038795057724407833,7.29861323544407,7.838220115277607,0.2539912917271408,
2026,5,2026_05_SF_SEA,SEA,SF,Rashid Shaheed,,00-0037545,WR,receptions,Receptions,2.130414440886325,1.5,-179.0,140.0,0.5939759662903813,under,U 1.5,140.0,-0.010642632957047982,,2/4,DK,0.40792639263464037,,-0.025542319096915178,0.01920499712794732,6.004854653720924,8.75813745332612,0.2539912917271408,
2026,5,2026_05_SF_SEA,SEA,SF,Jaxon Smith-Njigba,,00-0038543,WR,receptions,Receptions,6.267074160336629,6.5,-118.0,-108.0,0.4111220933257036,under,U 6.5,-108.0,0.06964713744352713,PLAY,1/4,DK,0.4810712550330001,,0.1341352276690153,0.00044929312828734247,9.33094953985975,9.40739169490166,0.2539912917271408,
2026,5,2026_05_SF_SEA,SEA,SF,AJ Barner,,00-0039793,TE,receptions,Receptions,3.5400906034120743,2.5,-132.0,103.0,0.639910523851636,over,O 2.5,-132.0,0.07094500661025671,HAMMER,1/4,DK,0.5514581356746134,,0.12469122373923902,-0.013575152324834194,8.524185530743347,6.731012681736525,0.2539912917271408,
2026,5,2026_05_SF_SEA,SF,SEA,Mike Evans,,00-0031408,WR,receptions,Receptions,3.8750697617230183,3.5,-153.0,119.0,0.5001300525412267,under,U 3.5,119.0,0.043248942892563313,LEAN,2/4,DK,0.41337864179607986,,0.09471518493471365,0.0007055515809262225,7.882835117773019,8.127099586017387,0.2858880778588807,
2026,5,2026_05_SF_SEA,SF,SEA,Christian McCaffrey,,00-0033280,RB,receptions,Receptions,3.6614878693522876,4.5,-135.0,106.0,0.30692399729490716,under,U 4.5,106.0,0.20763910950120934,LEAN,3/4,DK,0.47301547594653326,capped,0.4277365655724914,-0.00043593682764964115,7.271162339400428,7.136610519904109,0.2858880778588807,
2026,5,2026_05_SF_SEA,SF,SEA,George Kittle,,00-0033288,TE,receptions,Receptions,3.9353071332533065,4.5,-117.0,-109.0,0.3534307860375592,under,U 4.5,-109.0,0.12503811348397198,LEAN,3/4,DK,0.47412772336985975,capped,0.23975197906559753,0.0036386301512105756,8.829939018713342,10.378838991359084,0.2858880778588807,
2026,5,2026_05_SF_SEA,SF,SEA,Deebo Samuel Sr.,,00-0035719,WR,receptions,Receptions,3.2461026638887502,3.5,-101.0,-127.0,0.39718046090620607,under,U 3.5,-127.0,0.043348173455027394,LEAN,2/4,DK,0.5297940576069526,,0.07748059349835601,-0.0024039331365237615,8.072815739818093,7.2939873611216015,0.2858880778588807,
2026,5,2026_05_TB_DAL,DAL,TB,CeeDee Lamb,,00-0036358,WR,receptions,Receptions,7.295301844668137,6.5,107.0,-136.0,0.5399261301565832,over,O 6.5,107.0,0.05683434271696969,PLAY,3/4,DK,0.45396109035547544,,0.11764708942412727,-0.00441790794968544,9.358464935760171,7.094523956185144,0.2939346811819596,
2026,5,2026_05_TB_DAL,DAL,TB,Javonte Williams,,00-0036997,RB,receptions,Receptions,3.1521789712872095,2.5,-123.0,-103.0,0.5677053529625968,over,O 2.5,-123.0,0.016135846236139395,,3/4,DK,0.5231859513770573,,0.029254420411862547,-0.0002239747471052267,5.040592926234956,4.9671161473548535,0.2939346811819596,
2026,5,2026_05_TB_DAL,DAL,TB,George Pickens,,00-0037247,WR,receptions,Receptions,4.171173358462252,4.5,-113.0,-113.0,0.39182229620766795,under,U 4.5,-113.0,0.07766127186744942,HAMMER,2/4,DK,0.495656423337711,,0.14638806113067893,-0.00022957030515613486,9.464995848446444,9.323613133864484,0.2939346811819596,
2026,5,2026_05_TB_DAL,DAL,TB,Jake Ferguson,,00-0038041,TE,receptions,Receptions,2.7421305431642153,3.5,-109.0,-117.0,0.30088955938199036,under,U 3.5,-117.0,0.15993993370556725,LEAN,3/4,DK,0.5152399538979198,capped,0.29664073174451366,0.0038618195620208073,5.145156410017689,6.729376577862641,0.2939346811819596,
2026,5,2026_05_TB_DAL,DAL,TB,Ryan Flournoy,,00-0039410,WR,receptions,Receptions,3.469169348038488,3.5,125.0,-160.0,0.43302294126827234,over,O 3.5,125.0,-0.011421503176172076,,2/4,DK,0.42151866441462166,,-0.0256983821463872,0.0005680560470111562,7.707971749502235,8.003465983266796,0.2939346811819596,
2026,5,2026_05_TB_DAL,TB,DAL,Chris Godwin Jr.,,00-0033921,WR,receptions,Receptions,3.55322525753603,3.5,-106.0,-120.0,0.44686053165478856,under,U 3.5,-120.0,0.007684922890666024,,2/4,DK,0.5174986727670048,,0.01408902529955447,0.012161835156796696,7.118409996476296,8.837863022891861,0.2503937007874016,
2026,5,2026_05_TB_DAL,TB,DAL,Kenny Gainwell,,00-0036919,RB,receptions,Receptions,2.010088053925723,1.5,-172.0,134.0,0.5647921760391198,under,U 1.5,134.0,0.007857396610452871,,1/4,DK,0.40525502514813205,,0.018386308068459645,-0.0013204722377504474,6.235317864288974,6.097317685198173,0.2503937007874016,
2026,5,2026_05_TB_DAL,TB,DAL,Cade Otton,,00-0038129,TE,receptions,Receptions,4.178881584671097,3.5,105.0,-134.0,0.5542839307080061,over,O 3.5,105.0,0.0664790526592256,PLAY,2/4,DK,0.447877586196452,,0.13628205795141235,0.013011906603615175,6.14039079229122,7.746002683803069,0.2503937007874016,
2026,5,2026_05_TB_DAL,TB,DAL,Bucky Irving,,00-0039361,RB,receptions,Receptions,2.6560418225567335,2.5,128.0,-164.0,0.4696977578941892,over,O 2.5,128.0,0.031101266666119065,LEAN,2/4,DK,0.426412070416033,,0.07091088799875145,0.01851665109178513,5.882383119200571,8.252373445063132,0.2503937007874016,
2026,5,2026_05_TB_DAL,TB,DAL,Emeka Egbuka,,00-0040129,WR,receptions,Receptions,3.529467444093441,3.5,136.0,-175.0,0.4429069344014982,over,O 3.5,136.0,0.019178120842176183,,2/4,DK,0.4107547374269197,,0.045260365187535845,0.009745401513420404,6.572453577934738,7.803768981493767,0.2503937007874016,
2026,5,2026_05_TB_DAL,TB,DAL,Tez Johnson,,00-0040237,WR,receptions,Receptions,1.6848077345317238,1.5,128.0,-164.0,0.48369141133017735,over,O 1.5,128.0,0.045094920102107194,LEAN,1/4,DK,0.39981523801991814,,0.10281641783280437,0.012318539146743523,6.333952638871394,7.88697261576347,0.2503937007874016,
2026,5,2026_05_TB_DAL,TB,DAL,Ted Hurst III,,00-0041048,WR,receptions,Receptions,2.1330606231515157,1.5,-160.0,125.0,0.5945481974717786,over,O 1.5,-160.0,-0.020836417912836858,,3/4,DK,0.5828667390120885,,-0.03385917910835978,,,,,
2026,5,2026_05_BUF_LA,LA,BUF,Matthew Stafford,,00-0026498,QB,atd,Anytime TD,0.16836919068924053,0.5,1600.0,,0.16836919068924053,over,Matthew Stafford TD,1600.0,0.10954566127747582,,0/4,DK,0.05016339869281046,low usage,1.862276241717089,,,,,
2026,5,2026_05_BUF_LA,LA,BUF,Davante Adams,,00-0031381,WR,atd,Anytime TD,0.3776707104333529,0.5,-105.0,,0.3776707104333529,over,Davante Adams TD,-105.0,-0.13452441151786665,,1/4,DK,0.4290443530704772,,-0.2626428986777396,,,,,
2026,5,2026_05_BUF_LA,LA,BUF,Tyler Higbee,,00-0033110,TE,atd,Anytime TD,0.29029166567702436,0.5,205.0,,0.29029166567702436,over,Tyler Higbee TD,205.0,-0.03757718678199201,,1/3,DK,0.2846667025581667,,-0.11461041968507579,,,,,
2026,5,2026_05_BUF_LA,LA,BUF,Tutu Atwell,,00-0036849,WR,atd,Anytime TD,0.13238133429217128,0.5,1300.0,,0.13238133429217128,over,Tutu Atwell TD,1300.0,0.06095276286359985,,0/2,DK,0.0669958061262409,low usage,0.8533386800903979,,,,,
2026,5,2026_05_BUF_LA,LA,BUF,Kyren Williams,,00-0037840,RB,atd,Anytime TD,0.5934642763076596,0.5,-180.0,,0.5934642763076596,over,Kyren Williams TD,-180.0,-0.04939286654948327,,3/4,DK,0.5458270893014238,,-0.07683334796586283,,,,,
2026,5,2026_05_BUF_LA,LA,BUF,Davis Allen,,00-0039074,TE,atd,Anytime TD,0.17973389277464683,0.5,700.0,,0.17973389277464683,over,Davis Allen TD,700.0,0.054733892774646825,,0/4,DK,0.11191239316239317,low usage,0.4378711421971746,,,,,
2026,5,2026_05_BUF_LA,LA,BUF,Puka Nacua,,00-0039075,WR,atd,Anytime TD,0.4220393755464403,0.5,-135.0,,0.4220393755464403,over,Puka Nacua TD,-135.0,-0.15242870955994275,,1/2,DK,0.47013331620324084,,-0.26533886478952995,,,,,
2026,5,2026_05_BUF_LA,LA,BUF,Blake Corum,,00-0039738,RB,atd,Anytime TD,0.1621373931096728,0.5,250.0,,0.1621373931096728,over,Blake Corum TD,250.0,-0.12357689260461291,,0/4,DK,0.23893941138099076,,-0.43251912411614524,,,,,
2026,5,2026_05_BUF_LA,LA,BUF,Jordan Whittington,,00-0039751,WR,atd,Anytime TD,0.1631823981180454,0.5,850.0,,0.1631823981180454,over,Jordan Whittington TD,850.0,0.05791924022330858,,0/2,DK,0.0815848457152805,low usage,0.5502327821214315,,,,,
2026,5,2026_05_BUF_LA,LA,BUF,Konata Mumpfield,,00-0040590,WR,atd,Anytime TD,0.1391155050369168,0.5,700.0,,0.1391155050369168,over,Konata Mumpfield TD,700.0,0.014115505036916803,,1/4,DK,0.10186925647451964,,0.11292404029533443,,,,,
2026,5,2026_05_BUF_LA,LA,BUF,Dean Connors,,00-0041415,RB,atd,Anytime TD,0.12676130660289978,0.5,2800.0,,0.12676130660289978,over,Dean Connors TD,2800.0,0.09227854798221012,,0/2,DK,0.03258803290662361,low usage,2.6760778914840935,,,,,
2026,5,2026_05_BUF_LA,BUF,LA,Jackson Hawes,,00-0040194,TE,atd,Anytime TD,0.16121147234656052,0.5,1000.0,,0.16121147234656052,over,Jackson Hawes TD,1000.0,0.07030238143746961,,0/1,DK,0.073502886002886,low usage,0.7733261958121658,,,,,
2026,5,2026_05_BUF_LA,BUF,LA,Josh Allen,,00-0034857,QB,atd,Anytime TD,0.35204202075886215,0.5,-120.0,,0.35204202075886215,over,Josh Allen TD,-120.0,-0.19341252469568326,,4/4,DK,0.4615723305679639,,-0.35458962860875265,,,,,
2026,5,2026_05_BUF_LA,BUF,LA,Ty Johnson,,00-0035537,RB,atd,Anytime TD,0.13101583763463925,0.5,500.0,,0.13101583763463925,over,Ty Johnson TD,500.0,-0.035650829032027403,,0/2,DK,0.14159722222222224,,-0.21390497419216448,,,,,
2026,5,2026_05_BUF_LA,BUF,LA,Dawson Knox,,00-0035689,TE,atd,Anytime TD,0.17831734697490842,0.5,600.0,,0.17831734697490842,over,Dawson Knox TD,600.0,0.03546020411776557,,1/4,DK,0.123980463980464,low usage,0.24822142882435894,,,,,
2026,5,2026_05_BUF_LA,BUF,LA,James Cook,,00-0037248,RB,atd,Anytime TD,0.4836340094876849,0.5,-120.0,,0.4836340094876849,over,James Cook TD,-120.0,-0.06182053596686049,,3/4,DK,0.45855256997802374,,-0.11333764927257761,,,,,
2026,5,2026_05_BUF_LA,BUF,LA,Khalil Shakir,,00-0037261,WR,atd,Anytime TD,0.26341093052331543,0.5,255.0,,0.26341093052331543,over,Khalil Shakir TD,255.0,-0.018279210321755,,0/4,DK,0.2434520845612395,,-0.06489119664223031,,,,,
2026,5,2026_05_BUF_LA,BUF,LA,Dalton Kincaid,,00-0038933,TE,atd,Anytime TD,0.23814396822298395,0.5,210.0,,0.23814396822298395,over,Dalton Kincaid TD,210.0,-0.08443667693830637,,1/4,DK,0.27654119192987514,,-0.26175369850874974,,,,,
2026,5,2026_05_BUF_LA,BUF,LA,Ray Davis,,00-0039875,RB,atd,Anytime TD,0.10705508931877009,0.5,1800.0,,0.10705508931877009,over,Ray Davis TD,1800.0,0.05442351037140167,,0/3,DK,0.05986125444329779,low usage,1.0340466970566315,,,,,
2026,5,2026_05_BUF_LA,BUF,LA,Keon Coleman,,00-0039901,WR,atd,Anytime TD,0.2632219081565731,0.5,260.0,,0.2632219081565731,over,Keon Coleman TD,260.0,-0.014555869621204698,,1/4,DK,0.23205481022818483,,-0.05240113063633689,,,,,
2026,5,2026_05_BUF_LA,BUF,LA,Keleki Latu,,00-0040363,TE,atd,Anytime TD,0.10705508931877009,0.5,2200.0,,0.10705508931877009,over,Keleki Latu TD,2200.0,0.06357682844920487,,0/3,DK,0.03770283661588009,low usage,1.4622670543317118,,,,,
2026,5,2026_05_BAL_ATL,ATL,BAL,Nick Muse,,00-0037317,TE,atd,Anytime TD,0.11145095355572138,0.5,2500.0,,0.11145095355572138,over,Nick Muse TD,2500.0,0.07298941509418291,,0/2,DK,0.038344876706945676,low usage,1.8977247924487557,,,,,
2026,5,2026_05_BAL_ATL,ATL,BAL,Austin Hooper,,00-0032392,TE,atd,Anytime TD,0.14619576538897017,0.5,850.0,,0.14619576538897017,over,Austin Hooper TD,850.0,0.04093260749423333,,1/3,DK,0.09893538496479673,low usage,0.38885977119521664,,,,,
2026,5,2026_05_BAL_ATL,ATL,BAL,Olamide Zaccheaus,,00-0035208,WR,atd,Anytime TD,0.14334811287287402,0.5,850.0,,0.14334811287287402,over,Olamide Zaccheaus TD,850.0,0.03808495497813719,,0/4,DK,0.0956459112805862,low usage,0.36180707229230324,,,,,
2026,5,2026_05_BAL_ATL,ATL,BAL,Charlie Woerner,,00-0036429,TE,atd,Anytime TD,0.15500737774204645,0.5,2800.0,,0.15500737774204645,over,Charlie Woerner TD,2800.0,0.1205246191213568,,0/2,DK,0.03939002720861791,low usage,3.495213954519347,,,,,
2026,5,2026_05_BAL_ATL,ATL,BAL,Chris Blair,,00-0036463,WR,atd,Anytime TD,0.11927051292380411,0.5,1900.0,,0.11927051292380411,over,Chris Blair TD,1900.0,0.06927051292380411,,0/4,DK,0.04212454212454213,low usage,1.3854102584760821,,,,,
2026,5,2026_05_BAL_ATL,ATL,BAL,Kyle Pitts,,00-0036970,TE,atd,Anytime TD,0.15037841052715237,0.5,360.0,,0.15037841052715237,over,Kyle Pitts TD,360.0,-0.06701289382067371,,0/4,DK,0.18522178304787004,low usage,-0.3082593115750991,,,,,
2026,5,2026_05_BAL_ATL,ATL,BAL,Drake London,,00-0037238,WR,atd,Anytime TD,0.3866914370068222,0.5,125.0,,0.3866914370068222,over,Drake London TD,125.0,-0.05775300743762224,,0/4,DK,0.3688332601376079,,-0.1299442667346501,,,,,
2026,5,2026_05_BAL_ATL,ATL,BAL,Jahan Dotson,,00-0037741,WR,atd,Anytime TD,0.20170748380280124,0.5,550.0,,0.20170748380280124,over,Jahan Dotson TD,550.0,0.04786132995664738,LEAN,1/4,DK,0.14380414312617704,,0.31109864471820803,,,,,
2026,5,2026_05_BAL_ATL,ATL,BAL,Brian Robinson,,00-0037746,RB,atd,Anytime TD,0.34123713166939096,0.5,235.0,,0.34123713166939096,over,Brian Robinson TD,235.0,0.04272966898282382,LEAN,2/4,DK,0.25748948686769824,,0.1431443910924597,,,,,
2026,5,2026_05_BAL_ATL,ATL,BAL,Bijan Robinson,,00-0038542,RB,atd,Anytime TD,0.46427780563836835,0.5,-260.0,,0.46427780563836835,over,Bijan Robinson TD,-260.0,-0.25794441658385386,,3/4,DK,0.6068793299217248,,-0.3571538075776438,,,,,
2026,5,2026_05_BAL_ATL,ATL,BAL,Michael Penix Jr.,,00-0039917,QB,atd,Anytime TD,0.14708747035872888,0.5,1300.0,,0.14708747035872888,over,Michael Penix Jr. TD,1300.0,0.07565889893015745,,0/2,DK,0.0665861915861916,low usage,1.0592245850222044,,,,,
2026,5,2026_05_BAL_ATL,ATL,BAL,Zachariah Branch,,00-0041044,WR,atd,Anytime TD,0.11927051292380411,0.5,1200.0,,0.11927051292380411,over,Zachariah Branch TD,1200.0,0.042347436000727184,,0/4,DK,0.0691066180196615,low usage,0.5505166680094535,,,,,
2026,5,2026_05_BAL_ATL,BAL,ATL,Chris Moore,,00-0032398,WR,atd,Anytime TD,0.14450744820183328,0.5,1500.0,,0.14450744820183328,over,Chris Moore TD,1500.0,0.08200744820183328,,1/3,DK,0.06236772486772488,low usage,1.3121191712293325,,,,,
2026,5,2026_05_BAL_ATL,BAL,ATL,Rasheen Ali,,00-0039796,RB,atd,Anytime TD,0.10449615639608774,0.5,3000.0,,0.10449615639608774,over,Rasheen Ali TD,3000.0,0.07223809187995871,,0/3,DK,0.03111519637006893,low usage,2.23938084827872,,,,,
2026,5,2026_05_BAL_ATL,BAL,ATL,Derrick Henry,,00-0032764,RB,atd,Anytime TD,0.41260556853842983,0.5,-145.0,,0.41260556853842983,over,Derrick Henry TD,-145.0,-0.1792311661554477,,4/4,DK,0.5074806446293928,,-0.3028388669523082,,,,,
2026,5,2026_05_BAL_ATL,BAL,ATL,Mark Andrews,,00-0034753,TE,atd,Anytime TD,0.24135776957408991,0.5,280.0,,0.24135776957408991,over,Mark Andrews TD,280.0,-0.021800125162752176,,1/4,DK,0.2273039630019035,,-0.08284047561845842,,,,,
2026,5,2026_05_BAL_ATL,BAL,ATL,Justice Hill,,00-0034975,RB,atd,Anytime TD,0.12908046711474547,0.5,750.0,,0.12908046711474547,over,Justice Hill TD,750.0,0.011433408291216057,,0/4,DK,0.11819584736251401,longshot,0.09718397047533656,,,,,
2026,5,2026_05_BAL_ATL,BAL,ATL,Tyler Huntley,,00-0035993,QB,atd,Anytime TD,0.13027403171568258,0.5,450.0,,0.13027403171568258,over,Tyler Huntley TD,450.0,-0.05154415010249924,,0/1,DK,0.1730599647266314,,-0.2834928255637458,,,,,
2026,5,2026_05_BAL_ATL,BAL,ATL,Rashod Bateman,,00-0036550,WR,atd,Anytime TD,0.1809068590510264,0.5,425.0,,0.1809068590510264,over,Rashod Bateman TD,425.0,-0.009569331425164057,,1/4,DK,0.1572632043919985,,-0.050238989982111404,,,,,
2026,5,2026_05_BAL_ATL,BAL,ATL,Zay Flowers,,00-0039064,WR,atd,Anytime TD,0.3950349750276731,0.5,220.0,,0.3950349750276731,over,Zay Flowers TD,220.0,0.0825349750276731,HAMMER,2/3,DK,0.2770061728395062,,0.264111920088554,,,,,
2026,5,2026_05_BAL_ATL,BAL,ATL,Devontez Walker,,00-0039792,WR,atd,Anytime TD,0.13622259253556623,0.5,800.0,,0.13622259253556623,over,Devontez Walker TD,800.0,0.02511148142445513,,0/3,DK,0.08560542771069087,low usage,0.2260033328200961,,,,,
2026,5,2026_05_BAL_ATL,BAL,ATL,LaJohntay Wester,,00-0040075,WR,atd,Anytime TD,0.11329875764061094,0.5,1800.0,,0.11329875764061094,over,LaJohntay Wester TD,1800.0,0.06066717869324252,,0/4,DK,0.060810899626689105,low usage,1.152676395171608,,,,,
2026,5,2026_05_BAL_ATL,BAL,ATL,Elijah Sarratt,,00-0040876,WR,atd,Anytime TD,0.11734361115941597,0.5,1900.0,,0.11734361115941597,over,Elijah Sarratt TD,1900.0,0.06734361115941596,,0/1,DK,0.04171888053467,low usage,1.3468722231883192,,,,,
2026,5,2026_05_BAL_ATL,BAL,ATL,Matthew Hibner,,00-0040879,TE,atd,Anytime TD,0.14596860048791518,0.5,1100.0,,0.14596860048791518,over,Matthew Hibner TD,1100.0,0.06263526715458186,,1/3,DK,0.07122666513651169,low usage,0.7516232058549823,,,,,
2026,5,2026_05_BAL_ATL,BAL,ATL,Josh Cuevas,,00-0040887,TE,atd,Anytime TD,0.11556976464773719,0.5,1600.0,,0.11556976464773719,over,Josh Cuevas TD,1600.0,0.056746235235972484,,0/2,DK,0.05065359477124184,low usage,0.9646859990115322,,,,,
2026,5,2026_05_CHI_GB,GB,CHI,Jonnu Smith,,00-0033858,TE,atd,Anytime TD,0.10797226683649487,0.5,900.0,,0.10797226683649487,over,Jonnu Smith TD,900.0,0.007972266836494865,,0/3,DK,0.08717793880837361,low usage,0.07972266836494879,,,,,
2026,5,2026_05_CHI_GB,GB,CHI,Jordan Love,,00-0036264,QB,atd,Anytime TD,0.1418752314965881,0.5,700.0,,0.1418752314965881,over,Jordan Love TD,700.0,0.016875231496588095,,0/4,DK,0.09698879551820727,low usage,0.13500185197270476,,,,,
2026,5,2026_05_CHI_GB,GB,CHI,Bo Melton,,00-0037091,WR,atd,Anytime TD,0.09700805228003091,0.5,1800.0,,0.09700805228003091,over,Bo Melton TD,1800.0,0.044376473332662494,,0/4,DK,0.054525441957383874,low usage,0.8431529933205872,,,,,
2026,5,2026_05_CHI_GB,GB,CHI,Skyy Moore,,00-0038090,WR,atd,Anytime TD,0.13360561385935538,0.5,500.0,,0.13360561385935538,over,Skyy Moore TD,500.0,-0.03306105280731128,,0/4,DK,0.1342020611797488,,-0.19836631684386774,,,,,
2026,5,2026_05_CHI_GB,GB,CHI,Christian Watson,,00-0038124,WR,atd,Anytime TD,0.3377704810124105,0.5,195.0,,0.3377704810124105,over,Christian Watson TD,195.0,-0.0012125698350471392,,3/4,DK,0.2911320021043482,,-0.0035770810133890496,,,,,
2026,5,2026_05_CHI_GB,GB,CHI,Chris Brooks,,00-0038685,RB,atd,Anytime TD,0.14499407618775617,0.5,550.0,,0.14499407618775617,over,Chris Brooks TD,550.0,-0.008852077658397683,,0/4,DK,0.1664533263671195,,-0.05753850477958489,,,,,
2026,5,2026_05_CHI_GB,GB,CHI,Tucker Kraft,,00-0038996,TE,atd,Anytime TD,0.26216826435996526,0.5,240.0,,0.26216826435996526,over,Tucker Kraft TD,240.0,-0.031949382698858275,,1/4,DK,0.261357254247639,,-0.10862790117611809,,,,,
2026,5,2026_05_CHI_GB,GB,CHI,MarShawn Lloyd,,00-0039811,RB,atd,Anytime TD,0.2690047904731382,0.5,115.0,,0.2690047904731382,over,MarShawn Lloyd TD,115.0,-0.19611148859662925,,1/4,DK,0.3787413178955438,,-0.4216397004827529,,,,,
2026,5,2026_05_CHI_GB,GB,CHI,Kaleb Johnson,,00-0040142,RB,atd,Anytime TD,0.1486297012494176,0.5,180.0,,0.1486297012494176,over,Kaleb Johnson TD,180.0,-0.20851315589343955,,0/4,DK,0.3065333789018,,-0.5838368365016308,,,,,
2026,5,2026_05_CHI_GB,GB,CHI,Matthew Golden,,00-0040667,WR,atd,Anytime TD,0.3197637800909073,0.5,230.0,,0.3197637800909073,over,Matthew Golden TD,230.0,0.01673347706060424,,2/4,DK,0.2653713435914247,,0.055220474299993993,,,,,
2026,5,2026_05_CHI_GB,CHI,GB,Kalif Raymond,,00-0032464,WR,atd,Anytime TD,0.2125817648056487,0.5,425.0,,0.2125817648056487,over,Kalif Raymond TD,425.0,0.022105574329458227,,1/4,DK,0.17514448828689047,,0.11605426522965567,,,,,
2026,5,2026_05_CHI_GB,CHI,GB,D'Andre Swift,,00-0036275,RB,atd,Anytime TD,0.49555144004536444,0.5,105.0,,0.49555144004536444,over,D'Andre Swift TD,105.0,0.007746561996583967,,1/4,DK,0.431168803686493,,0.015880452092996933,,,,,
2026,5,2026_05_CHI_GB,CHI,GB,Cole Kmet,,00-0036290,TE,atd,Anytime TD,0.1583363584294583,0.5,500.0,,0.1583363584294583,over,Cole Kmet TD,500.0,-0.008330308237208345,,1/4,DK,0.13983855650522317,low usage,-0.049981849423250124,,,,,
2026,5,2026_05_CHI_GB,CHI,GB,Tyson Bagent,,00-0038416,QB,atd,Anytime TD,0.16634712051667358,0.5,600.0,,0.16634712051667358,over,Tyson Bagent TD,600.0,0.02348997765953073,,0/2,DK,0.12839826839826843,low usage,0.1644298436167151,,,,,
2026,5,2026_05_CHI_GB,CHI,GB,Rome Odunze,,00-0039919,WR,atd,Anytime TD,0.2853620363426802,0.5,215.0,,0.2853620363426802,over,Rome Odunze TD,215.0,-0.03209828111763724,,0/4,DK,0.2609935921202171,,-0.10110958552055738,,,,,
2026,5,2026_05_CHI_GB,CHI,GB,Colston Loveland,,00-0040126,TE,atd,Anytime TD,0.23547812964588377,0.5,220.0,,0.23547812964588377,over,Colston Loveland TD,220.0,-0.07702187035411623,,0/4,DK,0.26164557414557416,,-0.24646998513317186,,,,,
2026,5,2026_05_CHI_GB,CHI,GB,Kyle Monangai,,00-0040236,RB,atd,Anytime TD,0.4426021366506021,0.5,130.0,,0.4426021366506021,over,Kyle Monangai TD,130.0,0.007819527954949945,,2/4,DK,0.36792893875642824,,0.017984914296384824,,,,,
2026,5,2026_05_CHI_GB,CHI,GB,Luther Burden III,,00-0040735,WR,atd,Anytime TD,0.28410980221140497,0.5,230.0,,0.28410980221140497,over,Luther Burden III TD,230.0,-0.018920500818898067,,1/4,DK,0.2647260147260147,,-0.06243765270236368,,,,,
2026,5,2026_05_CHI_GB,CHI,GB,Sam Roush,,00-0041558,TE,atd,Anytime TD,0.12550825156125822,0.5,1500.0,,0.12550825156125822,over,Sam Roush TD,1500.0,0.06300825156125822,,0/3,DK,0.05292093079922028,low usage,1.0081320249801315,,,,,
2026,5,2026_05_CIN_MIA,MIA,CIN,Ollie Gordon II,,00-0040198,RB,atd,Anytime TD,0.37914244863313135,0.5,140.0,,0.37914244863313135,over,Ollie Gordon II TD,140.0,-0.03752421803353534,,2/3,DK,0.3547705314009662,,-0.09005812328048479,,,,,
2026,5,2026_05_CIN_MIA,CIN,MIA,Chase Brown,,00-0038597,RB,atd,Anytime TD,0.4163044256732375,0.5,-155.0,,0.4163044256732375,over,Chase Brown TD,-155.0,-0.1915387115816644,,1/4,DK,0.5151512943451036,,-0.3151120738924158,,,,,
2026,5,2026_05_CLE_NYJ,NYJ,CLE,Jeremy Ruckert,,00-0037805,TE,atd,Anytime TD,0.13847994824065302,0.5,650.0,,0.13847994824065302,over,Jeremy Ruckert TD,650.0,0.005146614907319685,,1/3,DK,0.10702900228762298,low usage,0.03859961180489768,,,,,
2026,5,2026_05_CLE_NYJ,NYJ,CLE,Jamaal Pritchett,,00-0040405,WR,atd,Anytime TD,0.0961575982660996,0.5,2500.0,,0.0961575982660996,over,Jamaal Pritchett TD,2500.0,0.057696059804561134,,0/1,DK,0.04253663003663004,low usage,1.5000975549185895,,,,,
2026,5,2026_05_CLE_NYJ,NYJ,CLE,Malik McClain,,00-0041267,WR,atd,Anytime TD,0.10287548415126947,0.5,2000.0,,0.10287548415126947,over,Malik McClain TD,2000.0,0.055256436532221856,,0/1,DK,0.05913220551378446,low usage,1.160385167176659,,,,,
2026,5,2026_05_CLE_NYJ,NYJ,CLE,Geno Smith,,00-0030565,QB,atd,Anytime TD,0.12866130883306715,0.5,750.0,,0.12866130883306715,over,Geno Smith TD,750.0,0.011014250009537735,,0/4,DK,0.10741711991711991,longshot,0.09362112508107079,,,,,
2026,5,2026_05_CLE_NYJ,NYJ,CLE,Andrew Beck,,00-0034959,RB,atd,Anytime TD,0.0961575982660996,0.5,4000.0,,0.0961575982660996,over,Andrew Beck TD,4000.0,0.07176735436366058,,0/2,DK,0.0421455938697318,low usage,2.9424615289100835,,,,,
2026,5,2026_05_CLE_NYJ,NYJ,CLE,Kene Nwangwu,,00-0036842,RB,atd,Anytime TD,0.0961575982660996,0.5,2200.0,,0.0961575982660996,over,Kene Nwangwu TD,2200.0,0.05267933739653438,,0/1,DK,0.04560340022296545,low usage,1.2116247601202907,,,,,
2026,5,2026_05_CLE_NYJ,NYJ,CLE,Garrett Wilson,,00-0037740,WR,atd,Anytime TD,0.3523252507596692,0.5,140.0,,0.3523252507596692,over,Garrett Wilson TD,140.0,-0.06434141590699749,,2/4,DK,0.34792310863739434,,-0.15441939817679395,,,,,
2026,5,2026_05_CLE_NYJ,NYJ,CLE,Jelani Woods,,00-0037755,TE,atd,Anytime TD,0.11632991800926237,0.5,1700.0,,0.11632991800926237,over,Jelani Woods TD,1700.0,0.06077436245370682,,0/2,DK,0.05507897603485838,low usage,1.0939385241667225,,,,,
2026,5,2026_05_CLE_NYJ,NYJ,CLE,Isaiah Williams,,00-0039451,WR,atd,Anytime TD,0.16393223107713506,0.5,400.0,,0.16393223107713506,over,Isaiah Williams TD,400.0,-0.03606776892286495,,1/4,DK,0.1617007175830705,,-0.1803388446143247,,,,,
2026,5,2026_05_CLE_NYJ,NYJ,CLE,Braelon Allen,,00-0039794,RB,atd,Anytime TD,0.2730629733129621,0.5,-105.0,,0.2730629733129621,over,Braelon Allen TD,-105.0,-0.23913214863825744,,1/4,DK,0.4388074341643372,,-0.46687705210326447,,,,,
2026,5,2026_05_CLE_NYJ,NYJ,CLE,Isaiah Davis,,00-0039798,RB,atd,Anytime TD,0.09741686088459761,0.5,500.0,,0.09741686088459761,over,Isaiah Davis TD,500.0,-0.06924980578206905,,0/3,DK,0.1600877192982456,low usage,-0.41549883469241433,,,,,
2026,5,2026_05_CLE_NYJ,NYJ,CLE,Kenyon Sadiq,,00-0041032,TE,atd,Anytime TD,0.2047942112526709,0.5,210.0,,0.2047942112526709,over,Kenyon Sadiq TD,210.0,-0.11778643390861943,,2/4,DK,0.2752587620897042,,-0.36513794511672026,,,,,
2026,5,2026_05_CLE_NYJ,CLE,NYJ,Michael Burton,,00-0031595,RB,atd,Anytime TD,0.10466371211034077,0.5,3000.0,,0.10466371211034077,over,Michael Burton TD,3000.0,0.07240564759421174,,0/1,DK,0.026976233578340492,low usage,2.244575075420564,,,,,
2026,5,2026_05_CLE_NYJ,CLE,NYJ,Carsen Ryan,,00-0041131,TE,atd,Anytime TD,0.0961575982660996,0.5,4500.0,,0.0961575982660996,over,Carsen Ryan TD,4500.0,0.07441846783131699,,0/2,DK,0.024283670651645203,low usage,3.4232495202405815,,,,,
2026,5,2026_05_CLE_NYJ,CLE,NYJ,Deshaun Watson,,00-0033537,QB,atd,Anytime TD,0.2377532948815758,0.5,370.0,,0.2377532948815758,over,Deshaun Watson TD,370.0,0.024987337434767276,,0/4,DK,0.19022826017506872,,0.11744048594340617,,,,,
2026,5,2026_05_CLE_NYJ,CLE,NYJ,Jerry Jeudy,,00-0036407,WR,atd,Anytime TD,0.11834590154678476,0.5,700.0,,0.11834590154678476,over,Jerry Jeudy TD,700.0,-0.00665409845321524,,0/3,DK,0.11175213675213676,low usage,-0.05323278762572192,,,,,
2026,5,2026_05_CLE_NYJ,CLE,NYJ,Blake Whiteheart,,00-0038710,TE,atd,Anytime TD,0.11756237933637508,0.5,1000.0,,0.11756237933637508,over,Blake Whiteheart TD,1000.0,0.026653288427284164,,1/3,DK,0.07478114478114478,low usage,0.2931861727001259,,,,,
2026,5,2026_05_CLE_NYJ,CLE,NYJ,Jaleel McLaughlin,,00-0038794,RB,atd,Anytime TD,0.11025993839939897,0.5,1800.0,,0.11025993839939897,over,Jaleel McLaughlin TD,1800.0,0.057628359452030556,,1/2,DK,0.059174141991479454,low usage,1.0949388295885805,,,,,
2026,5,2026_05_CLE_NYJ,CLE,NYJ,Malachi Corley,,00-0039920,WR,atd,Anytime TD,0.09969973437877269,0.5,1800.0,,0.09969973437877269,over,Malachi Corley TD,1800.0,0.047068155431404274,,0/4,DK,0.045850737956001114,low usage,0.8942949531966811,,,,,
2026,5,2026_05_CLE_NYJ,CLE,NYJ,Raheim Sanders,,00-0040466,RB,atd,Anytime TD,0.11231746208384312,0.5,700.0,,0.11231746208384312,over,Raheim Sanders TD,700.0,-0.01268253791615688,,0/4,DK,0.1124928774928775,longshot,-0.10146030332925504,,,,,
2026,5,2026_05_CLE_NYJ,CLE,NYJ,Harold Fannin Jr.,,00-0040663,TE,atd,Anytime TD,0.28386115636463916,0.5,220.0,,0.28386115636463916,over,Harold Fannin Jr. TD,220.0,-0.028638843635360844,,2/4,DK,0.26084428024083195,,-0.09164429963315468,,,,,
2026,5,2026_05_CLE_NYJ,CLE,NYJ,Isaiah Bond,,00-0040782,WR,atd,Anytime TD,0.09513437943313106,0.5,2200.0,,0.09513437943313106,over,Isaiah Bond TD,2200.0,0.05165611856356585,,0/2,DK,0.043002433620282596,low usage,1.1880907269620145,,,,,
2026,5,2026_05_CLE_NYJ,CLE,NYJ,Quinshon Judkins,,00-0040784,RB,atd,Anytime TD,0.314081519923682,0.5,140.0,,0.314081519923682,over,Quinshon Judkins TD,140.0,-0.10258514674298469,,1/4,DK,0.36329749529637545,,-0.24620435218316328,,,,,
2026,5,2026_05_CLE_NYJ,CLE,NYJ,Denzel Boston,,00-0041037,WR,atd,Anytime TD,0.26126934957420533,0.5,190.0,,0.26126934957420533,over,Denzel Boston TD,190.0,-0.08355823663269124,,2/4,DK,0.27648519601914145,,-0.24231888623480458,,,,,
2026,5,2026_05_CLE_NYJ,CLE,NYJ,KC Concepcion,,00-0041547,WR,atd,Anytime TD,0.2901094550075831,0.5,320.0,,0.2901094550075831,over,KC Concepcion TD,320.0,0.052014216912345035,PLAY,0/4,DK,0.21143339631690564,,0.21845971103184914,,,,,
2026,5,2026_05_DEN_LAC,LAC,DEN,Brenen Thompson,,00-0041550,WR,atd,Anytime TD,0.1135431920960149,0.5,1400.0,,0.1135431920960149,over,Brenen Thompson TD,1400.0,0.04687652542934824,,0/1,DK,0.053623642439431914,longshot,0.7031478814402237,,,,,
2026,5,2026_05_DEN_LAC,LAC,DEN,Alec Ingold,,00-0035125,RB,atd,Anytime TD,0.11731392404870987,0.5,1900.0,,0.11731392404870987,over,Alec Ingold TD,1900.0,0.06731392404870987,,0/3,DK,0.04287628794207742,low usage,1.3462784809741972,,,,,
2026,5,2026_05_DEN_LAC,LAC,DEN,Hayden Rucci,,00-0039489,TE,atd,Anytime TD,0.11583046836817663,0.5,2000.0,,0.11583046836817663,over,Hayden Rucci TD,2000.0,0.06821142074912902,,0/1,DK,0.04171888053467001,low usage,1.4324398357317092,,,,,
2026,5,2026_05_DEN_LAC,LAC,DEN,Marquez Valdes-Scantling,,00-0034272,WR,atd,Anytime TD,0.11140759245213638,0.5,1100.0,,0.11140759245213638,over,Marquez Valdes-Scantling TD,1100.0,0.028074259118803055,,0/2,DK,0.07267768780926676,low usage,0.3368911094256366,,,,,
2026,5,2026_05_DEN_LAC,LAC,DEN,Justin Herbert,,00-0036355,QB,atd,Anytime TD,0.17384752974759615,0.5,500.0,,0.17384752974759615,over,Justin Herbert TD,500.0,0.007180863080929495,,0/4,DK,0.13937451437451437,,0.043085178485577025,,,,,
2026,5,2026_05_DEN_LAC,LAC,DEN,Keaton Mitchell,,00-0038454,RB,atd,Anytime TD,0.22437958269093988,0.5,270.0,,0.22437958269093988,over,Keaton Mitchell TD,270.0,-0.0458906875793304,,1/4,DK,0.23442937175331544,,-0.16979554404352237,,,,,
2026,5,2026_05_DEN_LAC,LAC,DEN,Quentin Johnston,,00-0038544,WR,atd,Anytime TD,0.17642368290585608,0.5,260.0,,0.17642368290585608,over,Quentin Johnston TD,260.0,-0.10135409487192171,,0/4,DK,0.23949704453435797,,-0.3648747415389181,,,,,
2026,5,2026_05_DEN_LAC,LAC,DEN,Derius Davis,,00-0038573,WR,atd,Anytime TD,0.09697528835552353,0.5,1300.0,,0.09697528835552353,over,Derius Davis TD,1300.0,0.02554671692695211,,0/4,DK,0.05853174603174603,low usage,0.35765403697732956,,,,,
2026,5,2026_05_DEN_LAC,LAC,DEN,Kimani Vidal,,00-0039391,RB,atd,Anytime TD,0.1205106969157903,0.5,500.0,,0.1205106969157903,over,Kimani Vidal TD,500.0,-0.04615596975087635,,1/3,DK,0.14316239316239318,,-0.27693581850525817,,,,,
2026,5,2026_05_DEN_LAC,LAC,DEN,Oronde Gadsden II,,00-0040189,TE,atd,Anytime TD,0.16221180308607075,0.5,320.0,,0.16221180308607075,over,Oronde Gadsden II TD,320.0,-0.07588343500916733,,1/4,DK,0.19863816738816742,,-0.31871042703850283,,,,,
2026,5,2026_05_DEN_LAC,LAC,DEN,Omarion Hampton,,00-0040666,RB,atd,Anytime TD,0.34348346425176174,0.5,160.0,,0.34348346425176174,over,Omarion Hampton TD,160.0,-0.0411319203636229,,3/4,DK,0.33744127528380363,,-0.10694299294541942,,,,,
2026,5,2026_05_DEN_LAC,LAC,DEN,Tre Harris,,00-0040727,WR,atd,Anytime TD,0.23534004794915275,0.5,350.0,,0.23534004794915275,over,Tre Harris TD,350.0,0.013117825726930543,,0/4,DK,0.19156220500860682,,0.0590302157711875,,,,,
2026,5,2026_05_DEN_LAC,DEN,LAC,Nate Adkins,,00-0038783,TE,atd,Anytime TD,0.1697087016035591,0.5,1200.0,,0.1697087016035591,over,Nate Adkins TD,1200.0,0.09278562468048218,,2/3,DK,0.07465084231388579,low usage,1.2062131208462685,,,,,
2026,5,2026_05_DEN_LAC,DEN,LAC,Troy Franklin,,00-0039868,WR,atd,Anytime TD,0.11461894777239161,0.5,750.0,,0.11461894777239161,over,Troy Franklin TD,750.0,-0.0030281110511378023,,0/3,DK,0.11920677361853832,low usage,-0.025738943934671354,,,,,
2026,5,2026_05_DEN_LAC,DEN,LAC,Evan Engram,,00-0033881,TE,atd,Anytime TD,0.14364483885466628,0.5,500.0,,0.14364483885466628,over,Evan Engram TD,500.0,-0.02302182781200038,,1/4,DK,0.14831349206349206,,-0.13813096687200233,,,,,
2026,5,2026_05_DEN_LAC,DEN,LAC,Courtland Sutton,,00-0034348,WR,atd,Anytime TD,0.24787707180520407,0.5,200.0,,0.24787707180520407,over,Courtland Sutton TD,200.0,-0.08545626152812924,,0/4,DK,0.28391511972020445,,-0.25636878458438783,,,,,
2026,5,2026_05_DEN_LAC,DEN,LAC,J.K. Dobbins,,00-0036158,RB,atd,Anytime TD,0.22162380020354963,0.5,135.0,,0.22162380020354963,over,J.K. Dobbins TD,135.0,-0.2039081146900674,,0/4,DK,0.36357802695401686,,-0.4791840695216584,,,,,
2026,5,2026_05_DEN_LAC,DEN,LAC,Adam Trautman,,00-0036422,TE,atd,Anytime TD,0.13846944708552994,0.5,850.0,,0.13846944708552994,over,Adam Trautman TD,850.0,0.033206289190793103,,0/2,DK,0.09405552168710063,low usage,0.31545974731253446,,,,,
2026,5,2026_05_DEN_LAC,DEN,LAC,Jaylen Waddle,,00-0036613,WR,atd,Anytime TD,0.2510264351872343,0.5,200.0,,0.2510264351872343,over,Jaylen Waddle TD,200.0,-0.08230689814609904,,1/4,DK,0.2900930487137384,,-0.24692069443829712,,,,,
2026,5,2026_05_DEN_LAC,DEN,LAC,Adam Prentice,,00-0036727,RB,atd,Anytime TD,0.10571431211306448,0.5,2200.0,,0.10571431211306448,over,Adam Prentice TD,2200.0,0.06223605124349926,,0/3,DK,0.040017651430694905,low usage,1.431429178600483,,,,,
2026,5,2026_05_DEN_LAC,DEN,LAC,Tyler Badie,,00-0037085,RB,atd,Anytime TD,0.11543123518274101,0.5,800.0,,0.11543123518274101,over,Tyler Badie TD,800.0,0.004320124071629905,,0/3,DK,0.10430999885334252,longshot,0.03888111664466898,,,,,
2026,5,2026_05_DEN_LAC,DEN,LAC,Marvin Mims Jr.,,00-0038976,WR,atd,Anytime TD,0.11316520150615574,0.5,750.0,,0.11316520150615574,over,Marvin Mims Jr. TD,750.0,-0.004481857317373675,,0/2,DK,0.11288480038480038,low usage,-0.038095787197676256,,,,,
2026,5,2026_05_DEN_LAC,DEN,LAC,Bo Nix,,00-0039732,QB,atd,Anytime TD,0.16564585823929495,0.5,380.0,,0.16564585823929495,over,Bo Nix TD,380.0,-0.04268747509403839,,1/4,DK,0.18562886866458297,,-0.2048998804513843,,,,,
2026,5,2026_05_DEN_LAC,DEN,LAC,RJ Harvey,,00-0040730,RB,atd,Anytime TD,0.22910923340315018,0.5,195.0,,0.22910923340315018,over,RJ Harvey TD,195.0,-0.10987381744430744,,0/3,DK,0.28887543718052194,,-0.324127761460707,,,,,
2026,5,2026_05_DET_ARI,ARI,DET,Kendrick Bourne,,00-0033307,WR,atd,Anytime TD,0.19361936841139377,0.5,475.0,,0.19361936841139377,over,Kendrick Bourne TD,475.0,0.0197063249331329,,0/3,DK,0.15968801313628903,,0.11331136836551425,,,,,
2026,5,2026_05_DET_ARI,ARI,DET,Jacoby Brissett,,00-0033119,QB,atd,Anytime TD,0.16224644362901172,0.5,500.0,,0.16224644362901172,over,Jacoby Brissett TD,500.0,-0.004420223037654936,,1/4,DK,0.16077651065177792,,-0.026521338225929725,,,,,
2026,5,2026_05_DET_ARI,ARI,DET,Devin Duvernay,,00-0036331,WR,atd,Anytime TD,0.10227162842295659,0.5,1600.0,,0.10227162842295659,over,Devin Duvernay TD,1600.0,0.043448099011191885,,0/4,DK,0.05675186741363212,low usage,0.738617683190262,,,,,
2026,5,2026_05_DET_ARI,ARI,DET,Simi Fehoko,,00-0036646,WR,atd,Anytime TD,0.10227162842295659,0.5,2500.0,,0.10227162842295659,over,Simi Fehoko TD,2500.0,0.06381008996141813,,0/3,DK,0.03420329670329671,low usage,1.6590623389968715,,,,,
2026,5,2026_05_DET_ARI,ARI,DET,Tyler Allgeier,,00-0037263,RB,atd,Anytime TD,0.29378579905669316,0.5,230.0,,0.29378579905669316,over,Tyler Allgeier TD,230.0,-0.009244503973609874,,1/4,DK,0.27899065211042323,,-0.03050686311291262,,,,,
2026,5,2026_05_DET_ARI,ARI,DET,Trey McBride,,00-0037744,TE,atd,Anytime TD,0.4227911528310454,0.5,115.0,,0.4227911528310454,over,Trey McBride TD,115.0,-0.04232512623872203,,2/4,DK,0.39786537751654033,,-0.09099902141325245,,,,,
2026,5,2026_05_DET_ARI,ARI,DET,Michael Wilson,,00-0038559,WR,atd,Anytime TD,0.3653785285566911,0.5,170.0,,0.3653785285566911,over,Michael Wilson TD,170.0,-0.004991841813679232,,1/4,DK,0.3280055375840368,,-0.013477972896933865,,,,,
2026,5,2026_05_DET_ARI,ARI,DET,Jalen Brooks,,00-0038640,WR,atd,Anytime TD,0.10227162842295659,0.5,1900.0,,0.10227162842295659,over,Jalen Brooks TD,1900.0,0.05227162842295659,,0/3,DK,0.04328416149068323,low usage,1.0454325684591317,,,,,
2026,5,2026_05_DET_ARI,ARI,DET,Elijah Higgins,,00-0039041,TE,atd,Anytime TD,0.14837792530510194,0.5,950.0,,0.14837792530510194,over,Elijah Higgins TD,950.0,0.053139830067006705,,1/3,DK,0.08927738927738929,low usage,0.5579682157035704,,,,,
2026,5,2026_05_DET_ARI,ARI,DET,Marvin Harrison Jr.,,00-0039849,WR,atd,Anytime TD,0.14720668833650183,0.5,350.0,,0.14720668833650183,over,Marvin Harrison Jr. TD,350.0,-0.07501553388572038,,1/4,DK,0.2152970926639091,,-0.3375699024857418,,,,,
2026,5,2026_05_DET_ARI,ARI,DET,Jeremiyah Love,,00-0041027,RB,atd,Anytime TD,0.4300815892876757,0.5,-125.0,,0.4300815892876757,over,Jeremiyah Love TD,-125.0,-0.12547396626787988,,2/4,DK,0.47143229808578824,,-0.22585313928218376,,,,,
2026,5,2026_05_DET_ARI,DET,ARI,Jackson Meeks,,00-0040390,WR,atd,Anytime TD,0.12923615379944908,0.5,1600.0,,0.12923615379944908,over,Jackson Meeks TD,1600.0,0.07041262438768438,,0/1,DK,0.04654520005219268,low usage,1.1970146145906346,,,,,
2026,5,2026_05_DET_ARI,DET,ARI,Jared Goff,,00-0033106,QB,atd,Anytime TD,0.15527904816162993,0.5,1800.0,,0.15527904816162993,over,Jared Goff TD,1800.0,0.10264746921426152,,0/4,DK,0.06119128466327108,low usage,1.9503019150709688,,,,,
2026,5,2026_05_DET_ARI,DET,ARI,Tom Kennedy,,00-0035544,WR,atd,Anytime TD,0.1310396728141985,0.5,1800.0,,0.1310396728141985,over,Tom Kennedy TD,1800.0,0.07840809386683009,,0/4,DK,0.045295428112765566,low usage,1.4897537834697716,,,,,
2026,5,2026_05_DET_ARI,DET,ARI,Brock Wright,,00-0036754,TE,atd,Anytime TD,0.15177002236247178,0.5,600.0,,0.15177002236247178,over,Brock Wright TD,600.0,0.00891287950532893,,0/4,DK,0.11331953071083505,low usage,0.0623901565373024,,,,,
2026,5,2026_05_DET_ARI,DET,ARI,Amon-Ra St. Brown,,00-0036963,WR,atd,Anytime TD,0.4905099042673405,0.5,-150.0,,0.4905099042673405,over,Amon-Ra St. Brown TD,-150.0,-0.1094900957326595,,3/4,DK,0.5004651208372956,,-0.18248349288776589,,,,,
2026,5,2026_05_DET_ARI,DET,ARI,Jameson Williams,,00-0037240,WR,atd,Anytime TD,0.3516442624072646,0.5,170.0,,0.3516442624072646,over,Jameson Williams TD,170.0,-0.018726107963105754,,0/4,DK,0.30556269591357316,,-0.05056049150038555,,,,,
2026,5,2026_05_DET_ARI,DET,ARI,Tay Martin,,00-0037524,WR,atd,Anytime TD,0.1310396728141985,0.5,3000.0,,0.1310396728141985,over,Tay Martin TD,3000.0,0.09878160829806948,,0/3,DK,0.02951749479918033,low usage,3.062229857240154,,,,,
2026,5,2026_05_DET_ARI,DET,ARI,Jacob Saylors,,00-0038896,RB,atd,Anytime TD,0.1310396728141985,0.5,1900.0,,0.1310396728141985,over,Jacob Saylors TD,1900.0,0.08103967281419851,,0/4,DK,0.0362962962962963,low usage,1.62079345628397,,,,,
2026,5,2026_05_DET_ARI,DET,ARI,Sam LaPorta,,00-0039065,TE,atd,Anytime TD,0.3658749847191403,0.5,170.0,,0.3658749847191403,over,Sam LaPorta TD,170.0,-0.004495385651230033,,2/4,DK,0.3210615671307495,,-0.012137541258321116,,,,,
2026,5,2026_05_DET_ARI,DET,ARI,Jahmyr Gibbs,,00-0039139,RB,atd,Anytime TD,0.6030871507698478,0.5,-450.0,,0.6030871507698478,over,Jahmyr Gibbs TD,-450.0,-0.21509466741197047,,4/4,DK,0.6857022607022607,,-0.2628934823924083,,,,,
2026,5,2026_05_DET_ARI,DET,ARI,Sione Vaki,,00-0039364,RB,atd,Anytime TD,0.15915293074595915,0.5,600.0,,0.15915293074595915,over,Sione Vaki TD,600.0,0.016295787888816304,,0/4,DK,0.12097763347763346,,0.11407051522171407,,,,,
2026,5,2026_05_DET_ARI,DET,ARI,Isaac TeSlaa,,00-0040669,WR,atd,Anytime TD,0.2342571383576526,0.5,400.0,,0.2342571383576526,over,Isaac TeSlaa TD,400.0,0.034257138357652595,LEAN,0/4,DK,0.1772079772079772,,0.17128569178826303,,,,,
2026,5,2026_05_HOU_TEN,TEN,HOU,Tony Pollard,,00-0035261,RB,atd,Anytime TD,0.3147970679211024,0.5,215.0,,0.3147970679211024,over,Tony Pollard TD,215.0,-0.00266324953921504,,1/4,DK,0.267394891050805,,-0.008389236048527482,,,,,
2026,5,2026_05_HOU_TEN,TEN,HOU,Wan'Dale Robinson,,00-0038117,WR,atd,Anytime TD,0.18774112851436703,0.5,450.0,,0.18774112851436703,over,Wan'Dale Robinson TD,450.0,0.005922946696185205,,2/4,DK,0.1691939524065128,,0.03257620682901874,,,,,
2026,5,2026_05_HOU_TEN,TEN,HOU,Cam Ward,,00-0040676,QB,atd,Anytime TD,0.15263215229880991,0.5,550.0,,0.15263215229880991,over,Cam Ward TD,550.0,-0.0012140015473439403,,1/4,DK,0.12686202686202686,,-0.007891010057735515,,,,,
2026,5,2026_05_HOU_TEN,TEN,HOU,Carnell Tate,,00-0041438,WR,atd,Anytime TD,0.2482552589215383,0.5,290.0,,0.2482552589215383,over,Carnell Tate TD,290.0,-0.008154997488718091,,0/4,DK,0.21020081995691753,,-0.031804490206000624,,,,,
2026,5,2026_05_HOU_TEN,HOU,TEN,David Montgomery,,00-0035685,RB,atd,Anytime TD,0.327953002575071,0.5,-110.0,,0.327953002575071,over,David Montgomery TD,-110.0,-0.19585652123445285,,1/4,DK,0.44118495442482986,,-0.3739079041748644,,,,,
2026,5,2026_05_HOU_TEN,HOU,TEN,Nico Collins,,00-0036554,WR,atd,Anytime TD,0.3682013510832863,0.5,115.0,,0.3682013510832863,over,Nico Collins TD,115.0,-0.09691492798648116,,2/2,DK,0.3796774083760724,,-0.20836709517093455,,,,,
2026,5,2026_05_HOU_TEN,HOU,TEN,C.J. Stroud,,00-0039163,QB,atd,Anytime TD,0.14973316612819335,0.5,650.0,,0.14973316612819335,over,C.J. Stroud TD,650.0,0.016399832794860014,,0/4,DK,0.12971202570757634,low usage,0.1229987459614501,,,,,
2026,5,2026_05_HOU_TEN,HOU,TEN,Woody Marks,,00-0040583,RB,atd,Anytime TD,0.2640498385961722,0.5,150.0,,0.2640498385961722,over,Woody Marks TD,150.0,-0.13595016140382782,,2/4,DK,0.3502238502238502,,-0.33987540350956946,,,,,
2026,5,2026_05_IND_PIT,PIT,IND,Riley Nowakowski,,00-0041398,RB,atd,Anytime TD,0.10422964492565186,0.5,3500.0,,0.10422964492565186,over,Riley Nowakowski TD,3500.0,0.07645186714787408,,0/1,DK,0.030757237813065236,low usage,2.752267217323467,,,,,
2026,5,2026_05_IND_PIT,PIT,IND,Eli Heidenreich,,00-0041490,RB,atd,Anytime TD,0.10422964492565186,0.5,1900.0,,0.10422964492565186,over,Eli Heidenreich TD,1900.0,0.054229644925651854,,0/2,DK,0.044529727095516565,low usage,1.084592898513037,,,,,
2026,5,2026_05_IND_PIT,PIT,IND,Robert Tonyan,,00-0033757,TE,atd,Anytime TD,0.10422964492565186,0.5,3000.0,,0.10422964492565186,over,Robert Tonyan TD,3000.0,0.07197158040952283,,0/1,DK,0.03242285667202242,low usage,2.2311189926952077,,,,,
2026,5,2026_05_IND_PIT,PIT,IND,Aaron Rodgers,,00-0023459,QB,atd,Anytime TD,0.1410995178112071,0.5,1000.0,,0.1410995178112071,over,Aaron Rodgers TD,1000.0,0.0501904269021162,,0/4,DK,0.06983901515151515,low usage,0.5520946959232782,,,,,
2026,5,2026_05_IND_PIT,PIT,IND,Travis Homer,,00-0035594,RB,atd,Anytime TD,0.13700342701246568,0.5,1100.0,,0.13700342701246568,over,Travis Homer TD,1100.0,0.05367009367913235,,0/3,DK,0.06779100529100529,low usage,0.644041124149588,,,,,
2026,5,2026_05_IND_PIT,PIT,IND,DK Metcalf,,00-0035640,WR,atd,Anytime TD,0.3007354214824571,0.5,160.0,,0.3007354214824571,over,DK Metcalf TD,160.0,-0.08387996313292756,,1/4,DK,0.31959881056839234,,-0.21808790414561152,,,,,
2026,5,2026_05_IND_PIT,PIT,IND,Michael Pittman,,00-0036252,WR,atd,Anytime TD,0.16544328574335448,0.5,400.0,,0.16544328574335448,over,Michael Pittman TD,400.0,-0.03455671425664553,,0/3,DK,0.1823489558424996,,-0.17278357128322752,,,,,
2026,5,2026_05_IND_PIT,PIT,IND,Ben Skowronek,,00-0036862,WR,atd,Anytime TD,0.11972501368831025,0.5,1400.0,,0.11972501368831025,over,Ben Skowronek TD,1400.0,0.05305834702164358,,1/3,DK,0.06279761904761905,low usage,0.7958752053246536,,,,,
2026,5,2026_05_IND_PIT,PIT,IND,Pat Freiermuth,,00-0036894,TE,atd,Anytime TD,0.20705503958215282,0.5,280.0,,0.20705503958215282,over,Pat Freiermuth TD,280.0,-0.05610285515468927,,2/4,DK,0.21929824561403508,,-0.2131908495878193,,,,,
2026,5,2026_05_IND_PIT,PIT,IND,Jaylen Warren,,00-0037228,RB,atd,Anytime TD,0.46379632772335905,0.5,-140.0,,0.46379632772335905,over,Jaylen Warren TD,-140.0,-0.11953700560997432,,0/4,DK,0.46785936646823023,,-0.20492058104567012,,,,,
2026,5,2026_05_IND_PIT,PIT,IND,Darnell Washington,,00-0038558,TE,atd,Anytime TD,0.1583990876751019,0.5,340.0,,0.1583990876751019,over,Darnell Washington TD,340.0,-0.06887363959762535,,1/4,DK,0.2168840301751694,,-0.3030440142295515,,,,,
2026,5,2026_05_IND_PIT,PIT,IND,Roman Wilson,,00-0039739,WR,atd,Anytime TD,0.17456062387936694,0.5,360.0,,0.17456062387936694,over,Roman Wilson TD,360.0,-0.04283068046845914,,2/4,DK,0.1863320600681571,,-0.19702113015491218,,,,,
2026,5,2026_05_IND_PIT,PIT,IND,Kaden Wetjen,,00-0041397,WR,atd,Anytime TD,0.10558226910335866,0.5,1900.0,,0.10558226910335866,over,Kaden Wetjen TD,1900.0,0.05558226910335866,,0/4,DK,0.0491593567251462,low usage,1.1116453820671732,,,,,
2026,5,2026_05_IND_PIT,PIT,IND,Germie Bernard,,00-0041489,WR,atd,Anytime TD,0.1547887011745939,0.5,1000.0,,0.1547887011745939,over,Germie Bernard TD,1000.0,0.06387961026550298,,0/3,DK,0.09086399711399712,longshot,0.7026757129205328,,,,,
2026,5,2026_05_IND_PIT,IND,PIT,Keenan Allen,,00-0030279,WR,atd,Anytime TD,0.21064186425685122,0.5,400.0,,0.21064186425685122,over,Keenan Allen TD,400.0,0.010641864256851208,,1/3,DK,0.17491948470209343,,0.05320932128425615,,,,,
2026,5,2026_05_IND_PIT,IND,PIT,Mo Alie-Cox,,00-0033217,TE,atd,Anytime TD,0.1281896149031182,0.5,1900.0,,0.1281896149031182,over,Mo Alie-Cox TD,1900.0,0.0781896149031182,,0/1,DK,0.04684454191033138,low usage,1.563792298062364,,,,,
2026,5,2026_05_IND_PIT,IND,PIT,Laquon Treadwell,,00-0032951,WR,atd,Anytime TD,0.14382690717093558,0.5,500.0,,0.14382690717093558,over,Laquon Treadwell TD,500.0,-0.022839759495731082,,0/4,DK,0.13831967213114754,low usage,-0.1370385569743866,,,,,
2026,5,2026_05_IND_PIT,IND,PIT,Ashton Dulin,,00-0035021,WR,atd,Anytime TD,0.11872485445097529,0.5,500.0,,0.11872485445097529,over,Ashton Dulin TD,500.0,-0.04794181221569137,,0/2,DK,0.13020833333333334,longshot,-0.2876508732941483,,,,,
2026,5,2026_05_IND_PIT,IND,PIT,Daniel Jones,,00-0035710,QB,atd,Anytime TD,0.1367491220750014,0.5,500.0,,0.1367491220750014,over,Daniel Jones TD,500.0,-0.029917544591665263,,1/4,DK,0.14065656565656567,low usage,-0.17950526754999163,,,,,
2026,5,2026_05_IND_PIT,IND,PIT,Jonathan Taylor,,00-0036223,RB,atd,Anytime TD,0.38166983600341825,0.5,-190.0,,0.38166983600341825,over,Jonathan Taylor TD,-190.0,-0.2735025777896852,,3/4,DK,0.5851991667726338,,-0.41745130294215116,,,,,
2026,5,2026_05_IND_PIT,IND,PIT,Josh Downs,,00-0038997,WR,atd,Anytime TD,0.23333452300322033,0.5,210.0,,0.23333452300322033,over,Josh Downs TD,210.0,-0.08924612215806998,,0/4,DK,0.2657154673283706,,-0.276662978690017,,,,,
2026,5,2026_05_IND_PIT,IND,PIT,Anthony Gould,,00-0039816,WR,atd,Anytime TD,0.10200890724676519,0.5,1700.0,,0.10200890724676519,over,Anthony Gould TD,1700.0,0.046453351691209635,,0/3,DK,0.04677583593824003,low usage,0.8361603304417733,,,,,
2026,5,2026_05_IND_PIT,IND,PIT,Tyler Warren,,00-0040128,TE,atd,Anytime TD,0.23924045528406807,0.5,195.0,,0.23924045528406807,over,Tyler Warren TD,195.0,-0.09974259556338955,,2/4,DK,0.2994083136829802,,-0.2942406569119992,,,,,
2026,5,2026_05_IND_PIT,IND,PIT,Seth McGowan,,00-0041125,RB,atd,Anytime TD,0.11862467578653624,0.5,1000.0,,0.11862467578653624,over,Seth McGowan TD,1000.0,0.027715584877445326,,0/4,DK,0.0888047138047138,longshot,0.3048714336518987,,,,,
2026,5,2026_05_IND_PIT,IND,PIT,Deion Burks,,00-0041132,WR,atd,Anytime TD,0.10195960282659189,0.5,1700.0,,0.10195960282659189,over,Deion Burks TD,1700.0,0.046404047271036336,,0/2,DK,0.051606753812636165,low usage,0.835272850878654,,,,,
2026,5,2026_05_LV_NE,NE,LV,Hunter Henry,,00-0033090,TE,atd,Anytime TD,0.2042913433299163,0.5,190.0,,0.2042913433299163,over,Hunter Henry TD,190.0,-0.14053624287698027,,0/4,DK,0.278402193948658,,-0.4075551043432427,,,,,
2026,5,2026_05_LV_NE,NE,LV,Rhamondre Stevenson,,00-0036875,RB,atd,Anytime TD,0.3766431428362315,0.5,-105.0,,0.3766431428362315,over,Rhamondre Stevenson TD,-105.0,-0.135551979114988,,1/4,DK,0.46843824705395526,,-0.2646491020816433,,,,,
2026,5,2026_05_LV_NE,NE,LV,Romeo Doubs,,00-0037816,WR,atd,Anytime TD,0.2441932455738486,0.5,170.0,,0.2441932455738486,over,Romeo Doubs TD,170.0,-0.12617712479652174,,1/4,DK,0.29934721848563656,,-0.3406782369506087,,,,,
2026,5,2026_05_LV_NE,NE,LV,DeMario Douglas,,00-0038621,WR,atd,Anytime TD,0.1944415048928574,0.5,310.0,,0.1944415048928574,over,DeMario Douglas TD,310.0,-0.04946093413153285,,0/4,DK,0.19663580893897917,,-0.20278982993928474,,,,,
2026,5,2026_05_LV_NE,NE,LV,Drake Maye,,00-0039851,QB,atd,Anytime TD,0.25236482613138883,0.5,400.0,,0.25236482613138883,over,Drake Maye TD,400.0,0.05236482613138882,PLAY,0/4,DK,0.1866350580636295,,0.2618241306569442,,,,,
2026,5,2026_05_LV_NE,NE,LV,Kyle Williams,,00-0040131,WR,atd,Anytime TD,0.11935752764594225,0.5,650.0,,0.11935752764594225,over,Kyle Williams TD,650.0,-0.013975805687391082,,0/4,DK,0.1127692456292862,low usage,-0.10481854265543311,,,,,
2026,5,2026_05_LV_NE,NE,LV,Efton Chism III,,00-0040563,WR,atd,Anytime TD,0.15842171819430212,0.5,500.0,,0.15842171819430212,over,Efton Chism III TD,500.0,-0.008244948472364538,,1/3,DK,0.13392857142857142,low usage,-0.049469690834187285,,,,,
2026,5,2026_05_LV_NE,NE,LV,TreVeyon Henderson,,00-0040734,RB,atd,Anytime TD,0.3567638220237036,0.5,115.0,,0.3567638220237036,over,TreVeyon Henderson TD,115.0,-0.10835245704606383,,1/3,DK,0.45262859520604687,,-0.23295778264903733,,,,,
2026,5,2026_05_LV_NE,NE,LV,Eli Raridon,,00-0041395,TE,atd,Anytime TD,0.16409242246980618,0.5,600.0,,0.16409242246980618,over,Eli Raridon TD,600.0,0.021235279612663333,,1/3,DK,0.11706349206349206,low usage,0.1486469572886433,,,,,
2026,5,2026_05_LV_NE,LV,NE,Kirk Cousins,,00-0029604,QB,atd,Anytime TD,0.14102020982636254,0.5,1800.0,,0.14102020982636254,over,Kirk Cousins TD,1800.0,0.08838863087899412,,0/4,DK,0.0491593567251462,longshot,1.6793839867008882,,,,,
2026,5,2026_05_LV_NE,LV,NE,Ian Thomas,,00-0034365,TE,atd,Anytime TD,0.12610768797230468,0.5,2500.0,,0.12610768797230468,over,Ian Thomas TD,2500.0,0.08764614951076621,,1/2,DK,0.04380341880341881,low usage,2.2787998872799218,,,,,
2026,5,2026_05_LV_NE,LV,NE,Cody White,,00-0035891,WR,atd,Anytime TD,0.17594258292706064,0.5,500.0,,0.17594258292706064,over,Cody White TD,500.0,0.00927591626039398,,2/4,DK,0.1320662768031189,low usage,0.055655497562363765,,,,,
2026,5,2026_05_LV_NE,LV,NE,Dareke Young,,00-0037093,WR,atd,Anytime TD,0.09547621985200304,0.5,1600.0,,0.09547621985200304,over,Dareke Young TD,1600.0,0.036652690440238334,,0/4,DK,0.04831932773109244,low usage,0.6230957374840516,,,,,
2026,5,2026_05_LV_NE,LV,NE,Tre Tucker,,00-0038563,WR,atd,Anytime TD,0.2262739836230054,0.5,330.0,,0.2262739836230054,over,Tre Tucker TD,330.0,-0.006284155911878309,,1/4,DK,0.20342928719984874,,-0.027021870421076732,,,,,
2026,5,2026_05_LV_NE,LV,NE,Michael Mayer,,00-0039066,TE,atd,Anytime TD,0.2619721841740611,0.5,390.0,,0.2619721841740611,over,Michael Mayer TD,390.0,0.05789055152099987,PLAY,1/4,DK,0.1724477203343981,,0.2836637024528994,,,,,
2026,5,2026_05_LV_NE,LV,NE,Brock Bowers,,00-0039338,TE,atd,Anytime TD,0.37091407020907824,0.5,145.0,,0.37091407020907824,over,Brock Bowers TD,145.0,-0.03724919509704422,,2/2,DK,0.34618013872215553,,-0.0912605279877583,,,,,
2026,5,2026_05_LV_NE,LV,NE,Ashton Jeanty,,00-0040122,RB,atd,Anytime TD,0.4374381577777039,0.5,-120.0,,0.4374381577777039,over,Ashton Jeanty TD,-120.0,-0.10801638767684152,,1/4,DK,0.4575029575029575,,-0.19803004407420943,,,,,
2026,5,2026_05_LV_NE,LV,NE,Mike Washington Jr.,,00-0040878,RB,atd,Anytime TD,0.16926060865712036,0.5,550.0,,0.16926060865712036,over,Mike Washington Jr. TD,550.0,0.01541445481096651,,1/4,DK,0.1452425195349724,,0.10019395627128236,,,,,
2026,5,2026_05_LV_NE,LV,NE,Malik Benson,,00-0040894,WR,atd,Anytime TD,0.09650272324142889,0.5,700.0,,0.09650272324142889,over,Malik Benson TD,700.0,-0.02849727675857111,,0/4,DK,0.10437091503267974,low usage,-0.22797821406856889,,,,,
2026,5,2026_05_MIN_NO,NO,MIN,Kevin Austin Jr.,,00-0037231,WR,atd,Anytime TD,0.09200711047351423,0.5,1600.0,,0.09200711047351423,over,Kevin Austin Jr. TD,1600.0,0.033183581061749526,,0/1,DK,0.05228758169934641,low usage,0.564120878049742,,,,,
2026,5,2026_05_MIN_NO,NO,MIN,Noah Fant,,00-0035644,TE,atd,Anytime TD,0.22777812929532346,0.5,550.0,,0.22777812929532346,over,Noah Fant TD,550.0,0.0739319754491696,HAMMER,2/3,DK,0.12820512820512822,,0.4805578404196025,,,,,
2026,5,2026_05_MIN_NO,NO,MIN,Alvin Kamara,,00-0033906,RB,atd,Anytime TD,0.2589079330272327,0.5,175.0,,0.2589079330272327,over,Alvin Kamara TD,175.0,-0.10472843060913095,,1/3,DK,0.3409090909090909,,-0.28800318417511006,,,,,
2026,5,2026_05_MIN_NO,NO,MIN,Juwan Johnson,,00-0036040,TE,atd,Anytime TD,0.25371110634705896,0.5,290.0,,0.25371110634705896,over,Juwan Johnson TD,290.0,-0.0026991500631974308,,2/4,DK,0.2199074074074074,,-0.010526685246470047,,,,,
2026,5,2026_05_MIN_NO,NO,MIN,Chris Olave,,00-0037239,WR,atd,Anytime TD,0.3184661297087113,0.5,195.0,,0.3184661297087113,over,Chris Olave TD,195.0,-0.020516921138746314,,1/4,DK,0.2900524616626312,,-0.060524917359301655,,,,,
2026,5,2026_05_MIN_NO,NO,MIN,Kendre Miller,,00-0038551,RB,atd,Anytime TD,0.15958922538075468,0.5,360.0,,0.15958922538075468,over,Kendre Miller TD,360.0,-0.0578020789670714,,1/3,DK,0.18861892583120207,,-0.2658895632485285,,,,,
2026,5,2026_05_MIN_NO,NO,MIN,Devaughn Vele,,00-0039424,WR,atd,Anytime TD,0.2619920177898098,0.5,350.0,,0.2619920177898098,over,Devaughn Vele TD,350.0,0.039769795567587585,LEAN,2/4,DK,0.19675925925925927,,0.1789640800541441,,,,,
2026,5,2026_05_MIN_NO,NO,MIN,Treyton Welch,,00-0039518,TE,atd,Anytime TD,0.09300015090360768,0.5,1600.0,,0.09300015090360768,over,Treyton Welch TD,1600.0,0.03417662149184297,,0/2,DK,,low usage,0.5810025653613304,,,,,
2026,5,2026_05_MIN_NO,NO,MIN,Tyler Shough,,00-0040743,QB,atd,Anytime TD,0.15390368054708164,0.5,320.0,,0.15390368054708164,over,Tyler Shough TD,320.0,-0.08419155754815644,,1/4,DK,0.20337301587301587,,-0.3536045417022571,,,,,
2026,5,2026_05_MIN_NO,NO,MIN,Oscar Delp,,00-0041041,TE,atd,Anytime TD,0.10415944385325172,0.5,550.0,,0.10415944385325172,over,Oscar Delp TD,550.0,-0.04968670999290213,,0/2,DK,0.12820512820512822,low usage,-0.32296361495386383,,,,,
2026,5,2026_05_MIN_NO,NO,MIN,Bryce Lance,,00-0041067,WR,atd,Anytime TD,0.1297328743474884,0.5,700.0,,0.1297328743474884,over,Bryce Lance TD,700.0,0.004732874347488397,,0/4,DK,0.10416666666666667,,0.03786299477990718,,,,,
2026,5,2026_05_MIN_NO,NO,MIN,Barion Brown,,00-0041099,WR,atd,Anytime TD,0.09300015090360768,0.5,1500.0,,0.09300015090360768,over,Barion Brown TD,1500.0,0.03050015090360768,,0/3,DK,0.05381944444444444,low usage,0.48800241445772286,,,,,
2026,5,2026_05_MIN_NO,NO,MIN,CJ Donaldson,,00-0041326,RB,atd,Anytime TD,0.12137942728881164,0.5,650.0,,0.12137942728881164,over,CJ Donaldson TD,650.0,-0.011953906044521692,,0/4,DK,0.125,low usage,-0.08965429533391267,,,,,
2026,5,2026_05_MIN_NO,MIN,NO,Justin Jefferson,,00-0036322,WR,atd,Anytime TD,0.2025111432441764,0.5,175.0,,0.2025111432441764,over,Justin Jefferson TD,175.0,-0.16112522039218724,,1/3,DK,0.3409090909090909,,-0.4430943560785149,,,,,
2026,5,2026_05_MIN_NO,MIN,NO,Aaron Jones,,00-0033293,RB,atd,Anytime TD,0.416972523293703,0.5,-135.0,,0.416972523293703,over,Aaron Jones TD,-135.0,-0.15749556181268004,,1/4,DK,0.49997343745849604,,-0.2741589409331837,,,,,
2026,5,2026_05_MIN_NO,MIN,NO,Kyler Murray,,00-0035228,QB,atd,Anytime TD,0.16210819713415991,0.5,425.0,,0.16210819713415991,over,Kyler Murray TD,425.0,-0.02836799334203055,,0/3,DK,0.1766555678875324,,-0.14893196504566042,,,,,
2026,5,2026_05_MIN_NO,MIN,NO,T.J. Hockenson,,00-0035229,TE,atd,Anytime TD,0.28339714272095445,0.5,310.0,,0.28339714272095445,over,T.J. Hockenson TD,310.0,0.039494703696564215,LEAN,1/4,DK,0.2535273368606702,,0.16192828515591318,,,,,
2026,5,2026_05_MIN_NO,MIN,NO,Jauan Jennings,,00-0036259,WR,atd,Anytime TD,0.14589110961320959,0.5,550.0,,0.14589110961320959,over,Jauan Jennings TD,550.0,-0.00795504423294427,,0/3,DK,0.16826923076923078,low usage,-0.05170778751413774,,,,,
2026,5,2026_05_MIN_NO,MIN,NO,DeeJay Dallas,,00-0036425,RB,atd,Anytime TD,0.09594429206710356,0.5,1200.0,,0.09594429206710356,over,DeeJay Dallas TD,1200.0,0.019021215144026632,,0/4,DK,0.06677350427350427,low usage,0.24727579687234624,,,,,
2026,5,2026_05_MIN_NO,MIN,NO,Jordan Addison,,00-0038994,WR,atd,Anytime TD,0.24277911440250322,0.5,240.0,,0.24277911440250322,over,Jordan Addison TD,240.0,-0.051338532656320324,,1/4,DK,0.29616013071895425,,-0.17455101103148907,,,,,
2026,5,2026_05_MIN_NO,MIN,NO,Gavin Bartholomew,,00-0040215,TE,atd,Anytime TD,0.10603472545228682,0.5,1500.0,,0.10603472545228682,over,Gavin Bartholomew TD,1500.0,0.043534725452286815,,0/1,DK,0.06076388888888888,low usage,0.696555607236589,,,,,
2026,5,2026_05_MIN_NO,MIN,NO,Demond Claiborne,,00-0041104,RB,atd,Anytime TD,0.09697528835552353,0.5,1000.0,,0.09697528835552353,over,Demond Claiborne TD,1000.0,0.006066197446432622,,0/3,DK,0.08996212121212122,low usage,0.06672817191075886,,,,,
2026,5,2026_05_NYG_WAS,NYG,WAS,Isaiah Likely,,00-0037838,TE,atd,Anytime TD,0.278775013927909,0.5,275.0,,0.278775013927909,over,Isaiah Likely TD,275.0,0.012108347261242325,,1/4,DK,0.22372372372372376,,0.04540630222965869,,,,,
2026,5,2026_05_NYG_WAS,NYG,WAS,Malik Nabers,,00-0039337,WR,atd,Anytime TD,0.2303089096375305,0.5,180.0,,0.2303089096375305,over,Malik Nabers TD,180.0,-0.12683394750532664,,1/4,DK,0.3031305114638448,,-0.35513505301491466,,,,,
2026,5,2026_05_NYG_WAS,NYG,WAS,Cam Skattebo,,00-0040715,RB,atd,Anytime TD,0.39814438259007773,0.5,-110.0,,0.39814438259007773,over,Cam Skattebo TD,-110.0,-0.1256651412194461,,1/4,DK,0.44115692961863845,,-0.23990617869166975,,,,,
2026,5,2026_05_PHI_JAX,JAX,PHI,Ameer Abdullah,,00-0032104,RB,atd,Anytime TD,0.11140336727090222,0.5,1200.0,,0.11140336727090222,over,Ameer Abdullah TD,1200.0,0.03448029034782529,,0/4,DK,0.07186609686609688,longshot,0.4482437745217289,,,,,
2026,5,2026_05_PHI_JAX,JAX,PHI,Jakobi Meyers,,00-0034960,WR,atd,Anytime TD,0.2933908297341797,0.5,280.0,,0.2933908297341797,over,Jakobi Meyers TD,280.0,0.03023293499733759,LEAN,2/4,DK,0.23240897943784192,,0.11488515298988267,,,,,
2026,5,2026_05_PHI_JAX,JAX,PHI,Quintin Morris,,00-0036590,TE,atd,Anytime TD,0.12674928516452538,0.5,1700.0,,0.12674928516452538,over,Quintin Morris TD,1700.0,0.07119372960896983,,0/3,DK,0.05031676413255361,low usage,1.2814871329614568,,,,,
2026,5,2026_05_PHI_JAX,JAX,PHI,Trevor Lawrence,,00-0036971,QB,atd,Anytime TD,0.1522018163606566,0.5,300.0,,0.1522018163606566,over,Trevor Lawrence TD,300.0,-0.0977981836393434,,0/4,DK,0.2238542721268346,low usage,-0.3911927345573736,,,,,
2026,5,2026_05_PHI_JAX,JAX,PHI,Parker Washington,,00-0038606,WR,atd,Anytime TD,0.3505167388402936,0.5,160.0,,0.3505167388402936,over,Parker Washington TD,160.0,-0.03409864577509103,,2/4,DK,0.32876131221719457,,-0.08865647901523654,,,,,
2026,5,2026_05_PHI_JAX,JAX,PHI,Chris Rodriguez Jr.,,00-0038611,RB,atd,Anytime TD,0.24808479687695306,0.5,300.0,,0.24808479687695306,over,Chris Rodriguez Jr. TD,300.0,-0.001915203123046938,,2/4,DK,0.21545584045584043,,-0.007660812492187752,,,,,
2026,5,2026_05_PHI_JAX,JAX,PHI,Brenton Strange,,00-0038935,TE,atd,Anytime TD,0.2699090612506056,0.5,310.0,,0.2699090612506056,over,Brenton Strange TD,310.0,0.02600662222621536,,1/4,DK,0.20851599447367022,,0.10662715112748278,,,,,
2026,5,2026_05_PHI_JAX,JAX,PHI,Brian Thomas Jr.,,00-0039893,WR,atd,Anytime TD,0.18709411360605277,0.5,350.0,,0.18709411360605277,over,Brian Thomas Jr. TD,350.0,-0.03512810861616944,,1/4,DK,0.1923076923076923,,-0.1580764887727626,,,,,
2026,5,2026_05_PHI_JAX,JAX,PHI,LeQuint Allen Jr.,,00-0040238,RB,atd,Anytime TD,0.1102377039096075,0.5,1200.0,,0.1102377039096075,over,LeQuint Allen Jr. TD,1200.0,0.03331462698653058,,0/3,DK,0.06534697940947942,low usage,0.43309015082489766,,,,,
2026,5,2026_05_PHI_JAX,JAX,PHI,Bhayshul Tuten,,00-0040719,RB,atd,Anytime TD,0.42375381092899317,0.5,-105.0,,0.42375381092899317,over,Bhayshul Tuten TD,-105.0,-0.08844131102222635,,2/4,DK,0.4401783135921647,,-0.17267113104339427,,,,,
2026,5,2026_05_PHI_JAX,JAX,PHI,Josh Cameron,,00-0041100,WR,atd,Anytime TD,0.15412033604556968,0.5,650.0,,0.15412033604556968,over,Josh Cameron TD,650.0,0.020787002712236352,,2/4,DK,0.11727729885057471,low usage,0.15590252034177254,,,,,
2026,5,2026_05_PHI_JAX,JAX,PHI,Nate Boerkircher,,00-0041503,TE,atd,Anytime TD,0.13095976740739876,0.5,850.0,,0.13095976740739876,over,Nate Boerkircher TD,850.0,0.025696609512661922,,0/3,DK,0.08535321035321035,low usage,0.24411779037028825,,,,,
2026,5,2026_05_PHI_JAX,PHI,JAX,Zach Ertz,,00-0030061,TE,atd,Anytime TD,0.11168260930813649,0.5,600.0,,0.11168260930813649,over,Zach Ertz TD,600.0,-0.03117453354900636,,0/2,DK,0.12871387871387874,longshot,-0.21822173484304452,,,,,
2026,5,2026_05_PHI_JAX,PHI,JAX,Johnny Mundt,,00-0033246,TE,atd,Anytime TD,0.11915553170887352,0.5,1100.0,,0.11915553170887352,over,Johnny Mundt TD,1100.0,0.035822198375540196,,0/3,DK,0.0752497804128239,low usage,0.4298663805064824,,,,,
2026,5,2026_05_PHI_JAX,PHI,JAX,Jalen Hurts,,00-0036389,QB,atd,Anytime TD,0.14749832293677975,0.5,185.0,,0.14749832293677975,over,Jalen Hurts TD,185.0,-0.20337887004567637,,1/4,DK,0.29253040794075585,,-0.5796297796301777,,,,,
2026,5,2026_05_PHI_JAX,PHI,JAX,Britain Covey,,00-0037132,WR,atd,Anytime TD,0.09162248352968944,0.5,1800.0,,0.09162248352968944,over,Britain Covey TD,1800.0,0.03899090458232102,,0/4,DK,0.045077972709551654,low usage,0.7408271870640992,,,,,
2026,5,2026_05_PHI_JAX,PHI,JAX,Dontayvion Wicks,,00-0038393,WR,atd,Anytime TD,0.17055361512016823,0.5,300.0,,0.17055361512016823,over,Dontayvion Wicks TD,300.0,-0.07944638487983177,,1/4,DK,0.21194526380347625,,-0.3177855395193271,,,,,
2026,5,2026_05_PHI_JAX,PHI,JAX,E.J. Jenkins,,00-0038498,TE,atd,Anytime TD,0.10031135294191179,0.5,3000.0,,0.10031135294191179,over,E.J. Jenkins TD,3000.0,0.06805328842578276,,0/2,DK,0.03129105090311987,low usage,2.1096519411992656,,,,,
2026,5,2026_05_PHI_JAX,PHI,JAX,Will Shipley,,00-0039746,RB,atd,Anytime TD,0.15735103994510216,0.5,195.0,,0.15735103994510216,over,Will Shipley TD,195.0,-0.18163201090235545,,0/4,DK,0.28285200083313805,,-0.5358144321619486,,,,,
2026,5,2026_05_PHI_JAX,PHI,JAX,Darius Cooper,,00-0040024,WR,atd,Anytime TD,0.19267973456497656,0.5,425.0,,0.19267973456497656,over,Darius Cooper TD,425.0,0.0022035440887860913,,2/4,DK,0.1657903189765935,low usage,0.011568606466126896,,,,,
2026,5,2026_05_PHI_JAX,PHI,JAX,Makai Lemon,,00-0040867,WR,atd,Anytime TD,0.1470866072393703,0.5,425.0,,0.1470866072393703,over,Makai Lemon TD,425.0,-0.043389583236820156,,0/4,DK,0.16573267752513038,,-0.22779531199330583,,,,,
2026,5,2026_05_SF_SEA,SEA,SF,Elijah Arroyo,,00-0040739,TE,atd,Anytime TD,0.11031416752903726,0.5,800.0,,0.11031416752903726,over,Elijah Arroyo TD,800.0,-0.0007969435820738419,,0/1,DK,0.08918456271397449,low usage,-0.007172492238664674,,,,,
2026,5,2026_05_SF_SEA,SEA,SF,Cooper Kupp,,00-0033908,WR,atd,Anytime TD,0.16739509619590065,0.5,320.0,,0.16739509619590065,over,Cooper Kupp TD,320.0,-0.07070014189933743,,1/4,DK,0.190714025073631,,-0.2969405959772172,,,,,
2026,5,2026_05_SF_SEA,SEA,SF,Sam Darnold,,00-0034869,QB,atd,Anytime TD,0.16639176960436486,0.5,750.0,,0.16639176960436486,over,Sam Darnold TD,750.0,0.04874471078083545,,0/3,DK,0.09846216112200767,low usage,0.4143300416371014,,,,,
2026,5,2026_05_SF_SEA,SEA,SF,Rashid Shaheed,,00-0037545,WR,atd,Anytime TD,0.20549675635912332,0.5,340.0,,0.20549675635912332,over,Rashid Shaheed TD,340.0,-0.021775970913603948,,1/4,DK,0.19188873801529202,,-0.09581427201985737,,,,,
2026,5,2026_05_SF_SEA,SEA,SF,Jaxon Smith-Njigba,,00-0038543,WR,atd,Anytime TD,0.3722629705704918,0.5,-110.0,,0.3722629705704918,over,Jaxon Smith-Njigba TD,-110.0,-0.15154655323903204,,3/4,DK,0.45048488549303095,,-0.2893161470926975,,,,,
2026,5,2026_05_SF_SEA,SEA,SF,Emanuel Wilson,,00-0038797,RB,atd,Anytime TD,0.4069764855258983,0.5,-130.0,,0.4069764855258983,over,Emanuel Wilson TD,-130.0,-0.15824090577844946,,1/4,DK,0.4702952936332002,,-0.2799646794541799,,,,,
2026,5,2026_05_SF_SEA,SEA,SF,George Holani,,00-0039299,RB,atd,Anytime TD,0.2016122737877253,0.5,265.0,,0.2016122737877253,over,George Holani TD,265.0,-0.0723603289520007,,0/4,DK,0.23879765170871028,,-0.26411520067480265,,,,,
2026,5,2026_05_SF_SEA,SEA,SF,AJ Barner,,00-0039793,TE,atd,Anytime TD,0.24098209196576548,0.5,265.0,,0.24098209196576548,over,AJ Barner TD,265.0,-0.032990510773960535,,1/4,DK,0.22484938490706338,,-0.12041536432495603,,,,,
2026,5,2026_05_SF_SEA,SEA,SF,Tory Horton,,00-0040648,WR,atd,Anytime TD,0.13102604013832506,0.5,550.0,,0.13102604013832506,over,Tory Horton TD,550.0,-0.0228201137078288,,1/2,DK,0.13022977022977025,low usage,-0.14833073910088712,,,,,
2026,5,2026_05_SF_SEA,SF,SEA,Brandin Cooks,,00-0031236,WR,atd,Anytime TD,0.10237606291962742,0.5,650.0,,0.10237606291962742,over,Brandin Cooks TD,650.0,-0.030957270413705912,,0/1,DK,0.10775862068965518,low usage,-0.2321795281027943,,,,,
2026,5,2026_05_SF_SEA,SF,SEA,Mike Evans,,00-0031408,WR,atd,Anytime TD,0.2761924114285983,0.5,195.0,,0.2761924114285983,over,Mike Evans TD,195.0,-0.06279063941885932,,2/4,DK,0.2838915405762279,,-0.185232386285635,,,,,
2026,5,2026_05_SF_SEA,SF,SEA,Christian McCaffrey,,00-0033280,RB,atd,Anytime TD,0.5176280061282348,0.5,-150.0,,0.5176280061282348,over,Christian McCaffrey TD,-150.0,-0.08237199387176519,,3/4,DK,0.5025818067551615,,-0.13728665645294214,,,,,
2026,5,2026_05_SF_SEA,SF,SEA,George Kittle,,00-0033288,TE,atd,Anytime TD,0.383935651087084,0.5,170.0,,0.383935651087084,over,George Kittle TD,170.0,0.013565280716713646,,3/4,DK,0.30876676316927887,,0.03662625793512686,,,,,
2026,5,2026_05_SF_SEA,SF,SEA,Deebo Samuel Sr.,,00-0035719,WR,atd,Anytime TD,0.29445071300349174,0.5,225.0,,0.29445071300349174,over,Deebo Samuel Sr. TD,225.0,-0.013241594688815972,,3/4,DK,0.26233604358604357,,-0.04303518273865181,,,,,
2026,5,2026_05_SF_SEA,SF,SEA,Luke Farrell,,00-0036887,TE,atd,Anytime TD,0.15505072002672787,0.5,1300.0,,0.15505072002672787,over,Luke Farrell TD,1300.0,0.08362214859815645,,0/4,DK,0.06358225108225109,low usage,1.17071008037419,,,,,
2026,5,2026_05_SF_SEA,SF,SEA,Brock Purdy,,00-0037834,QB,atd,Anytime TD,0.20659666743348984,0.5,550.0,,0.20659666743348984,over,Brock Purdy TD,550.0,0.052750513587335984,PLAY,1/4,DK,0.14125308094252195,,0.3428783383176839,,,,,
2026,5,2026_05_SF_SEA,SF,SEA,Brayden Willis,,00-0038643,TE,atd,Anytime TD,0.10227010958946195,0.5,1400.0,,0.10227010958946195,over,Brayden Willis TD,1400.0,0.035603442922795284,,0/3,DK,0.057539682539682536,low usage,0.5340516438419292,,,,,
2026,5,2026_05_SF_SEA,SF,SEA,Jacob Cowing,,00-0039365,WR,atd,Anytime TD,0.12471667657724703,0.5,650.0,,0.12471667657724703,over,Jacob Cowing TD,650.0,-0.008616656756086305,,0/4,DK,0.10338840996168581,low usage,-0.06462492567064726,,,,,
2026,5,2026_05_SF_SEA,SF,SEA,Kaelon Black,,00-0041052,RB,atd,Anytime TD,0.20038816342144683,0.5,650.0,,0.20038816342144683,over,Kaelon Black TD,650.0,0.0670548300881135,PLAY,0/4,DK,0.11883909235858262,,0.5029112256608512,,,,,
2026,5,2026_05_TB_DAL,DAL,TB,Emari Demercado,,00-0038705,RB,atd,Anytime TD,0.16285759082450335,0.5,1100.0,,0.16285759082450335,over,Emari Demercado TD,1100.0,0.07952425749117002,,0/2,DK,0.08327241715399611,low usage,0.9542910898940402,,,,,
2026,5,2026_05_TB_DAL,DAL,TB,Luke Schoonmaker,,00-0038547,TE,atd,Anytime TD,0.17849669052256267,0.5,1100.0,,0.17849669052256267,over,Luke Schoonmaker TD,1100.0,0.09516335718922934,,0/2,DK,0.06983294483294483,low usage,1.141960286270752,,,,,
2026,5,2026_05_TB_DAL,DAL,TB,Dak Prescott,,00-0033077,QB,atd,Anytime TD,0.18858801874122832,0.5,500.0,,0.18858801874122832,over,Dak Prescott TD,500.0,0.021921352074561667,,0/4,DK,0.1383431580477056,,0.13152811244736995,,,,,
2026,5,2026_05_TB_DAL,DAL,TB,CeeDee Lamb,,00-0036358,WR,atd,Anytime TD,0.5088525439242612,0.5,-110.0,,0.5088525439242612,over,CeeDee Lamb TD,-110.0,-0.014956979885262678,,3/4,DK,0.4428301270106603,,-0.028554234326410466,,,,,
2026,5,2026_05_TB_DAL,DAL,TB,Javonte Williams,,00-0036997,RB,atd,Anytime TD,0.5998770090253565,0.5,-230.0,,0.5998770090253565,over,Javonte Williams TD,-230.0,-0.09709268794434056,,3/4,DK,0.5801511920914906,,-0.13930690009405378,,,,,
2026,5,2026_05_TB_DAL,DAL,TB,Tyler Goodson,,00-0037120,RB,atd,Anytime TD,0.16273740392340227,0.5,600.0,,0.16273740392340227,over,Tyler Goodson TD,600.0,0.019880261066259425,,0/2,DK,0.11461345671871989,,0.139161827463816,,,,,
2026,5,2026_05_TB_DAL,DAL,TB,George Pickens,,00-0037247,WR,atd,Anytime TD,0.34686707319095417,0.5,120.0,,0.34686707319095417,over,George Pickens TD,120.0,-0.10767838135450036,,0/4,DK,0.37808241454176333,,-0.23689243897990075,,,,,
2026,5,2026_05_TB_DAL,DAL,TB,KaVontae Turpin,,00-0037801,WR,atd,Anytime TD,0.16210798374437918,0.5,800.0,,0.16210798374437918,over,KaVontae Turpin TD,800.0,0.050996872633268076,,1/4,DK,0.09884064737005914,low usage,0.4589718536994125,,,,,
2026,5,2026_05_TB_DAL,DAL,TB,Jake Ferguson,,00-0038041,TE,atd,Anytime TD,0.34584850512684373,0.5,235.0,,0.34584850512684373,over,Jake Ferguson TD,235.0,0.04734104244027659,LEAN,2/4,DK,0.2502860031393833,,0.15859249217492644,,,,,
2026,5,2026_05_TB_DAL,DAL,TB,Hunter Luepke,,00-0038738,RB,atd,Anytime TD,0.16303175650209017,0.5,950.0,,0.16303175650209017,over,Hunter Luepke TD,950.0,0.06779366126399494,,0/3,DK,0.08121389331915647,low usage,0.7118334432719469,,,,,
2026,5,2026_05_TB_DAL,DAL,TB,Jonathan Mingo,,00-0039062,WR,atd,Anytime TD,0.17033182834920896,0.5,2200.0,,0.17033182834920896,over,Jonathan Mingo TD,2200.0,0.12685356747964374,,0/2,DK,0.040145025328091694,low usage,2.917632052031806,,,,,
2026,5,2026_05_TB_DAL,DAL,TB,Ryan Flournoy,,00-0039410,WR,atd,Anytime TD,0.2739255527090975,0.5,290.0,,0.2739255527090975,over,Ryan Flournoy TD,290.0,0.017515296298841132,,0/4,DK,0.2139005797542383,,0.0683096555654803,,,,,
2026,5,2026_05_TB_DAL,DAL,TB,Brevyn Spann-Ford,,00-0039530,TE,atd,Anytime TD,0.23569175423856042,0.5,1100.0,,0.23569175423856042,over,Brevyn Spann-Ford TD,1100.0,0.1523584209052271,,0/4,DK,0.08730370936253289,low usage,1.8283010508627253,,,,,
2026,5,2026_05_TB_DAL,TB,DAL,Ko Kieft,,00-0037311,TE,atd,Anytime TD,0.10768219833968108,0.5,3000.0,,0.10768219833968108,over,Ko Kieft TD,3000.0,0.07542413382355205,,0/1,DK,0.027928210040279004,low usage,2.3381481485301134,,,,,
2026,5,2026_05_TB_DAL,TB,DAL,Payne Durham,,00-0039050,TE,atd,Anytime TD,0.131669201682716,0.5,3000.0,,0.131669201682716,over,Payne Durham TD,3000.0,0.09941113716658698,,0/1,DK,0.026484807469505916,low usage,3.081745252164196,,,,,
2026,5,2026_05_TB_DAL,TB,DAL,Chris Godwin Jr.,,00-0033921,WR,atd,Anytime TD,0.24214329626540407,0.5,500.0,,0.24214329626540407,over,Chris Godwin Jr. TD,500.0,0.07547662959873741,HAMMER,0/4,DK,0.14942463374666765,,0.45285977759242435,,,,,
2026,5,2026_05_TB_DAL,TB,DAL,Kenny Gainwell,,00-0036919,RB,atd,Anytime TD,0.13842217368975976,0.5,475.0,,0.13842217368975976,over,Kenny Gainwell TD,475.0,-0.035490869788501106,,1/4,DK,0.17086419855996238,,-0.20407250128388144,,,,,
2026,5,2026_05_TB_DAL,TB,DAL,Cade Otton,,00-0038129,TE,atd,Anytime TD,0.23225200270043375,0.5,550.0,,0.23225200270043375,over,Cade Otton TD,550.0,0.0784058488542799,HAMMER,0/4,DK,0.1435582320359838,,0.5096380175528195,,,,,
2026,5,2026_05_TB_DAL,TB,DAL,Sean Tucker,,00-0038951,RB,atd,Anytime TD,0.1663929910821633,0.5,360.0,,0.1663929910821633,over,Sean Tucker TD,360.0,-0.05099831326566279,,1/1,DK,0.1944329422590292,,-0.2345922410220489,,,,,
2026,5,2026_05_TB_DAL,TB,DAL,Bucky Irving,,00-0039361,RB,atd,Anytime TD,0.38678313040127815,0.5,195.0,,0.38678313040127815,over,Bucky Irving TD,195.0,0.04780007955382054,LEAN,1/4,DK,0.2964602867021641,,0.14101023468377072,,,,,
2026,5,2026_05_TB_DAL,TB,DAL,Kameron Johnson,,00-0039589,WR,atd,Anytime TD,0.10200890724676519,0.5,1900.0,,0.10200890724676519,over,Kameron Johnson TD,1900.0,0.052008907246765185,,0/4,DK,0.0496031746031746,low usage,1.0401781449353038,,,,,
2026,5,2026_05_TB_DAL,TB,DAL,Emeka Egbuka,,00-0040129,WR,atd,Anytime TD,0.2606879413195839,0.5,270.0,,0.2606879413195839,over,Emeka Egbuka TD,270.0,-0.009582328950686392,,1/4,DK,0.2314051706634827,,-0.0354546171175395,,,,,
2026,5,2026_05_TB_DAL,TB,DAL,Tez Johnson,,00-0040237,WR,atd,Anytime TD,0.13233180437534864,0.5,700.0,,0.13233180437534864,over,Tez Johnson TD,700.0,0.007331804375348638,,0/4,DK,0.11643404488232076,low usage,0.05865443500278911,,,,,
2026,5,2026_05_TB_DAL,TB,DAL,Ted Hurst III,,00-0041048,WR,atd,Anytime TD,0.175017242411584,0.5,475.0,,0.175017242411584,over,Ted Hurst III TD,475.0,0.0011041989333231417,,1/4,DK,0.16249305660758473,,0.00634914386660812,,,,,
2026,5,2026_05_TB_DAL,TB,DAL,Bauer Sharp,,00-0041094,TE,atd,Anytime TD,0.10200890724676519,0.5,3500.0,,0.10200890724676519,over,Bauer Sharp TD,3500.0,0.07423112946898741,,0/3,DK,0.02629504376276256,low usage,2.6723206608835466,,,,,
2026,5,2026_05_TB_DAL,TB,DAL,Jalon Daniels,,00-0041251,QB,atd,Anytime TD,0.2007359432605067,0.5,285.0,,0.2007359432605067,over,Jalon Daniels TD,285.0,-0.059004316479753016,,0/2,DK,0.2250264355527514,,-0.22716661844704922,,,,,
